
/home/luis/pico_projects/ADC-Pico-RP2040/build/main.elf:     file format elf32-littlearm

Sections:
Idx Name          Size      VMA       LMA       File off  Algn
  0 .boot2        00000100  10000000  10000000  00001000  2**0
                  CONTENTS, ALLOC, LOAD, READONLY, CODE
  1 .text         00007fa8  10000100  10000100  00001100  2**3
                  CONTENTS, ALLOC, LOAD, READONLY, CODE
  2 .rodata       00001664  100080a8  100080a8  000090a8  2**3
                  CONTENTS, ALLOC, LOAD, READONLY, DATA
  3 .binary_info  00000030  1000970c  1000970c  0000a70c  2**2
                  CONTENTS, ALLOC, LOAD, READONLY, DATA
  4 .ram_vector_table 000000c0  20000000  20000000  0000d000  2**2
                  ALLOC
  5 .uninitialized_data 00000000  200000c0  200000c0  0000c1f0  2**0
                  CONTENTS
  6 .data         00001130  200000c0  1000973c  0000b0c0  2**4
                  CONTENTS, ALLOC, LOAD, READONLY, CODE
  7 .tdata        00000000  200011f0  200011f0  0000c1f0  2**0
                  CONTENTS, ALLOC, LOAD, DATA, THREAD_LOCAL
  8 .tbss         00000000  200011f0  200011f0  00000000  2**0
                  ALLOC, THREAD_LOCAL
  9 .bss          000013c4  200011f0  1000a86c  0000c1f0  2**3
                  ALLOC
 10 .heap         00000800  200025b4  200025b4  0000c1f0  2**2
                  CONTENTS, READONLY
 11 .scratch_x    00000000  20040000  20040000  0000c9f0  2**0
                  CONTENTS
 12 .scratch_y    00000000  20041000  20041000  0000c9f0  2**0
                  CONTENTS
 13 .stack_dummy  00000800  20041000  20041000  0000ca00  2**5
                  CONTENTS, READONLY
 14 .ARM.attributes 00000028  00000000  00000000  0000d200  2**0
                  CONTENTS, READONLY
 15 .comment      00000026  00000000  00000000  0000d228  2**0
                  CONTENTS, READONLY
 16 .debug_info   00036d36  00000000  00000000  0000d24e  2**0
                  CONTENTS, READONLY, DEBUGGING, OCTETS
 17 .debug_abbrev 0000b5ca  00000000  00000000  00043f84  2**0
                  CONTENTS, READONLY, DEBUGGING, OCTETS
 18 .debug_loclists 000155f1  00000000  00000000  0004f54e  2**0
                  CONTENTS, READONLY, DEBUGGING, OCTETS
 19 .debug_aranges 00001bd8  00000000  00000000  00064b40  2**3
                  CONTENTS, READONLY, DEBUGGING, OCTETS
 20 .debug_rnglists 00001d9a  00000000  00000000  00066718  2**0
                  CONTENTS, READONLY, DEBUGGING, OCTETS
 21 .debug_line   0001e12d  00000000  00000000  000684b2  2**0
                  CONTENTS, READONLY, DEBUGGING, OCTETS
 22 .debug_str    0000a278  00000000  00000000  000865df  2**0
                  CONTENTS, READONLY, DEBUGGING, OCTETS
 23 .debug_frame  00003d30  00000000  00000000  00090858  2**2
                  CONTENTS, READONLY, DEBUGGING, OCTETS
 24 .debug_line_str 000002f7  00000000  00000000  00094588  2**0
                  CONTENTS, READONLY, DEBUGGING, OCTETS

/home/luis/pico_projects/ADC-Pico-RP2040/build/main.elf:     file format elf32-littlearm


Disassembly of section .boot2:

10000000 <__boot2_start__>:
10000000:	4b32b500 	.word	0x4b32b500
10000004:	60582021 	.word	0x60582021
10000008:	21026898 	.word	0x21026898
1000000c:	60984388 	.word	0x60984388
10000010:	611860d8 	.word	0x611860d8
10000014:	4b2e6158 	.word	0x4b2e6158
10000018:	60992100 	.word	0x60992100
1000001c:	61592102 	.word	0x61592102
10000020:	22f02101 	.word	0x22f02101
10000024:	492b5099 	.word	0x492b5099
10000028:	21016019 	.word	0x21016019
1000002c:	20356099 	.word	0x20356099
10000030:	f844f000 	.word	0xf844f000
10000034:	42902202 	.word	0x42902202
10000038:	2106d014 	.word	0x2106d014
1000003c:	f0006619 	.word	0xf0006619
10000040:	6e19f834 	.word	0x6e19f834
10000044:	66192101 	.word	0x66192101
10000048:	66182000 	.word	0x66182000
1000004c:	f000661a 	.word	0xf000661a
10000050:	6e19f82c 	.word	0x6e19f82c
10000054:	6e196e19 	.word	0x6e196e19
10000058:	f0002005 	.word	0xf0002005
1000005c:	2101f82f 	.word	0x2101f82f
10000060:	d1f94208 	.word	0xd1f94208
10000064:	60992100 	.word	0x60992100
10000068:	6019491b 	.word	0x6019491b
1000006c:	60592100 	.word	0x60592100
10000070:	481b491a 	.word	0x481b491a
10000074:	21016001 	.word	0x21016001
10000078:	21eb6099 	.word	0x21eb6099
1000007c:	21a06619 	.word	0x21a06619
10000080:	f0006619 	.word	0xf0006619
10000084:	2100f812 	.word	0x2100f812
10000088:	49166099 	.word	0x49166099
1000008c:	60014814 	.word	0x60014814
10000090:	60992101 	.word	0x60992101
10000094:	2800bc01 	.word	0x2800bc01
10000098:	4700d000 	.word	0x4700d000
1000009c:	49134812 	.word	0x49134812
100000a0:	c8036008 	.word	0xc8036008
100000a4:	8808f380 	.word	0x8808f380
100000a8:	b5034708 	.word	0xb5034708
100000ac:	20046a99 	.word	0x20046a99
100000b0:	d0fb4201 	.word	0xd0fb4201
100000b4:	42012001 	.word	0x42012001
100000b8:	bd03d1f8 	.word	0xbd03d1f8
100000bc:	6618b502 	.word	0x6618b502
100000c0:	f7ff6618 	.word	0xf7ff6618
100000c4:	6e18fff2 	.word	0x6e18fff2
100000c8:	bd026e18 	.word	0xbd026e18
100000cc:	40020000 	.word	0x40020000
100000d0:	18000000 	.word	0x18000000
100000d4:	00070000 	.word	0x00070000
100000d8:	005f0300 	.word	0x005f0300
100000dc:	00002221 	.word	0x00002221
100000e0:	180000f4 	.word	0x180000f4
100000e4:	a0002022 	.word	0xa0002022
100000e8:	10000100 	.word	0x10000100
100000ec:	e000ed08 	.word	0xe000ed08
	...
100000fc:	7a4eb274 	.word	0x7a4eb274

Disassembly of section .text:

10000100 <__VECTOR_TABLE>:
10000100:	20042000 	.word	0x20042000
10000104:	100001f7 	.word	0x100001f7
10000108:	100001c3 	.word	0x100001c3
1000010c:	100001c5 	.word	0x100001c5
10000110:	100001c1 	.word	0x100001c1
10000114:	100001c1 	.word	0x100001c1
10000118:	100001c1 	.word	0x100001c1
1000011c:	100001c1 	.word	0x100001c1
10000120:	100001c1 	.word	0x100001c1
10000124:	100001c1 	.word	0x100001c1
10000128:	100001c1 	.word	0x100001c1
1000012c:	100001c7 	.word	0x100001c7
10000130:	100001c1 	.word	0x100001c1
10000134:	100001c1 	.word	0x100001c1
10000138:	100001c9 	.word	0x100001c9
1000013c:	100001cb 	.word	0x100001cb
10000140:	100001cd 	.word	0x100001cd
10000144:	100001cd 	.word	0x100001cd
10000148:	100001cd 	.word	0x100001cd
1000014c:	100001cd 	.word	0x100001cd
10000150:	100001cd 	.word	0x100001cd
10000154:	100001cd 	.word	0x100001cd
10000158:	100001cd 	.word	0x100001cd
1000015c:	100001cd 	.word	0x100001cd
10000160:	100001cd 	.word	0x100001cd
10000164:	100001cd 	.word	0x100001cd
10000168:	100001cd 	.word	0x100001cd
1000016c:	100001cd 	.word	0x100001cd
10000170:	100001cd 	.word	0x100001cd
10000174:	100001cd 	.word	0x100001cd
10000178:	100001cd 	.word	0x100001cd
1000017c:	100001cd 	.word	0x100001cd
10000180:	100001cd 	.word	0x100001cd
10000184:	100001cd 	.word	0x100001cd
10000188:	100001cd 	.word	0x100001cd
1000018c:	100001cd 	.word	0x100001cd
10000190:	100001cd 	.word	0x100001cd
10000194:	100001cd 	.word	0x100001cd
10000198:	100001cd 	.word	0x100001cd
1000019c:	100001cd 	.word	0x100001cd
100001a0:	100001cd 	.word	0x100001cd
100001a4:	100001cd 	.word	0x100001cd
100001a8:	100001cd 	.word	0x100001cd
100001ac:	100001cd 	.word	0x100001cd
100001b0:	100001cd 	.word	0x100001cd
100001b4:	100001cd 	.word	0x100001cd
100001b8:	100001cd 	.word	0x100001cd
100001bc:	100001cd 	.word	0x100001cd

100001c0 <isr_invalid>:
100001c0:	be00      	bkpt	0x0000

100001c2 <isr_nmi>:
100001c2:	be00      	bkpt	0x0000

100001c4 <isr_hardfault>:
100001c4:	be00      	bkpt	0x0000

100001c6 <isr_svcall>:
100001c6:	be00      	bkpt	0x0000

100001c8 <isr_pendsv>:
100001c8:	be00      	bkpt	0x0000

100001ca <isr_systick>:
100001ca:	be00      	bkpt	0x0000

100001cc <__unhandled_user_irq>:
100001cc:	f3ef 8005 	mrs	r0, IPSR
100001d0:	3810      	subs	r0, #16

100001d2 <unhandled_user_irq_num_in_r0>:
100001d2:	be00      	bkpt	0x0000

100001d4 <binary_info_header>:
100001d4:	7188ebf2 	.word	0x7188ebf2
100001d8:	1000970c 	.word	0x1000970c
100001dc:	1000973c 	.word	0x1000973c
100001e0:	10000238 	.word	0x10000238
100001e4:	e71aa390 	.word	0xe71aa390

100001e8 <_entry_point>:
100001e8:	481e      	ldr	r0, [pc, #120]	@ (10000264 <data_cpy_table+0x2c>)

100001ea <_enter_vtable_in_r0>:
100001ea:	491f      	ldr	r1, [pc, #124]	@ (10000268 <data_cpy_table+0x30>)
100001ec:	6008      	str	r0, [r1, #0]
100001ee:	c806      	ldmia	r0!, {r1, r2}
100001f0:	f381 8808 	msr	MSP, r1
100001f4:	4710      	bx	r2

100001f6 <_reset_handler>:
100001f6:	481d      	ldr	r0, [pc, #116]	@ (1000026c <data_cpy_table+0x34>)
100001f8:	6800      	ldr	r0, [r0, #0]
100001fa:	2800      	cmp	r0, #0
100001fc:	d001      	beq.n	10000202 <hold_non_core0_in_bootrom+0x4>

100001fe <hold_non_core0_in_bootrom>:
100001fe:	4819      	ldr	r0, [pc, #100]	@ (10000264 <data_cpy_table+0x2c>)
10000200:	e7f3      	b.n	100001ea <_enter_vtable_in_r0>
10000202:	a40d      	add	r4, pc, #52	@ (adr r4, 10000238 <data_cpy_table>)
10000204:	cc0e      	ldmia	r4!, {r1, r2, r3}
10000206:	2900      	cmp	r1, #0
10000208:	d002      	beq.n	10000210 <hold_non_core0_in_bootrom+0x12>
1000020a:	f000 f812 	bl	10000232 <data_cpy>
1000020e:	e7f9      	b.n	10000204 <hold_non_core0_in_bootrom+0x6>
10000210:	4917      	ldr	r1, [pc, #92]	@ (10000270 <data_cpy_table+0x38>)
10000212:	4a18      	ldr	r2, [pc, #96]	@ (10000274 <data_cpy_table+0x3c>)
10000214:	2000      	movs	r0, #0
10000216:	e000      	b.n	1000021a <bss_fill_test>

10000218 <bss_fill_loop>:
10000218:	c101      	stmia	r1!, {r0}

1000021a <bss_fill_test>:
1000021a:	4291      	cmp	r1, r2
1000021c:	d1fc      	bne.n	10000218 <bss_fill_loop>

1000021e <platform_entry>:
1000021e:	4916      	ldr	r1, [pc, #88]	@ (10000278 <data_cpy_table+0x40>)
10000220:	4788      	blx	r1
10000222:	4916      	ldr	r1, [pc, #88]	@ (1000027c <data_cpy_table+0x44>)
10000224:	4788      	blx	r1
10000226:	4916      	ldr	r1, [pc, #88]	@ (10000280 <data_cpy_table+0x48>)
10000228:	4788      	blx	r1
1000022a:	be00      	bkpt	0x0000
1000022c:	e7fd      	b.n	1000022a <platform_entry+0xc>

1000022e <data_cpy_loop>:
1000022e:	c901      	ldmia	r1!, {r0}
10000230:	c201      	stmia	r2!, {r0}

10000232 <data_cpy>:
10000232:	429a      	cmp	r2, r3
10000234:	d3fb      	bcc.n	1000022e <data_cpy_loop>
10000236:	4770      	bx	lr

10000238 <data_cpy_table>:
10000238:	1000973c 	.word	0x1000973c
1000023c:	200000c0 	.word	0x200000c0
10000240:	200011f0 	.word	0x200011f0
10000244:	1000a86c 	.word	0x1000a86c
10000248:	20040000 	.word	0x20040000
1000024c:	20040000 	.word	0x20040000
10000250:	1000a86c 	.word	0x1000a86c
10000254:	20041000 	.word	0x20041000
10000258:	20041000 	.word	0x20041000
1000025c:	00000000 	.word	0x00000000
10000260:	4770      	bx	lr
10000262:	0000      	.short	0x0000
10000264:	00000000 	.word	0x00000000
10000268:	e000ed08 	.word	0xe000ed08
1000026c:	d0000000 	.word	0xd0000000
10000270:	200011f0 	.word	0x200011f0
10000274:	200025b4 	.word	0x200025b4
10000278:	1000403d 	.word	0x1000403d
1000027c:	1000064d 	.word	0x1000064d
10000280:	10003ffd 	.word	0x10003ffd

10000284 <_init>:
10000284:	b5f8      	push	{r3, r4, r5, r6, r7, lr}
10000286:	46c0      	nop			@ (mov r8, r8)

10000288 <deregister_tm_clones>:
10000288:	4804      	ldr	r0, [pc, #16]	@ (1000029c <deregister_tm_clones+0x14>)
1000028a:	4b05      	ldr	r3, [pc, #20]	@ (100002a0 <deregister_tm_clones+0x18>)
1000028c:	b510      	push	{r4, lr}
1000028e:	4283      	cmp	r3, r0
10000290:	d003      	beq.n	1000029a <deregister_tm_clones+0x12>
10000292:	4b04      	ldr	r3, [pc, #16]	@ (100002a4 <deregister_tm_clones+0x1c>)
10000294:	2b00      	cmp	r3, #0
10000296:	d000      	beq.n	1000029a <deregister_tm_clones+0x12>
10000298:	4798      	blx	r3
1000029a:	bd10      	pop	{r4, pc}
1000029c:	200011f0 	.word	0x200011f0
100002a0:	200011f0 	.word	0x200011f0
100002a4:	00000000 	.word	0x00000000

100002a8 <register_tm_clones>:
100002a8:	4806      	ldr	r0, [pc, #24]	@ (100002c4 <register_tm_clones+0x1c>)
100002aa:	4907      	ldr	r1, [pc, #28]	@ (100002c8 <register_tm_clones+0x20>)
100002ac:	1a09      	subs	r1, r1, r0
100002ae:	108b      	asrs	r3, r1, #2
100002b0:	0fc9      	lsrs	r1, r1, #31
100002b2:	18c9      	adds	r1, r1, r3
100002b4:	b510      	push	{r4, lr}
100002b6:	1049      	asrs	r1, r1, #1
100002b8:	d003      	beq.n	100002c2 <register_tm_clones+0x1a>
100002ba:	4b04      	ldr	r3, [pc, #16]	@ (100002cc <register_tm_clones+0x24>)
100002bc:	2b00      	cmp	r3, #0
100002be:	d000      	beq.n	100002c2 <register_tm_clones+0x1a>
100002c0:	4798      	blx	r3
100002c2:	bd10      	pop	{r4, pc}
100002c4:	200011f0 	.word	0x200011f0
100002c8:	200011f0 	.word	0x200011f0
100002cc:	00000000 	.word	0x00000000

100002d0 <__do_global_dtors_aux>:
100002d0:	b510      	push	{r4, lr}
100002d2:	4c07      	ldr	r4, [pc, #28]	@ (100002f0 <__do_global_dtors_aux+0x20>)
100002d4:	7823      	ldrb	r3, [r4, #0]
100002d6:	2b00      	cmp	r3, #0
100002d8:	d109      	bne.n	100002ee <__do_global_dtors_aux+0x1e>
100002da:	f7ff ffd5 	bl	10000288 <deregister_tm_clones>
100002de:	4b05      	ldr	r3, [pc, #20]	@ (100002f4 <__do_global_dtors_aux+0x24>)
100002e0:	2b00      	cmp	r3, #0
100002e2:	d002      	beq.n	100002ea <__do_global_dtors_aux+0x1a>
100002e4:	4804      	ldr	r0, [pc, #16]	@ (100002f8 <__do_global_dtors_aux+0x28>)
100002e6:	e000      	b.n	100002ea <__do_global_dtors_aux+0x1a>
100002e8:	bf00      	nop
100002ea:	2301      	movs	r3, #1
100002ec:	7023      	strb	r3, [r4, #0]
100002ee:	bd10      	pop	{r4, pc}
100002f0:	20001378 	.word	0x20001378
100002f4:	00000000 	.word	0x00000000
100002f8:	100080a8 	.word	0x100080a8

100002fc <frame_dummy>:
100002fc:	4b05      	ldr	r3, [pc, #20]	@ (10000314 <frame_dummy+0x18>)
100002fe:	b510      	push	{r4, lr}
10000300:	2b00      	cmp	r3, #0
10000302:	d003      	beq.n	1000030c <frame_dummy+0x10>
10000304:	4904      	ldr	r1, [pc, #16]	@ (10000318 <frame_dummy+0x1c>)
10000306:	4805      	ldr	r0, [pc, #20]	@ (1000031c <frame_dummy+0x20>)
10000308:	e000      	b.n	1000030c <frame_dummy+0x10>
1000030a:	bf00      	nop
1000030c:	f7ff ffcc 	bl	100002a8 <register_tm_clones>
10000310:	bd10      	pop	{r4, pc}
10000312:	46c0      	nop			@ (mov r8, r8)
10000314:	00000000 	.word	0x00000000
10000318:	2000137c 	.word	0x2000137c
1000031c:	100080a8 	.word	0x100080a8

10000320 <pwm_set_chan_level>:
10000320:	0083      	lsls	r3, r0, #2
10000322:	181b      	adds	r3, r3, r0
10000324:	009b      	lsls	r3, r3, #2
10000326:	480b      	ldr	r0, [pc, #44]	@ (10000354 <pwm_set_chan_level+0x34>)
10000328:	4684      	mov	ip, r0
1000032a:	4463      	add	r3, ip
1000032c:	2900      	cmp	r1, #0
1000032e:	d00d      	beq.n	1000034c <pwm_set_chan_level+0x2c>
10000330:	2010      	movs	r0, #16
10000332:	4082      	lsls	r2, r0
10000334:	2900      	cmp	r1, #0
10000336:	d00b      	beq.n	10000350 <pwm_set_chan_level+0x30>
10000338:	4907      	ldr	r1, [pc, #28]	@ (10000358 <pwm_set_chan_level+0x38>)
1000033a:	6818      	ldr	r0, [r3, #0]
1000033c:	4042      	eors	r2, r0
1000033e:	400a      	ands	r2, r1
10000340:	2180      	movs	r1, #128	@ 0x80
10000342:	0149      	lsls	r1, r1, #5
10000344:	468c      	mov	ip, r1
10000346:	4463      	add	r3, ip
10000348:	601a      	str	r2, [r3, #0]
1000034a:	4770      	bx	lr
1000034c:	0008      	movs	r0, r1
1000034e:	e7f0      	b.n	10000332 <pwm_set_chan_level+0x12>
10000350:	4902      	ldr	r1, [pc, #8]	@ (1000035c <pwm_set_chan_level+0x3c>)
10000352:	e7f2      	b.n	1000033a <pwm_set_chan_level+0x1a>
10000354:	4005000c 	.word	0x4005000c
10000358:	ffff0000 	.word	0xffff0000
1000035c:	0000ffff 	.word	0x0000ffff

10000360 <gpio_callback>:
10000360:	b510      	push	{r4, lr}
10000362:	2816      	cmp	r0, #22
10000364:	d002      	beq.n	1000036c <gpio_callback+0xc>
10000366:	2805      	cmp	r0, #5
10000368:	d022      	beq.n	100003b0 <gpio_callback+0x50>
1000036a:	bd10      	pop	{r4, pc}
1000036c:	481b      	ldr	r0, [pc, #108]	@ (100003dc <gpio_callback+0x7c>)
1000036e:	491c      	ldr	r1, [pc, #112]	@ (100003e0 <gpio_callback+0x80>)
10000370:	f000 f9b2 	bl	100006d8 <check_debounce>
10000374:	2800      	cmp	r0, #0
10000376:	d0f8      	beq.n	1000036a <gpio_callback+0xa>
10000378:	200b      	movs	r0, #11
1000037a:	f000 f9c6 	bl	1000070a <toggle_led>
1000037e:	200b      	movs	r0, #11
10000380:	f000 f9d2 	bl	10000728 <get_led_state>
10000384:	2800      	cmp	r0, #0
10000386:	d00f      	beq.n	100003a8 <gpio_callback+0x48>
10000388:	4916      	ldr	r1, [pc, #88]	@ (100003e4 <gpio_callback+0x84>)
1000038a:	4817      	ldr	r0, [pc, #92]	@ (100003e8 <gpio_callback+0x88>)
1000038c:	f003 ffaa 	bl	100042e4 <__wrap_printf>
10000390:	4916      	ldr	r1, [pc, #88]	@ (100003ec <gpio_callback+0x8c>)
10000392:	780a      	ldrb	r2, [r1, #0]
10000394:	3201      	adds	r2, #1
10000396:	2301      	movs	r3, #1
10000398:	4013      	ands	r3, r2
1000039a:	700b      	strb	r3, [r1, #0]
1000039c:	d106      	bne.n	100003ac <gpio_callback+0x4c>
1000039e:	4914      	ldr	r1, [pc, #80]	@ (100003f0 <gpio_callback+0x90>)
100003a0:	4814      	ldr	r0, [pc, #80]	@ (100003f4 <gpio_callback+0x94>)
100003a2:	f003 ff9f 	bl	100042e4 <__wrap_printf>
100003a6:	e7e0      	b.n	1000036a <gpio_callback+0xa>
100003a8:	4913      	ldr	r1, [pc, #76]	@ (100003f8 <gpio_callback+0x98>)
100003aa:	e7ee      	b.n	1000038a <gpio_callback+0x2a>
100003ac:	4913      	ldr	r1, [pc, #76]	@ (100003fc <gpio_callback+0x9c>)
100003ae:	e7f7      	b.n	100003a0 <gpio_callback+0x40>
100003b0:	4813      	ldr	r0, [pc, #76]	@ (10000400 <gpio_callback+0xa0>)
100003b2:	490b      	ldr	r1, [pc, #44]	@ (100003e0 <gpio_callback+0x80>)
100003b4:	f000 f990 	bl	100006d8 <check_debounce>
100003b8:	2800      	cmp	r0, #0
100003ba:	d0d6      	beq.n	1000036a <gpio_callback+0xa>
100003bc:	4a11      	ldr	r2, [pc, #68]	@ (10000404 <gpio_callback+0xa4>)
100003be:	7813      	ldrb	r3, [r2, #0]
100003c0:	2101      	movs	r1, #1
100003c2:	404b      	eors	r3, r1
100003c4:	b2db      	uxtb	r3, r3
100003c6:	7013      	strb	r3, [r2, #0]
100003c8:	2b00      	cmp	r3, #0
100003ca:	d004      	beq.n	100003d6 <gpio_callback+0x76>
100003cc:	4905      	ldr	r1, [pc, #20]	@ (100003e4 <gpio_callback+0x84>)
100003ce:	480e      	ldr	r0, [pc, #56]	@ (10000408 <gpio_callback+0xa8>)
100003d0:	f003 ff88 	bl	100042e4 <__wrap_printf>
100003d4:	e7c9      	b.n	1000036a <gpio_callback+0xa>
100003d6:	4908      	ldr	r1, [pc, #32]	@ (100003f8 <gpio_callback+0x98>)
100003d8:	e7f9      	b.n	100003ce <gpio_callback+0x6e>
100003da:	46c0      	nop			@ (mov r8, r8)
100003dc:	20002334 	.word	0x20002334
100003e0:	00030d40 	.word	0x00030d40
100003e4:	100080a8 	.word	0x100080a8
100003e8:	100080e0 	.word	0x100080e0
100003ec:	200025ad 	.word	0x200025ad
100003f0:	100080bc 	.word	0x100080bc
100003f4:	100080f0 	.word	0x100080f0
100003f8:	100080b0 	.word	0x100080b0
100003fc:	100080cc 	.word	0x100080cc
10000400:	20002330 	.word	0x20002330
10000404:	20000bc8 	.word	0x20000bc8
10000408:	10008114 	.word	0x10008114

1000040c <adc_gpio_init>:
1000040c:	b510      	push	{r4, lr}
1000040e:	0004      	movs	r4, r0
10000410:	211f      	movs	r1, #31
10000412:	f000 fb29 	bl	10000a68 <gpio_set_function>
10000416:	2200      	movs	r2, #0
10000418:	2100      	movs	r1, #0
1000041a:	0020      	movs	r0, r4
1000041c:	f000 fb3e 	bl	10000a9c <gpio_set_pulls>
10000420:	2100      	movs	r1, #0
10000422:	0020      	movs	r0, r4
10000424:	f000 fc3a 	bl	10000c9c <gpio_set_input_enabled>
10000428:	bd10      	pop	{r4, pc}
	...

1000042c <init_Display>:
1000042c:	b530      	push	{r4, r5, lr}
1000042e:	b083      	sub	sp, #12
10000430:	4d17      	ldr	r5, [pc, #92]	@ (10000490 <init_Display+0x64>)
10000432:	4918      	ldr	r1, [pc, #96]	@ (10000494 <init_Display+0x68>)
10000434:	0028      	movs	r0, r5
10000436:	f007 f837 	bl	100074a8 <i2c_init>
1000043a:	2103      	movs	r1, #3
1000043c:	200e      	movs	r0, #14
1000043e:	f000 fb13 	bl	10000a68 <gpio_set_function>
10000442:	2103      	movs	r1, #3
10000444:	200f      	movs	r0, #15
10000446:	f000 fb0f 	bl	10000a68 <gpio_set_function>
1000044a:	2200      	movs	r2, #0
1000044c:	2101      	movs	r1, #1
1000044e:	200e      	movs	r0, #14
10000450:	f000 fb24 	bl	10000a9c <gpio_set_pulls>
10000454:	2200      	movs	r2, #0
10000456:	2101      	movs	r1, #1
10000458:	200f      	movs	r0, #15
1000045a:	f000 fb1f 	bl	10000a9c <gpio_set_pulls>
1000045e:	4c0e      	ldr	r4, [pc, #56]	@ (10000498 <init_Display+0x6c>)
10000460:	9501      	str	r5, [sp, #4]
10000462:	233c      	movs	r3, #60	@ 0x3c
10000464:	9300      	str	r3, [sp, #0]
10000466:	2300      	movs	r3, #0
10000468:	2240      	movs	r2, #64	@ 0x40
1000046a:	2180      	movs	r1, #128	@ 0x80
1000046c:	0020      	movs	r0, r4
1000046e:	f000 f97f 	bl	10000770 <ssd1306_init>
10000472:	0020      	movs	r0, r4
10000474:	f000 f9a1 	bl	100007ba <ssd1306_config>
10000478:	0020      	movs	r0, r4
1000047a:	f000 fa04 	bl	10000886 <ssd1306_send_data>
1000047e:	2100      	movs	r1, #0
10000480:	0020      	movs	r0, r4
10000482:	f000 fa41 	bl	10000908 <ssd1306_fill>
10000486:	0020      	movs	r0, r4
10000488:	f000 f9fd 	bl	10000886 <ssd1306_send_data>
1000048c:	b003      	add	sp, #12
1000048e:	bd30      	pop	{r4, r5, pc}
10000490:	20000ca0 	.word	0x20000ca0
10000494:	00061a80 	.word	0x00061a80
10000498:	20002570 	.word	0x20002570

1000049c <init_adc_system>:
1000049c:	b510      	push	{r4, lr}
1000049e:	f006 feaf 	bl	10007200 <adc_init>
100004a2:	201a      	movs	r0, #26
100004a4:	f7ff ffb2 	bl	1000040c <adc_gpio_init>
100004a8:	201b      	movs	r0, #27
100004aa:	f7ff ffaf 	bl	1000040c <adc_gpio_init>
100004ae:	bd10      	pop	{r4, pc}

100004b0 <read_adc>:
100004b0:	b510      	push	{r4, lr}
100004b2:	0300      	lsls	r0, r0, #12
100004b4:	4b0b      	ldr	r3, [pc, #44]	@ (100004e4 <read_adc+0x34>)
100004b6:	681b      	ldr	r3, [r3, #0]
100004b8:	4058      	eors	r0, r3
100004ba:	23e0      	movs	r3, #224	@ 0xe0
100004bc:	01db      	lsls	r3, r3, #7
100004be:	4018      	ands	r0, r3
100004c0:	4b09      	ldr	r3, [pc, #36]	@ (100004e8 <read_adc+0x38>)
100004c2:	6018      	str	r0, [r3, #0]
100004c4:	2005      	movs	r0, #5
100004c6:	2100      	movs	r1, #0
100004c8:	f001 fbb2 	bl	10001c30 <sleep_us>
100004cc:	4b07      	ldr	r3, [pc, #28]	@ (100004ec <read_adc+0x3c>)
100004ce:	2204      	movs	r2, #4
100004d0:	601a      	str	r2, [r3, #0]
100004d2:	4b04      	ldr	r3, [pc, #16]	@ (100004e4 <read_adc+0x34>)
100004d4:	681b      	ldr	r3, [r3, #0]
100004d6:	05db      	lsls	r3, r3, #23
100004d8:	d5fb      	bpl.n	100004d2 <read_adc+0x22>
100004da:	4b02      	ldr	r3, [pc, #8]	@ (100004e4 <read_adc+0x34>)
100004dc:	6858      	ldr	r0, [r3, #4]
100004de:	b280      	uxth	r0, r0
100004e0:	bd10      	pop	{r4, pc}
100004e2:	46c0      	nop			@ (mov r8, r8)
100004e4:	4004c000 	.word	0x4004c000
100004e8:	4004d000 	.word	0x4004d000
100004ec:	4004e000 	.word	0x4004e000

100004f0 <update_leds>:
100004f0:	b570      	push	{r4, r5, r6, lr}
100004f2:	4b17      	ldr	r3, [pc, #92]	@ (10000550 <update_leds+0x60>)
100004f4:	469c      	mov	ip, r3
100004f6:	4460      	add	r0, ip
100004f8:	b200      	sxth	r0, r0
100004fa:	4461      	add	r1, ip
100004fc:	b20c      	sxth	r4, r1
100004fe:	17c3      	asrs	r3, r0, #31
10000500:	18c0      	adds	r0, r0, r3
10000502:	4058      	eors	r0, r3
10000504:	b280      	uxth	r0, r0
10000506:	288c      	cmp	r0, #140	@ 0x8c
10000508:	d91e      	bls.n	10000548 <update_leds+0x58>
1000050a:	388c      	subs	r0, #140	@ 0x8c
1000050c:	0203      	lsls	r3, r0, #8
1000050e:	1a18      	subs	r0, r3, r0
10000510:	4910      	ldr	r1, [pc, #64]	@ (10000554 <update_leds+0x64>)
10000512:	f002 f827 	bl	10002564 <__wrap___aeabi_idiv>
10000516:	0005      	movs	r5, r0
10000518:	17e2      	asrs	r2, r4, #31
1000051a:	18a3      	adds	r3, r4, r2
1000051c:	4053      	eors	r3, r2
1000051e:	b29b      	uxth	r3, r3
10000520:	2b64      	cmp	r3, #100	@ 0x64
10000522:	d913      	bls.n	1000054c <update_leds+0x5c>
10000524:	3b64      	subs	r3, #100	@ 0x64
10000526:	0218      	lsls	r0, r3, #8
10000528:	1ac0      	subs	r0, r0, r3
1000052a:	490b      	ldr	r1, [pc, #44]	@ (10000558 <update_leds+0x68>)
1000052c:	f002 f81a 	bl	10002564 <__wrap___aeabi_idiv>
10000530:	0004      	movs	r4, r0
10000532:	b2aa      	uxth	r2, r5
10000534:	2101      	movs	r1, #1
10000536:	2006      	movs	r0, #6
10000538:	f7ff fef2 	bl	10000320 <pwm_set_chan_level>
1000053c:	b2a2      	uxth	r2, r4
1000053e:	2100      	movs	r1, #0
10000540:	2006      	movs	r0, #6
10000542:	f7ff feed 	bl	10000320 <pwm_set_chan_level>
10000546:	bd70      	pop	{r4, r5, r6, pc}
10000548:	2500      	movs	r5, #0
1000054a:	e7e5      	b.n	10000518 <update_leds+0x28>
1000054c:	2400      	movs	r4, #0
1000054e:	e7f0      	b.n	10000532 <update_leds+0x42>
10000550:	fffff800 	.word	0xfffff800
10000554:	00000774 	.word	0x00000774
10000558:	0000079c 	.word	0x0000079c

1000055c <update_display>:
1000055c:	b5f0      	push	{r4, r5, r6, r7, lr}
1000055e:	b087      	sub	sp, #28
10000560:	000f      	movs	r7, r1
10000562:	4d35      	ldr	r5, [pc, #212]	@ (10000638 <update_display+0xdc>)
10000564:	1a28      	subs	r0, r5, r0
10000566:	00c4      	lsls	r4, r0, #3
10000568:	1a24      	subs	r4, r4, r0
1000056a:	00e4      	lsls	r4, r4, #3
1000056c:	0029      	movs	r1, r5
1000056e:	0020      	movs	r0, r4
10000570:	f001 fff8 	bl	10002564 <__wrap___aeabi_idiv>
10000574:	9005      	str	r0, [sp, #20]
10000576:	0138      	lsls	r0, r7, #4
10000578:	1bc0      	subs	r0, r0, r7
1000057a:	00c0      	lsls	r0, r0, #3
1000057c:	0007      	movs	r7, r0
1000057e:	0029      	movs	r1, r5
10000580:	f001 fff0 	bl	10002564 <__wrap___aeabi_idiv>
10000584:	0005      	movs	r5, r0
10000586:	4b2d      	ldr	r3, [pc, #180]	@ (1000063c <update_display+0xe0>)
10000588:	429c      	cmp	r4, r3
1000058a:	da01      	bge.n	10000590 <update_display+0x34>
1000058c:	2300      	movs	r3, #0
1000058e:	9305      	str	r3, [sp, #20]
10000590:	4b2a      	ldr	r3, [pc, #168]	@ (1000063c <update_display+0xe0>)
10000592:	429f      	cmp	r7, r3
10000594:	db04      	blt.n	100005a0 <update_display+0x44>
10000596:	4b2a      	ldr	r3, [pc, #168]	@ (10000640 <update_display+0xe4>)
10000598:	429f      	cmp	r7, r3
1000059a:	dd02      	ble.n	100005a2 <update_display+0x46>
1000059c:	2578      	movs	r5, #120	@ 0x78
1000059e:	e000      	b.n	100005a2 <update_display+0x46>
100005a0:	2500      	movs	r5, #0
100005a2:	4828      	ldr	r0, [pc, #160]	@ (10000644 <update_display+0xe8>)
100005a4:	2100      	movs	r1, #0
100005a6:	f000 f9af 	bl	10000908 <ssd1306_fill>
100005aa:	4b27      	ldr	r3, [pc, #156]	@ (10000648 <update_display+0xec>)
100005ac:	781b      	ldrb	r3, [r3, #0]
100005ae:	2b00      	cmp	r3, #0
100005b0:	d001      	beq.n	100005b6 <update_display+0x5a>
100005b2:	2700      	movs	r7, #0
100005b4:	e02a      	b.n	1000060c <update_display+0xb0>
100005b6:	4823      	ldr	r0, [pc, #140]	@ (10000644 <update_display+0xe8>)
100005b8:	9302      	str	r3, [sp, #8]
100005ba:	3301      	adds	r3, #1
100005bc:	9301      	str	r3, [sp, #4]
100005be:	333f      	adds	r3, #63	@ 0x3f
100005c0:	9300      	str	r3, [sp, #0]
100005c2:	3340      	adds	r3, #64	@ 0x40
100005c4:	2200      	movs	r2, #0
100005c6:	2100      	movs	r1, #0
100005c8:	f000 f9b6 	bl	10000938 <ssd1306_rect>
100005cc:	b2ea      	uxtb	r2, r5
100005ce:	466b      	mov	r3, sp
100005d0:	7d19      	ldrb	r1, [r3, #20]
100005d2:	4c1c      	ldr	r4, [pc, #112]	@ (10000644 <update_display+0xe8>)
100005d4:	2301      	movs	r3, #1
100005d6:	9302      	str	r3, [sp, #8]
100005d8:	9301      	str	r3, [sp, #4]
100005da:	3307      	adds	r3, #7
100005dc:	9300      	str	r3, [sp, #0]
100005de:	0020      	movs	r0, r4
100005e0:	f000 f9aa 	bl	10000938 <ssd1306_rect>
100005e4:	0020      	movs	r0, r4
100005e6:	f000 f94e 	bl	10000886 <ssd1306_send_data>
100005ea:	b007      	add	sp, #28
100005ec:	bdf0      	pop	{r4, r5, r6, r7, pc}
100005ee:	b2fe      	uxtb	r6, r7
100005f0:	4c14      	ldr	r4, [pc, #80]	@ (10000644 <update_display+0xe8>)
100005f2:	2301      	movs	r3, #1
100005f4:	2200      	movs	r2, #0
100005f6:	0031      	movs	r1, r6
100005f8:	0020      	movs	r0, r4
100005fa:	f000 f96c 	bl	100008d6 <ssd1306_pixel>
100005fe:	2301      	movs	r3, #1
10000600:	223f      	movs	r2, #63	@ 0x3f
10000602:	0031      	movs	r1, r6
10000604:	0020      	movs	r0, r4
10000606:	f000 f966 	bl	100008d6 <ssd1306_pixel>
1000060a:	3704      	adds	r7, #4
1000060c:	2f7f      	cmp	r7, #127	@ 0x7f
1000060e:	ddee      	ble.n	100005ee <update_display+0x92>
10000610:	2700      	movs	r7, #0
10000612:	2f3f      	cmp	r7, #63	@ 0x3f
10000614:	dcda      	bgt.n	100005cc <update_display+0x70>
10000616:	b2fe      	uxtb	r6, r7
10000618:	4c0a      	ldr	r4, [pc, #40]	@ (10000644 <update_display+0xe8>)
1000061a:	2301      	movs	r3, #1
1000061c:	0032      	movs	r2, r6
1000061e:	2100      	movs	r1, #0
10000620:	0020      	movs	r0, r4
10000622:	f000 f958 	bl	100008d6 <ssd1306_pixel>
10000626:	2301      	movs	r3, #1
10000628:	0032      	movs	r2, r6
1000062a:	217f      	movs	r1, #127	@ 0x7f
1000062c:	0020      	movs	r0, r4
1000062e:	f000 f952 	bl	100008d6 <ssd1306_pixel>
10000632:	3704      	adds	r7, #4
10000634:	e7ed      	b.n	10000612 <update_display+0xb6>
10000636:	46c0      	nop			@ (mov r8, r8)
10000638:	00000fff 	.word	0x00000fff
1000063c:	fffff002 	.word	0xfffff002
10000640:	00078f86 	.word	0x00078f86
10000644:	20002570 	.word	0x20002570
10000648:	200025ad 	.word	0x200025ad

1000064c <main>:
1000064c:	b570      	push	{r4, r5, r6, lr}
1000064e:	f000 f851 	bl	100006f4 <Led_init>
10000652:	200d      	movs	r0, #13
10000654:	f000 f9e0 	bl	10000a18 <init_pwm_led>
10000658:	200c      	movs	r0, #12
1000065a:	f000 f9dd 	bl	10000a18 <init_pwm_led>
1000065e:	f003 fe0b 	bl	10004278 <stdio_init_all>
10000662:	f000 f86c 	bl	1000073e <init_buttons>
10000666:	f7ff fee1 	bl	1000042c <init_Display>
1000066a:	f7ff ff17 	bl	1000049c <init_adc_system>
1000066e:	4c18      	ldr	r4, [pc, #96]	@ (100006d0 <main+0x84>)
10000670:	0023      	movs	r3, r4
10000672:	2201      	movs	r2, #1
10000674:	2104      	movs	r1, #4
10000676:	2005      	movs	r0, #5
10000678:	f000 faac 	bl	10000bd4 <gpio_set_irq_enabled_with_callback>
1000067c:	0023      	movs	r3, r4
1000067e:	2201      	movs	r2, #1
10000680:	2104      	movs	r1, #4
10000682:	2016      	movs	r0, #22
10000684:	f000 faa6 	bl	10000bd4 <gpio_set_irq_enabled_with_callback>
10000688:	e00a      	b.n	100006a0 <main+0x54>
1000068a:	0001      	movs	r1, r0
1000068c:	0020      	movs	r0, r4
1000068e:	f7ff ff2f 	bl	100004f0 <update_leds>
10000692:	0029      	movs	r1, r5
10000694:	0020      	movs	r0, r4
10000696:	f7ff ff61 	bl	1000055c <update_display>
1000069a:	2019      	movs	r0, #25
1000069c:	f001 fada 	bl	10001c54 <sleep_ms>
100006a0:	2000      	movs	r0, #0
100006a2:	f7ff ff05 	bl	100004b0 <read_adc>
100006a6:	0004      	movs	r4, r0
100006a8:	2001      	movs	r0, #1
100006aa:	f7ff ff01 	bl	100004b0 <read_adc>
100006ae:	0005      	movs	r5, r0
100006b0:	4b08      	ldr	r3, [pc, #32]	@ (100006d4 <main+0x88>)
100006b2:	781b      	ldrb	r3, [r3, #0]
100006b4:	2b00      	cmp	r3, #0
100006b6:	d1e8      	bne.n	1000068a <main+0x3e>
100006b8:	2200      	movs	r2, #0
100006ba:	2101      	movs	r1, #1
100006bc:	2006      	movs	r0, #6
100006be:	f7ff fe2f 	bl	10000320 <pwm_set_chan_level>
100006c2:	2200      	movs	r2, #0
100006c4:	2100      	movs	r1, #0
100006c6:	2006      	movs	r0, #6
100006c8:	f7ff fe2a 	bl	10000320 <pwm_set_chan_level>
100006cc:	e7e1      	b.n	10000692 <main+0x46>
100006ce:	46c0      	nop			@ (mov r8, r8)
100006d0:	10000361 	.word	0x10000361
100006d4:	20000bc8 	.word	0x20000bc8

100006d8 <check_debounce>:
100006d8:	4b05      	ldr	r3, [pc, #20]	@ (100006f0 <check_debounce+0x18>)
100006da:	6a9a      	ldr	r2, [r3, #40]	@ 0x28
100006dc:	6803      	ldr	r3, [r0, #0]
100006de:	1ad3      	subs	r3, r2, r3
100006e0:	428b      	cmp	r3, r1
100006e2:	d801      	bhi.n	100006e8 <check_debounce+0x10>
100006e4:	2000      	movs	r0, #0
100006e6:	4770      	bx	lr
100006e8:	6002      	str	r2, [r0, #0]
100006ea:	2001      	movs	r0, #1
100006ec:	e7fb      	b.n	100006e6 <check_debounce+0xe>
100006ee:	46c0      	nop			@ (mov r8, r8)
100006f0:	40054000 	.word	0x40054000

100006f4 <Led_init>:
100006f4:	b510      	push	{r4, lr}
100006f6:	200b      	movs	r0, #11
100006f8:	f000 fae4 	bl	10000cc4 <gpio_init>
100006fc:	23d0      	movs	r3, #208	@ 0xd0
100006fe:	061b      	lsls	r3, r3, #24
10000700:	2280      	movs	r2, #128	@ 0x80
10000702:	0112      	lsls	r2, r2, #4
10000704:	625a      	str	r2, [r3, #36]	@ 0x24
10000706:	619a      	str	r2, [r3, #24]
10000708:	bd10      	pop	{r4, pc}

1000070a <toggle_led>:
1000070a:	23d0      	movs	r3, #208	@ 0xd0
1000070c:	061b      	lsls	r3, r3, #24
1000070e:	685a      	ldr	r2, [r3, #4]
10000710:	2301      	movs	r3, #1
10000712:	4083      	lsls	r3, r0
10000714:	4213      	tst	r3, r2
10000716:	d103      	bne.n	10000720 <toggle_led+0x16>
10000718:	22d0      	movs	r2, #208	@ 0xd0
1000071a:	0612      	lsls	r2, r2, #24
1000071c:	6153      	str	r3, [r2, #20]
1000071e:	4770      	bx	lr
10000720:	22d0      	movs	r2, #208	@ 0xd0
10000722:	0612      	lsls	r2, r2, #24
10000724:	6193      	str	r3, [r2, #24]
10000726:	e7fa      	b.n	1000071e <toggle_led+0x14>

10000728 <get_led_state>:
10000728:	23d0      	movs	r3, #208	@ 0xd0
1000072a:	061b      	lsls	r3, r3, #24
1000072c:	685a      	ldr	r2, [r3, #4]
1000072e:	2301      	movs	r3, #1
10000730:	4083      	lsls	r3, r0
10000732:	0018      	movs	r0, r3
10000734:	4010      	ands	r0, r2
10000736:	1e43      	subs	r3, r0, #1
10000738:	4198      	sbcs	r0, r3
1000073a:	b2c0      	uxtb	r0, r0
1000073c:	4770      	bx	lr

1000073e <init_buttons>:
1000073e:	b510      	push	{r4, lr}
10000740:	2005      	movs	r0, #5
10000742:	f000 fabf 	bl	10000cc4 <gpio_init>
10000746:	24d0      	movs	r4, #208	@ 0xd0
10000748:	0624      	lsls	r4, r4, #24
1000074a:	2320      	movs	r3, #32
1000074c:	62a3      	str	r3, [r4, #40]	@ 0x28
1000074e:	2200      	movs	r2, #0
10000750:	2101      	movs	r1, #1
10000752:	2005      	movs	r0, #5
10000754:	f000 f9a2 	bl	10000a9c <gpio_set_pulls>
10000758:	2016      	movs	r0, #22
1000075a:	f000 fab3 	bl	10000cc4 <gpio_init>
1000075e:	2380      	movs	r3, #128	@ 0x80
10000760:	03db      	lsls	r3, r3, #15
10000762:	62a3      	str	r3, [r4, #40]	@ 0x28
10000764:	2200      	movs	r2, #0
10000766:	2101      	movs	r1, #1
10000768:	2016      	movs	r0, #22
1000076a:	f000 f997 	bl	10000a9c <gpio_set_pulls>
1000076e:	bd10      	pop	{r4, pc}

10000770 <ssd1306_init>:
10000770:	b510      	push	{r4, lr}
10000772:	0004      	movs	r4, r0
10000774:	ab02      	add	r3, sp, #8
10000776:	781b      	ldrb	r3, [r3, #0]
10000778:	7001      	strb	r1, [r0, #0]
1000077a:	7042      	strb	r2, [r0, #1]
1000077c:	08d2      	lsrs	r2, r2, #3
1000077e:	7082      	strb	r2, [r0, #2]
10000780:	70c3      	strb	r3, [r0, #3]
10000782:	9b03      	ldr	r3, [sp, #12]
10000784:	6043      	str	r3, [r0, #4]
10000786:	4351      	muls	r1, r2
10000788:	1c48      	adds	r0, r1, #1
1000078a:	6120      	str	r0, [r4, #16]
1000078c:	2101      	movs	r1, #1
1000078e:	f002 fb1b 	bl	10002dc8 <__wrap_calloc>
10000792:	60e0      	str	r0, [r4, #12]
10000794:	2340      	movs	r3, #64	@ 0x40
10000796:	7003      	strb	r3, [r0, #0]
10000798:	3340      	adds	r3, #64	@ 0x40
1000079a:	7523      	strb	r3, [r4, #20]
1000079c:	bd10      	pop	{r4, pc}

1000079e <ssd1306_command>:
1000079e:	b500      	push	{lr}
100007a0:	b083      	sub	sp, #12
100007a2:	7541      	strb	r1, [r0, #21]
100007a4:	0002      	movs	r2, r0
100007a6:	3214      	adds	r2, #20
100007a8:	78c1      	ldrb	r1, [r0, #3]
100007aa:	6840      	ldr	r0, [r0, #4]
100007ac:	2300      	movs	r3, #0
100007ae:	9300      	str	r3, [sp, #0]
100007b0:	3302      	adds	r3, #2
100007b2:	f006 fea3 	bl	100074fc <i2c_write_blocking>
100007b6:	b003      	add	sp, #12
100007b8:	bd00      	pop	{pc}

100007ba <ssd1306_config>:
100007ba:	b510      	push	{r4, lr}
100007bc:	0004      	movs	r4, r0
100007be:	21ae      	movs	r1, #174	@ 0xae
100007c0:	f7ff ffed 	bl	1000079e <ssd1306_command>
100007c4:	2120      	movs	r1, #32
100007c6:	0020      	movs	r0, r4
100007c8:	f7ff ffe9 	bl	1000079e <ssd1306_command>
100007cc:	2101      	movs	r1, #1
100007ce:	0020      	movs	r0, r4
100007d0:	f7ff ffe5 	bl	1000079e <ssd1306_command>
100007d4:	2140      	movs	r1, #64	@ 0x40
100007d6:	0020      	movs	r0, r4
100007d8:	f7ff ffe1 	bl	1000079e <ssd1306_command>
100007dc:	21a1      	movs	r1, #161	@ 0xa1
100007de:	0020      	movs	r0, r4
100007e0:	f7ff ffdd 	bl	1000079e <ssd1306_command>
100007e4:	21a8      	movs	r1, #168	@ 0xa8
100007e6:	0020      	movs	r0, r4
100007e8:	f7ff ffd9 	bl	1000079e <ssd1306_command>
100007ec:	213f      	movs	r1, #63	@ 0x3f
100007ee:	0020      	movs	r0, r4
100007f0:	f7ff ffd5 	bl	1000079e <ssd1306_command>
100007f4:	21c8      	movs	r1, #200	@ 0xc8
100007f6:	0020      	movs	r0, r4
100007f8:	f7ff ffd1 	bl	1000079e <ssd1306_command>
100007fc:	21d3      	movs	r1, #211	@ 0xd3
100007fe:	0020      	movs	r0, r4
10000800:	f7ff ffcd 	bl	1000079e <ssd1306_command>
10000804:	2100      	movs	r1, #0
10000806:	0020      	movs	r0, r4
10000808:	f7ff ffc9 	bl	1000079e <ssd1306_command>
1000080c:	21da      	movs	r1, #218	@ 0xda
1000080e:	0020      	movs	r0, r4
10000810:	f7ff ffc5 	bl	1000079e <ssd1306_command>
10000814:	2112      	movs	r1, #18
10000816:	0020      	movs	r0, r4
10000818:	f7ff ffc1 	bl	1000079e <ssd1306_command>
1000081c:	21d5      	movs	r1, #213	@ 0xd5
1000081e:	0020      	movs	r0, r4
10000820:	f7ff ffbd 	bl	1000079e <ssd1306_command>
10000824:	2180      	movs	r1, #128	@ 0x80
10000826:	0020      	movs	r0, r4
10000828:	f7ff ffb9 	bl	1000079e <ssd1306_command>
1000082c:	21d9      	movs	r1, #217	@ 0xd9
1000082e:	0020      	movs	r0, r4
10000830:	f7ff ffb5 	bl	1000079e <ssd1306_command>
10000834:	21f1      	movs	r1, #241	@ 0xf1
10000836:	0020      	movs	r0, r4
10000838:	f7ff ffb1 	bl	1000079e <ssd1306_command>
1000083c:	21db      	movs	r1, #219	@ 0xdb
1000083e:	0020      	movs	r0, r4
10000840:	f7ff ffad 	bl	1000079e <ssd1306_command>
10000844:	2130      	movs	r1, #48	@ 0x30
10000846:	0020      	movs	r0, r4
10000848:	f7ff ffa9 	bl	1000079e <ssd1306_command>
1000084c:	2181      	movs	r1, #129	@ 0x81
1000084e:	0020      	movs	r0, r4
10000850:	f7ff ffa5 	bl	1000079e <ssd1306_command>
10000854:	21ff      	movs	r1, #255	@ 0xff
10000856:	0020      	movs	r0, r4
10000858:	f7ff ffa1 	bl	1000079e <ssd1306_command>
1000085c:	21a4      	movs	r1, #164	@ 0xa4
1000085e:	0020      	movs	r0, r4
10000860:	f7ff ff9d 	bl	1000079e <ssd1306_command>
10000864:	21a6      	movs	r1, #166	@ 0xa6
10000866:	0020      	movs	r0, r4
10000868:	f7ff ff99 	bl	1000079e <ssd1306_command>
1000086c:	218d      	movs	r1, #141	@ 0x8d
1000086e:	0020      	movs	r0, r4
10000870:	f7ff ff95 	bl	1000079e <ssd1306_command>
10000874:	2114      	movs	r1, #20
10000876:	0020      	movs	r0, r4
10000878:	f7ff ff91 	bl	1000079e <ssd1306_command>
1000087c:	21af      	movs	r1, #175	@ 0xaf
1000087e:	0020      	movs	r0, r4
10000880:	f7ff ff8d 	bl	1000079e <ssd1306_command>
10000884:	bd10      	pop	{r4, pc}

10000886 <ssd1306_send_data>:
10000886:	b510      	push	{r4, lr}
10000888:	b082      	sub	sp, #8
1000088a:	0004      	movs	r4, r0
1000088c:	2121      	movs	r1, #33	@ 0x21
1000088e:	f7ff ff86 	bl	1000079e <ssd1306_command>
10000892:	2100      	movs	r1, #0
10000894:	0020      	movs	r0, r4
10000896:	f7ff ff82 	bl	1000079e <ssd1306_command>
1000089a:	7821      	ldrb	r1, [r4, #0]
1000089c:	3901      	subs	r1, #1
1000089e:	b2c9      	uxtb	r1, r1
100008a0:	0020      	movs	r0, r4
100008a2:	f7ff ff7c 	bl	1000079e <ssd1306_command>
100008a6:	2122      	movs	r1, #34	@ 0x22
100008a8:	0020      	movs	r0, r4
100008aa:	f7ff ff78 	bl	1000079e <ssd1306_command>
100008ae:	2100      	movs	r1, #0
100008b0:	0020      	movs	r0, r4
100008b2:	f7ff ff74 	bl	1000079e <ssd1306_command>
100008b6:	78a1      	ldrb	r1, [r4, #2]
100008b8:	3901      	subs	r1, #1
100008ba:	b2c9      	uxtb	r1, r1
100008bc:	0020      	movs	r0, r4
100008be:	f7ff ff6e 	bl	1000079e <ssd1306_command>
100008c2:	68e2      	ldr	r2, [r4, #12]
100008c4:	6923      	ldr	r3, [r4, #16]
100008c6:	78e1      	ldrb	r1, [r4, #3]
100008c8:	6860      	ldr	r0, [r4, #4]
100008ca:	2400      	movs	r4, #0
100008cc:	9400      	str	r4, [sp, #0]
100008ce:	f006 fe15 	bl	100074fc <i2c_write_blocking>
100008d2:	b002      	add	sp, #8
100008d4:	bd10      	pop	{r4, pc}

100008d6 <ssd1306_pixel>:
100008d6:	b510      	push	{r4, lr}
100008d8:	00c9      	lsls	r1, r1, #3
100008da:	08d4      	lsrs	r4, r2, #3
100008dc:	1909      	adds	r1, r1, r4
100008de:	3101      	adds	r1, #1
100008e0:	2407      	movs	r4, #7
100008e2:	4022      	ands	r2, r4
100008e4:	2b00      	cmp	r3, #0
100008e6:	d006      	beq.n	100008f6 <ssd1306_pixel+0x20>
100008e8:	68c4      	ldr	r4, [r0, #12]
100008ea:	5c63      	ldrb	r3, [r4, r1]
100008ec:	2001      	movs	r0, #1
100008ee:	4090      	lsls	r0, r2
100008f0:	4303      	orrs	r3, r0
100008f2:	5463      	strb	r3, [r4, r1]
100008f4:	bd10      	pop	{r4, pc}
100008f6:	68c0      	ldr	r0, [r0, #12]
100008f8:	5c44      	ldrb	r4, [r0, r1]
100008fa:	2301      	movs	r3, #1
100008fc:	4093      	lsls	r3, r2
100008fe:	43db      	mvns	r3, r3
10000900:	b25b      	sxtb	r3, r3
10000902:	4023      	ands	r3, r4
10000904:	5443      	strb	r3, [r0, r1]
10000906:	e7f5      	b.n	100008f4 <ssd1306_pixel+0x1e>

10000908 <ssd1306_fill>:
10000908:	b5f8      	push	{r3, r4, r5, r6, r7, lr}
1000090a:	0005      	movs	r5, r0
1000090c:	000f      	movs	r7, r1
1000090e:	2600      	movs	r6, #0
10000910:	e00c      	b.n	1000092c <ssd1306_fill+0x24>
10000912:	003b      	movs	r3, r7
10000914:	0032      	movs	r2, r6
10000916:	0021      	movs	r1, r4
10000918:	0028      	movs	r0, r5
1000091a:	f7ff ffdc 	bl	100008d6 <ssd1306_pixel>
1000091e:	3401      	adds	r4, #1
10000920:	b2e4      	uxtb	r4, r4
10000922:	7828      	ldrb	r0, [r5, #0]
10000924:	42a0      	cmp	r0, r4
10000926:	d8f4      	bhi.n	10000912 <ssd1306_fill+0xa>
10000928:	3601      	adds	r6, #1
1000092a:	b2f6      	uxtb	r6, r6
1000092c:	786b      	ldrb	r3, [r5, #1]
1000092e:	42b3      	cmp	r3, r6
10000930:	d901      	bls.n	10000936 <ssd1306_fill+0x2e>
10000932:	2400      	movs	r4, #0
10000934:	e7f5      	b.n	10000922 <ssd1306_fill+0x1a>
10000936:	bdf8      	pop	{r3, r4, r5, r6, r7, pc}

10000938 <ssd1306_rect>:
10000938:	b5f0      	push	{r4, r5, r6, r7, lr}
1000093a:	46de      	mov	lr, fp
1000093c:	4657      	mov	r7, sl
1000093e:	464e      	mov	r6, r9
10000940:	4645      	mov	r5, r8
10000942:	b5e0      	push	{r5, r6, r7, lr}
10000944:	b083      	sub	sp, #12
10000946:	0006      	movs	r6, r0
10000948:	4699      	mov	r9, r3
1000094a:	ab0c      	add	r3, sp, #48	@ 0x30
1000094c:	781b      	ldrb	r3, [r3, #0]
1000094e:	469a      	mov	sl, r3
10000950:	ab0d      	add	r3, sp, #52	@ 0x34
10000952:	781f      	ldrb	r7, [r3, #0]
10000954:	ab0e      	add	r3, sp, #56	@ 0x38
10000956:	781b      	ldrb	r3, [r3, #0]
10000958:	9301      	str	r3, [sp, #4]
1000095a:	0014      	movs	r4, r2
1000095c:	000d      	movs	r5, r1
1000095e:	4690      	mov	r8, r2
10000960:	e011      	b.n	10000986 <ssd1306_rect+0x4e>
10000962:	003b      	movs	r3, r7
10000964:	002a      	movs	r2, r5
10000966:	0021      	movs	r1, r4
10000968:	0030      	movs	r0, r6
1000096a:	f7ff ffb4 	bl	100008d6 <ssd1306_pixel>
1000096e:	4653      	mov	r3, sl
10000970:	18ea      	adds	r2, r5, r3
10000972:	b2d2      	uxtb	r2, r2
10000974:	3a01      	subs	r2, #1
10000976:	b2d2      	uxtb	r2, r2
10000978:	003b      	movs	r3, r7
1000097a:	0021      	movs	r1, r4
1000097c:	0030      	movs	r0, r6
1000097e:	f7ff ffaa 	bl	100008d6 <ssd1306_pixel>
10000982:	3401      	adds	r4, #1
10000984:	b2e4      	uxtb	r4, r4
10000986:	4642      	mov	r2, r8
10000988:	444a      	add	r2, r9
1000098a:	4294      	cmp	r4, r2
1000098c:	dbe9      	blt.n	10000962 <ssd1306_rect+0x2a>
1000098e:	4643      	mov	r3, r8
10000990:	46a8      	mov	r8, r5
10000992:	001d      	movs	r5, r3
10000994:	4644      	mov	r4, r8
10000996:	4693      	mov	fp, r2
10000998:	e011      	b.n	100009be <ssd1306_rect+0x86>
1000099a:	003b      	movs	r3, r7
1000099c:	0022      	movs	r2, r4
1000099e:	0029      	movs	r1, r5
100009a0:	0030      	movs	r0, r6
100009a2:	f7ff ff98 	bl	100008d6 <ssd1306_pixel>
100009a6:	464b      	mov	r3, r9
100009a8:	18e9      	adds	r1, r5, r3
100009aa:	b2c9      	uxtb	r1, r1
100009ac:	3901      	subs	r1, #1
100009ae:	b2c9      	uxtb	r1, r1
100009b0:	003b      	movs	r3, r7
100009b2:	0022      	movs	r2, r4
100009b4:	0030      	movs	r0, r6
100009b6:	f7ff ff8e 	bl	100008d6 <ssd1306_pixel>
100009ba:	3401      	adds	r4, #1
100009bc:	b2e4      	uxtb	r4, r4
100009be:	4643      	mov	r3, r8
100009c0:	4453      	add	r3, sl
100009c2:	429c      	cmp	r4, r3
100009c4:	dbe9      	blt.n	1000099a <ssd1306_rect+0x62>
100009c6:	465a      	mov	r2, fp
100009c8:	469b      	mov	fp, r3
100009ca:	9b01      	ldr	r3, [sp, #4]
100009cc:	2b00      	cmp	r3, #0
100009ce:	d01b      	beq.n	10000a08 <ssd1306_rect+0xd0>
100009d0:	3501      	adds	r5, #1
100009d2:	b2ed      	uxtb	r5, r5
100009d4:	4692      	mov	sl, r2
100009d6:	46b9      	mov	r9, r7
100009d8:	0037      	movs	r7, r6
100009da:	465e      	mov	r6, fp
100009dc:	e00c      	b.n	100009f8 <ssd1306_rect+0xc0>
100009de:	464b      	mov	r3, r9
100009e0:	0022      	movs	r2, r4
100009e2:	0029      	movs	r1, r5
100009e4:	0038      	movs	r0, r7
100009e6:	f7ff ff76 	bl	100008d6 <ssd1306_pixel>
100009ea:	3401      	adds	r4, #1
100009ec:	b2e4      	uxtb	r4, r4
100009ee:	1e73      	subs	r3, r6, #1
100009f0:	429c      	cmp	r4, r3
100009f2:	dbf4      	blt.n	100009de <ssd1306_rect+0xa6>
100009f4:	3501      	adds	r5, #1
100009f6:	b2ed      	uxtb	r5, r5
100009f8:	4653      	mov	r3, sl
100009fa:	3b01      	subs	r3, #1
100009fc:	429d      	cmp	r5, r3
100009fe:	da03      	bge.n	10000a08 <ssd1306_rect+0xd0>
10000a00:	4643      	mov	r3, r8
10000a02:	1c5c      	adds	r4, r3, #1
10000a04:	b2e4      	uxtb	r4, r4
10000a06:	e7f2      	b.n	100009ee <ssd1306_rect+0xb6>
10000a08:	b003      	add	sp, #12
10000a0a:	bcf0      	pop	{r4, r5, r6, r7}
10000a0c:	46bb      	mov	fp, r7
10000a0e:	46b2      	mov	sl, r6
10000a10:	46a9      	mov	r9, r5
10000a12:	46a0      	mov	r8, r4
10000a14:	bdf0      	pop	{r4, r5, r6, r7, pc}
	...

10000a18 <init_pwm_led>:
10000a18:	b510      	push	{r4, lr}
10000a1a:	0004      	movs	r4, r0
10000a1c:	2104      	movs	r1, #4
10000a1e:	f000 f823 	bl	10000a68 <gpio_set_function>
10000a22:	2c1f      	cmp	r4, #31
10000a24:	d816      	bhi.n	10000a54 <init_pwm_led+0x3c>
10000a26:	0864      	lsrs	r4, r4, #1
10000a28:	2207      	movs	r2, #7
10000a2a:	4022      	ands	r2, r4
10000a2c:	0093      	lsls	r3, r2, #2
10000a2e:	1899      	adds	r1, r3, r2
10000a30:	0089      	lsls	r1, r1, #2
10000a32:	480b      	ldr	r0, [pc, #44]	@ (10000a60 <init_pwm_led+0x48>)
10000a34:	4684      	mov	ip, r0
10000a36:	4461      	add	r1, ip
10000a38:	2010      	movs	r0, #16
10000a3a:	6048      	str	r0, [r1, #4]
10000a3c:	30ef      	adds	r0, #239	@ 0xef
10000a3e:	6108      	str	r0, [r1, #16]
10000a40:	189b      	adds	r3, r3, r2
10000a42:	009b      	lsls	r3, r3, #2
10000a44:	6809      	ldr	r1, [r1, #0]
10000a46:	2201      	movs	r2, #1
10000a48:	438a      	bics	r2, r1
10000a4a:	4906      	ldr	r1, [pc, #24]	@ (10000a64 <init_pwm_led+0x4c>)
10000a4c:	468c      	mov	ip, r1
10000a4e:	4463      	add	r3, ip
10000a50:	601a      	str	r2, [r3, #0]
10000a52:	bd10      	pop	{r4, pc}
10000a54:	0864      	lsrs	r4, r4, #1
10000a56:	2203      	movs	r2, #3
10000a58:	4022      	ands	r2, r4
10000a5a:	3208      	adds	r2, #8
10000a5c:	e7e6      	b.n	10000a2c <init_pwm_led+0x14>
10000a5e:	46c0      	nop			@ (mov r8, r8)
10000a60:	40050000 	.word	0x40050000
10000a64:	40051000 	.word	0x40051000

10000a68 <gpio_set_function>:
10000a68:	b510      	push	{r4, lr}
10000a6a:	0083      	lsls	r3, r0, #2
10000a6c:	4a08      	ldr	r2, [pc, #32]	@ (10000a90 <gpio_set_function+0x28>)
10000a6e:	189a      	adds	r2, r3, r2
10000a70:	6814      	ldr	r4, [r2, #0]
10000a72:	2240      	movs	r2, #64	@ 0x40
10000a74:	4054      	eors	r4, r2
10000a76:	3280      	adds	r2, #128	@ 0x80
10000a78:	4022      	ands	r2, r4
10000a7a:	4c06      	ldr	r4, [pc, #24]	@ (10000a94 <gpio_set_function+0x2c>)
10000a7c:	46a4      	mov	ip, r4
10000a7e:	4463      	add	r3, ip
10000a80:	601a      	str	r2, [r3, #0]
10000a82:	00c0      	lsls	r0, r0, #3
10000a84:	4b04      	ldr	r3, [pc, #16]	@ (10000a98 <gpio_set_function+0x30>)
10000a86:	469c      	mov	ip, r3
10000a88:	4460      	add	r0, ip
10000a8a:	6041      	str	r1, [r0, #4]
10000a8c:	bd10      	pop	{r4, pc}
10000a8e:	46c0      	nop			@ (mov r8, r8)
10000a90:	4001c004 	.word	0x4001c004
10000a94:	4001d004 	.word	0x4001d004
10000a98:	40014000 	.word	0x40014000

10000a9c <gpio_set_pulls>:
10000a9c:	0080      	lsls	r0, r0, #2
10000a9e:	4b0c      	ldr	r3, [pc, #48]	@ (10000ad0 <gpio_set_pulls+0x34>)
10000aa0:	469c      	mov	ip, r3
10000aa2:	4460      	add	r0, ip
10000aa4:	2900      	cmp	r1, #0
10000aa6:	d00e      	beq.n	10000ac6 <gpio_set_pulls+0x2a>
10000aa8:	2308      	movs	r3, #8
10000aaa:	2a00      	cmp	r2, #0
10000aac:	d00d      	beq.n	10000aca <gpio_set_pulls+0x2e>
10000aae:	2204      	movs	r2, #4
10000ab0:	4313      	orrs	r3, r2
10000ab2:	6802      	ldr	r2, [r0, #0]
10000ab4:	4053      	eors	r3, r2
10000ab6:	220c      	movs	r2, #12
10000ab8:	4013      	ands	r3, r2
10000aba:	2280      	movs	r2, #128	@ 0x80
10000abc:	0152      	lsls	r2, r2, #5
10000abe:	4694      	mov	ip, r2
10000ac0:	4460      	add	r0, ip
10000ac2:	6003      	str	r3, [r0, #0]
10000ac4:	4770      	bx	lr
10000ac6:	2300      	movs	r3, #0
10000ac8:	e7ef      	b.n	10000aaa <gpio_set_pulls+0xe>
10000aca:	2200      	movs	r2, #0
10000acc:	e7f0      	b.n	10000ab0 <gpio_set_pulls+0x14>
10000ace:	46c0      	nop			@ (mov r8, r8)
10000ad0:	4001c004 	.word	0x4001c004

10000ad4 <gpio_set_irq_callback>:
10000ad4:	b570      	push	{r4, r5, r6, lr}
10000ad6:	0004      	movs	r4, r0
10000ad8:	23d0      	movs	r3, #208	@ 0xd0
10000ada:	061b      	lsls	r3, r3, #24
10000adc:	681d      	ldr	r5, [r3, #0]
10000ade:	4b0d      	ldr	r3, [pc, #52]	@ (10000b14 <gpio_set_irq_callback+0x40>)
10000ae0:	00aa      	lsls	r2, r5, #2
10000ae2:	58d3      	ldr	r3, [r2, r3]
10000ae4:	2b00      	cmp	r3, #0
10000ae6:	d00a      	beq.n	10000afe <gpio_set_irq_callback+0x2a>
10000ae8:	2800      	cmp	r0, #0
10000aea:	d003      	beq.n	10000af4 <gpio_set_irq_callback+0x20>
10000aec:	4b09      	ldr	r3, [pc, #36]	@ (10000b14 <gpio_set_irq_callback+0x40>)
10000aee:	00ad      	lsls	r5, r5, #2
10000af0:	50ec      	str	r4, [r5, r3]
10000af2:	bd70      	pop	{r4, r5, r6, pc}
10000af4:	4908      	ldr	r1, [pc, #32]	@ (10000b18 <gpio_set_irq_callback+0x44>)
10000af6:	200d      	movs	r0, #13
10000af8:	f000 fbb8 	bl	1000126c <irq_remove_handler>
10000afc:	e7f6      	b.n	10000aec <gpio_set_irq_callback+0x18>
10000afe:	2800      	cmp	r0, #0
10000b00:	d0f7      	beq.n	10000af2 <gpio_set_irq_callback+0x1e>
10000b02:	4b04      	ldr	r3, [pc, #16]	@ (10000b14 <gpio_set_irq_callback+0x40>)
10000b04:	00ad      	lsls	r5, r5, #2
10000b06:	50e8      	str	r0, [r5, r3]
10000b08:	4903      	ldr	r1, [pc, #12]	@ (10000b18 <gpio_set_irq_callback+0x44>)
10000b0a:	2200      	movs	r2, #0
10000b0c:	200d      	movs	r0, #13
10000b0e:	f000 faa1 	bl	10001054 <irq_add_shared_handler>
10000b12:	e7ee      	b.n	10000af2 <gpio_set_irq_callback+0x1e>
10000b14:	20001eb0 	.word	0x20001eb0
10000b18:	10000bfd 	.word	0x10000bfd

10000b1c <gpio_acknowledge_irq>:
10000b1c:	2307      	movs	r3, #7
10000b1e:	4003      	ands	r3, r0
10000b20:	009b      	lsls	r3, r3, #2
10000b22:	08c0      	lsrs	r0, r0, #3
10000b24:	4099      	lsls	r1, r3
10000b26:	303c      	adds	r0, #60	@ 0x3c
10000b28:	0080      	lsls	r0, r0, #2
10000b2a:	4b01      	ldr	r3, [pc, #4]	@ (10000b30 <gpio_acknowledge_irq+0x14>)
10000b2c:	50c1      	str	r1, [r0, r3]
10000b2e:	4770      	bx	lr
10000b30:	40014000 	.word	0x40014000

10000b34 <_gpio_set_irq_enabled>:
10000b34:	b5f8      	push	{r3, r4, r5, r6, r7, lr}
10000b36:	0007      	movs	r7, r0
10000b38:	000d      	movs	r5, r1
10000b3a:	0016      	movs	r6, r2
10000b3c:	001c      	movs	r4, r3
10000b3e:	f7ff ffed 	bl	10000b1c <gpio_acknowledge_irq>
10000b42:	08fb      	lsrs	r3, r7, #3
10000b44:	009b      	lsls	r3, r3, #2
10000b46:	18e4      	adds	r4, r4, r3
10000b48:	2007      	movs	r0, #7
10000b4a:	4038      	ands	r0, r7
10000b4c:	0080      	lsls	r0, r0, #2
10000b4e:	4085      	lsls	r5, r0
10000b50:	2e00      	cmp	r6, #0
10000b52:	d005      	beq.n	10000b60 <_gpio_set_irq_enabled+0x2c>
10000b54:	2380      	movs	r3, #128	@ 0x80
10000b56:	019b      	lsls	r3, r3, #6
10000b58:	469c      	mov	ip, r3
10000b5a:	4464      	add	r4, ip
10000b5c:	6025      	str	r5, [r4, #0]
10000b5e:	bdf8      	pop	{r3, r4, r5, r6, r7, pc}
10000b60:	23c0      	movs	r3, #192	@ 0xc0
10000b62:	019b      	lsls	r3, r3, #6
10000b64:	469c      	mov	ip, r3
10000b66:	4464      	add	r4, ip
10000b68:	6025      	str	r5, [r4, #0]
10000b6a:	e7f8      	b.n	10000b5e <_gpio_set_irq_enabled+0x2a>

10000b6c <gpio_set_irq_enabled>:
10000b6c:	b570      	push	{r4, r5, r6, lr}
10000b6e:	2a00      	cmp	r2, #0
10000b70:	d00f      	beq.n	10000b92 <gpio_set_irq_enabled+0x26>
10000b72:	23d0      	movs	r3, #208	@ 0xd0
10000b74:	061b      	lsls	r3, r3, #24
10000b76:	681c      	ldr	r4, [r3, #0]
10000b78:	4b0f      	ldr	r3, [pc, #60]	@ (10000bb8 <gpio_set_irq_enabled+0x4c>)
10000b7a:	00a5      	lsls	r5, r4, #2
10000b7c:	58eb      	ldr	r3, [r5, r3]
10000b7e:	2820      	cmp	r0, #32
10000b80:	d410      	bmi.n	10000ba4 <gpio_set_irq_enabled+0x38>
10000b82:	2300      	movs	r3, #0
10000b84:	07db      	lsls	r3, r3, #31
10000b86:	d404      	bmi.n	10000b92 <gpio_set_irq_enabled+0x26>
10000b88:	4b0c      	ldr	r3, [pc, #48]	@ (10000bbc <gpio_set_irq_enabled+0x50>)
10000b8a:	00a4      	lsls	r4, r4, #2
10000b8c:	58e3      	ldr	r3, [r4, r3]
10000b8e:	2b00      	cmp	r3, #0
10000b90:	d00a      	beq.n	10000ba8 <gpio_set_irq_enabled+0x3c>
10000b92:	23d0      	movs	r3, #208	@ 0xd0
10000b94:	061b      	lsls	r3, r3, #24
10000b96:	681b      	ldr	r3, [r3, #0]
10000b98:	2b00      	cmp	r3, #0
10000b9a:	d00b      	beq.n	10000bb4 <gpio_set_irq_enabled+0x48>
10000b9c:	4b08      	ldr	r3, [pc, #32]	@ (10000bc0 <gpio_set_irq_enabled+0x54>)
10000b9e:	f7ff ffc9 	bl	10000b34 <_gpio_set_irq_enabled>
10000ba2:	bd70      	pop	{r4, r5, r6, pc}
10000ba4:	40c3      	lsrs	r3, r0
10000ba6:	e7ed      	b.n	10000b84 <gpio_set_irq_enabled+0x18>
10000ba8:	4b06      	ldr	r3, [pc, #24]	@ (10000bc4 <gpio_set_irq_enabled+0x58>)
10000baa:	4a07      	ldr	r2, [pc, #28]	@ (10000bc8 <gpio_set_irq_enabled+0x5c>)
10000bac:	4807      	ldr	r0, [pc, #28]	@ (10000bcc <gpio_set_irq_enabled+0x60>)
10000bae:	21be      	movs	r1, #190	@ 0xbe
10000bb0:	f003 fa28 	bl	10004004 <__assert_func>
10000bb4:	4b06      	ldr	r3, [pc, #24]	@ (10000bd0 <gpio_set_irq_enabled+0x64>)
10000bb6:	e7f2      	b.n	10000b9e <gpio_set_irq_enabled+0x32>
10000bb8:	20002358 	.word	0x20002358
10000bbc:	20001eb0 	.word	0x20001eb0
10000bc0:	40014130 	.word	0x40014130
10000bc4:	1000818c 	.word	0x1000818c
10000bc8:	10008e84 	.word	0x10008e84
10000bcc:	10008148 	.word	0x10008148
10000bd0:	40014100 	.word	0x40014100

10000bd4 <gpio_set_irq_enabled_with_callback>:
10000bd4:	b570      	push	{r4, r5, r6, lr}
10000bd6:	0005      	movs	r5, r0
10000bd8:	000e      	movs	r6, r1
10000bda:	0014      	movs	r4, r2
10000bdc:	0018      	movs	r0, r3
10000bde:	f7ff ff79 	bl	10000ad4 <gpio_set_irq_callback>
10000be2:	0022      	movs	r2, r4
10000be4:	0031      	movs	r1, r6
10000be6:	0028      	movs	r0, r5
10000be8:	f7ff ffc0 	bl	10000b6c <gpio_set_irq_enabled>
10000bec:	2c00      	cmp	r4, #0
10000bee:	d100      	bne.n	10000bf2 <gpio_set_irq_enabled_with_callback+0x1e>
10000bf0:	bd70      	pop	{r4, r5, r6, pc}
10000bf2:	2101      	movs	r1, #1
10000bf4:	200d      	movs	r0, #13
10000bf6:	f000 f9d7 	bl	10000fa8 <irq_set_enabled>
10000bfa:	e7f9      	b.n	10000bf0 <gpio_set_irq_enabled_with_callback+0x1c>

10000bfc <gpio_default_irq_handler>:
10000bfc:	b5f0      	push	{r4, r5, r6, r7, lr}
10000bfe:	46d6      	mov	lr, sl
10000c00:	464f      	mov	r7, r9
10000c02:	4646      	mov	r6, r8
10000c04:	b5c0      	push	{r6, r7, lr}
10000c06:	23d0      	movs	r3, #208	@ 0xd0
10000c08:	061b      	lsls	r3, r3, #24
10000c0a:	681f      	ldr	r7, [r3, #0]
10000c0c:	4b1f      	ldr	r3, [pc, #124]	@ (10000c8c <gpio_default_irq_handler+0x90>)
10000c0e:	00ba      	lsls	r2, r7, #2
10000c10:	58d3      	ldr	r3, [r2, r3]
10000c12:	4698      	mov	r8, r3
10000c14:	2f00      	cmp	r7, #0
10000c16:	d003      	beq.n	10000c20 <gpio_default_irq_handler+0x24>
10000c18:	4b1d      	ldr	r3, [pc, #116]	@ (10000c90 <gpio_default_irq_handler+0x94>)
10000c1a:	4699      	mov	r9, r3
10000c1c:	2600      	movs	r6, #0
10000c1e:	e026      	b.n	10000c6e <gpio_default_irq_handler+0x72>
10000c20:	4b1c      	ldr	r3, [pc, #112]	@ (10000c94 <gpio_default_irq_handler+0x98>)
10000c22:	4699      	mov	r9, r3
10000c24:	e7fa      	b.n	10000c1c <gpio_default_irq_handler+0x20>
10000c26:	40eb      	lsrs	r3, r5
10000c28:	07db      	lsls	r3, r3, #31
10000c2a:	d514      	bpl.n	10000c56 <gpio_default_irq_handler+0x5a>
10000c2c:	0924      	lsrs	r4, r4, #4
10000c2e:	3501      	adds	r5, #1
10000c30:	2c00      	cmp	r4, #0
10000c32:	d01b      	beq.n	10000c6c <gpio_default_irq_handler+0x70>
10000c34:	0033      	movs	r3, r6
10000c36:	3308      	adds	r3, #8
10000c38:	42ab      	cmp	r3, r5
10000c3a:	d917      	bls.n	10000c6c <gpio_default_irq_handler+0x70>
10000c3c:	230f      	movs	r3, #15
10000c3e:	001a      	movs	r2, r3
10000c40:	4022      	ands	r2, r4
10000c42:	4692      	mov	sl, r2
10000c44:	4223      	tst	r3, r4
10000c46:	d0f1      	beq.n	10000c2c <gpio_default_irq_handler+0x30>
10000c48:	4b13      	ldr	r3, [pc, #76]	@ (10000c98 <gpio_default_irq_handler+0x9c>)
10000c4a:	00ba      	lsls	r2, r7, #2
10000c4c:	58d3      	ldr	r3, [r2, r3]
10000c4e:	2d20      	cmp	r5, #32
10000c50:	d4e9      	bmi.n	10000c26 <gpio_default_irq_handler+0x2a>
10000c52:	2300      	movs	r3, #0
10000c54:	e7e8      	b.n	10000c28 <gpio_default_irq_handler+0x2c>
10000c56:	4651      	mov	r1, sl
10000c58:	0028      	movs	r0, r5
10000c5a:	f7ff ff5f 	bl	10000b1c <gpio_acknowledge_irq>
10000c5e:	4643      	mov	r3, r8
10000c60:	2b00      	cmp	r3, #0
10000c62:	d0e3      	beq.n	10000c2c <gpio_default_irq_handler+0x30>
10000c64:	4651      	mov	r1, sl
10000c66:	0028      	movs	r0, r5
10000c68:	47c0      	blx	r8
10000c6a:	e7df      	b.n	10000c2c <gpio_default_irq_handler+0x30>
10000c6c:	3608      	adds	r6, #8
10000c6e:	2e1d      	cmp	r6, #29
10000c70:	d806      	bhi.n	10000c80 <gpio_default_irq_handler+0x84>
10000c72:	08f3      	lsrs	r3, r6, #3
10000c74:	3308      	adds	r3, #8
10000c76:	009b      	lsls	r3, r3, #2
10000c78:	464a      	mov	r2, r9
10000c7a:	589c      	ldr	r4, [r3, r2]
10000c7c:	0035      	movs	r5, r6
10000c7e:	e7d7      	b.n	10000c30 <gpio_default_irq_handler+0x34>
10000c80:	bce0      	pop	{r5, r6, r7}
10000c82:	46ba      	mov	sl, r7
10000c84:	46b1      	mov	r9, r6
10000c86:	46a8      	mov	r8, r5
10000c88:	bdf0      	pop	{r4, r5, r6, r7, pc}
10000c8a:	46c0      	nop			@ (mov r8, r8)
10000c8c:	20001eb0 	.word	0x20001eb0
10000c90:	40014130 	.word	0x40014130
10000c94:	40014100 	.word	0x40014100
10000c98:	20002358 	.word	0x20002358

10000c9c <gpio_set_input_enabled>:
10000c9c:	2900      	cmp	r1, #0
10000c9e:	d006      	beq.n	10000cae <gpio_set_input_enabled+0x12>
10000ca0:	0080      	lsls	r0, r0, #2
10000ca2:	4b06      	ldr	r3, [pc, #24]	@ (10000cbc <gpio_set_input_enabled+0x20>)
10000ca4:	469c      	mov	ip, r3
10000ca6:	4460      	add	r0, ip
10000ca8:	2340      	movs	r3, #64	@ 0x40
10000caa:	6003      	str	r3, [r0, #0]
10000cac:	4770      	bx	lr
10000cae:	0080      	lsls	r0, r0, #2
10000cb0:	4b03      	ldr	r3, [pc, #12]	@ (10000cc0 <gpio_set_input_enabled+0x24>)
10000cb2:	469c      	mov	ip, r3
10000cb4:	4460      	add	r0, ip
10000cb6:	2340      	movs	r3, #64	@ 0x40
10000cb8:	6003      	str	r3, [r0, #0]
10000cba:	e7f7      	b.n	10000cac <gpio_set_input_enabled+0x10>
10000cbc:	4001e004 	.word	0x4001e004
10000cc0:	4001f004 	.word	0x4001f004

10000cc4 <gpio_init>:
10000cc4:	b510      	push	{r4, lr}
10000cc6:	2301      	movs	r3, #1
10000cc8:	4083      	lsls	r3, r0
10000cca:	22d0      	movs	r2, #208	@ 0xd0
10000ccc:	0612      	lsls	r2, r2, #24
10000cce:	6293      	str	r3, [r2, #40]	@ 0x28
10000cd0:	6193      	str	r3, [r2, #24]
10000cd2:	2105      	movs	r1, #5
10000cd4:	f7ff fec8 	bl	10000a68 <gpio_set_function>
10000cd8:	bd10      	pop	{r4, pc}
	...

10000cdc <rp2040_chip_version>:
10000cdc:	b510      	push	{r4, lr}
10000cde:	2380      	movs	r3, #128	@ 0x80
10000ce0:	05db      	lsls	r3, r3, #23
10000ce2:	6818      	ldr	r0, [r3, #0]
10000ce4:	0503      	lsls	r3, r0, #20
10000ce6:	0d1b      	lsrs	r3, r3, #20
10000ce8:	4a0b      	ldr	r2, [pc, #44]	@ (10000d18 <rp2040_chip_version+0x3c>)
10000cea:	4293      	cmp	r3, r2
10000cec:	d107      	bne.n	10000cfe <rp2040_chip_version+0x22>
10000cee:	4b0b      	ldr	r3, [pc, #44]	@ (10000d1c <rp2040_chip_version+0x40>)
10000cf0:	4003      	ands	r3, r0
10000cf2:	2280      	movs	r2, #128	@ 0x80
10000cf4:	0192      	lsls	r2, r2, #6
10000cf6:	4293      	cmp	r3, r2
10000cf8:	d107      	bne.n	10000d0a <rp2040_chip_version+0x2e>
10000cfa:	0f00      	lsrs	r0, r0, #28
10000cfc:	bd10      	pop	{r4, pc}
10000cfe:	4b08      	ldr	r3, [pc, #32]	@ (10000d20 <rp2040_chip_version+0x44>)
10000d00:	4a08      	ldr	r2, [pc, #32]	@ (10000d24 <rp2040_chip_version+0x48>)
10000d02:	4809      	ldr	r0, [pc, #36]	@ (10000d28 <rp2040_chip_version+0x4c>)
10000d04:	2122      	movs	r1, #34	@ 0x22
10000d06:	f003 f97d 	bl	10004004 <__assert_func>
10000d0a:	4b08      	ldr	r3, [pc, #32]	@ (10000d2c <rp2040_chip_version+0x50>)
10000d0c:	4a05      	ldr	r2, [pc, #20]	@ (10000d24 <rp2040_chip_version+0x48>)
10000d0e:	4806      	ldr	r0, [pc, #24]	@ (10000d28 <rp2040_chip_version+0x4c>)
10000d10:	2123      	movs	r1, #35	@ 0x23
10000d12:	f003 f977 	bl	10004004 <__assert_func>
10000d16:	46c0      	nop			@ (mov r8, r8)
10000d18:	00000927 	.word	0x00000927
10000d1c:	0ffff000 	.word	0x0ffff000
10000d20:	100081e4 	.word	0x100081e4
10000d24:	10008e9c 	.word	0x10008e9c
10000d28:	10008208 	.word	0x10008208
10000d2c:	1000824c 	.word	0x1000824c

10000d30 <panic>:
10000d30:	b40f      	push	{r0, r1, r2, r3}
10000d32:	b500      	push	{lr}
10000d34:	b083      	sub	sp, #12
10000d36:	4808      	ldr	r0, [pc, #32]	@ (10000d58 <panic+0x28>)
10000d38:	f003 faa5 	bl	10004286 <__wrap_puts>
10000d3c:	9b04      	ldr	r3, [sp, #16]
10000d3e:	2b00      	cmp	r3, #0
10000d40:	d007      	beq.n	10000d52 <panic+0x22>
10000d42:	a905      	add	r1, sp, #20
10000d44:	9101      	str	r1, [sp, #4]
10000d46:	0018      	movs	r0, r3
10000d48:	f003 faac 	bl	100042a4 <__wrap_vprintf>
10000d4c:	4803      	ldr	r0, [pc, #12]	@ (10000d5c <panic+0x2c>)
10000d4e:	f003 fa9a 	bl	10004286 <__wrap_puts>
10000d52:	2001      	movs	r0, #1
10000d54:	f003 f934 	bl	10003fc0 <_exit>
10000d58:	10008260 	.word	0x10008260
10000d5c:	100080ec 	.word	0x100080ec

10000d60 <hw_claim_lock>:
10000d60:	f3ef 8010 	mrs	r0, PRIMASK
10000d64:	b672      	cpsid	i
10000d66:	4b03      	ldr	r3, [pc, #12]	@ (10000d74 <hw_claim_lock+0x14>)
10000d68:	681b      	ldr	r3, [r3, #0]
10000d6a:	2b00      	cmp	r3, #0
10000d6c:	d0fb      	beq.n	10000d66 <hw_claim_lock+0x6>
10000d6e:	f3bf 8f5f 	dmb	sy
10000d72:	4770      	bx	lr
10000d74:	d000012c 	.word	0xd000012c

10000d78 <hw_claim_unlock>:
10000d78:	f3bf 8f5f 	dmb	sy
10000d7c:	4b02      	ldr	r3, [pc, #8]	@ (10000d88 <hw_claim_unlock+0x10>)
10000d7e:	2200      	movs	r2, #0
10000d80:	601a      	str	r2, [r3, #0]
10000d82:	f380 8810 	msr	PRIMASK, r0
10000d86:	4770      	bx	lr
10000d88:	d000012c 	.word	0xd000012c

10000d8c <hw_claim_or_assert>:
10000d8c:	b5f8      	push	{r3, r4, r5, r6, r7, lr}
10000d8e:	0006      	movs	r6, r0
10000d90:	000c      	movs	r4, r1
10000d92:	0015      	movs	r5, r2
10000d94:	f7ff ffe4 	bl	10000d60 <hw_claim_lock>
10000d98:	08e3      	lsrs	r3, r4, #3
10000d9a:	18f7      	adds	r7, r6, r3
10000d9c:	5cf1      	ldrb	r1, [r6, r3]
10000d9e:	2207      	movs	r2, #7
10000da0:	4022      	ands	r2, r4
10000da2:	2301      	movs	r3, #1
10000da4:	4093      	lsls	r3, r2
10000da6:	420b      	tst	r3, r1
10000da8:	d105      	bne.n	10000db6 <hw_claim_or_assert+0x2a>
10000daa:	b2db      	uxtb	r3, r3
10000dac:	430b      	orrs	r3, r1
10000dae:	703b      	strb	r3, [r7, #0]
10000db0:	f7ff ffe2 	bl	10000d78 <hw_claim_unlock>
10000db4:	bdf8      	pop	{r3, r4, r5, r6, r7, pc}
10000db6:	0021      	movs	r1, r4
10000db8:	0028      	movs	r0, r5
10000dba:	f7ff ffb9 	bl	10000d30 <panic>

10000dbe <hw_claim_unused_from_range>:
10000dbe:	b5f0      	push	{r4, r5, r6, r7, lr}
10000dc0:	b083      	sub	sp, #12
10000dc2:	0006      	movs	r6, r0
10000dc4:	9101      	str	r1, [sp, #4]
10000dc6:	0014      	movs	r4, r2
10000dc8:	001f      	movs	r7, r3
10000dca:	f7ff ffc9 	bl	10000d60 <hw_claim_lock>
10000dce:	e000      	b.n	10000dd2 <hw_claim_unused_from_range+0x14>
10000dd0:	3401      	adds	r4, #1
10000dd2:	42bc      	cmp	r4, r7
10000dd4:	d80c      	bhi.n	10000df0 <hw_claim_unused_from_range+0x32>
10000dd6:	08e3      	lsrs	r3, r4, #3
10000dd8:	18f5      	adds	r5, r6, r3
10000dda:	5cf3      	ldrb	r3, [r6, r3]
10000ddc:	2107      	movs	r1, #7
10000dde:	4021      	ands	r1, r4
10000de0:	2201      	movs	r2, #1
10000de2:	408a      	lsls	r2, r1
10000de4:	421a      	tst	r2, r3
10000de6:	d1f3      	bne.n	10000dd0 <hw_claim_unused_from_range+0x12>
10000de8:	b2d2      	uxtb	r2, r2
10000dea:	431a      	orrs	r2, r3
10000dec:	702a      	strb	r2, [r5, #0]
10000dee:	e001      	b.n	10000df4 <hw_claim_unused_from_range+0x36>
10000df0:	2401      	movs	r4, #1
10000df2:	4264      	negs	r4, r4
10000df4:	f7ff ffc0 	bl	10000d78 <hw_claim_unlock>
10000df8:	2c00      	cmp	r4, #0
10000dfa:	db02      	blt.n	10000e02 <hw_claim_unused_from_range+0x44>
10000dfc:	0020      	movs	r0, r4
10000dfe:	b003      	add	sp, #12
10000e00:	bdf0      	pop	{r4, r5, r6, r7, pc}
10000e02:	9b01      	ldr	r3, [sp, #4]
10000e04:	2b00      	cmp	r3, #0
10000e06:	d0f9      	beq.n	10000dfc <hw_claim_unused_from_range+0x3e>
10000e08:	9808      	ldr	r0, [sp, #32]
10000e0a:	f7ff ff91 	bl	10000d30 <panic>
	...

10000e10 <next_striped_spin_lock_num>:
10000e10:	4a05      	ldr	r2, [pc, #20]	@ (10000e28 <next_striped_spin_lock_num+0x18>)
10000e12:	7810      	ldrb	r0, [r2, #0]
10000e14:	1c43      	adds	r3, r0, #1
10000e16:	b2db      	uxtb	r3, r3
10000e18:	7013      	strb	r3, [r2, #0]
10000e1a:	2b17      	cmp	r3, #23
10000e1c:	d902      	bls.n	10000e24 <next_striped_spin_lock_num+0x14>
10000e1e:	0013      	movs	r3, r2
10000e20:	2210      	movs	r2, #16
10000e22:	701a      	strb	r2, [r3, #0]
10000e24:	4770      	bx	lr
10000e26:	46c0      	nop			@ (mov r8, r8)
10000e28:	20000bc9 	.word	0x20000bc9

10000e2c <spin_lock_claim_unused>:
10000e2c:	b510      	push	{r4, lr}
10000e2e:	b082      	sub	sp, #8
10000e30:	0001      	movs	r1, r0
10000e32:	4c05      	ldr	r4, [pc, #20]	@ (10000e48 <spin_lock_claim_unused+0x1c>)
10000e34:	4b05      	ldr	r3, [pc, #20]	@ (10000e4c <spin_lock_claim_unused+0x20>)
10000e36:	9300      	str	r3, [sp, #0]
10000e38:	231f      	movs	r3, #31
10000e3a:	2218      	movs	r2, #24
10000e3c:	0020      	movs	r0, r4
10000e3e:	f7ff ffbe 	bl	10000dbe <hw_claim_unused_from_range>
10000e42:	b002      	add	sp, #8
10000e44:	bd10      	pop	{r4, pc}
10000e46:	46c0      	nop			@ (mov r8, r8)
10000e48:	20001ec8 	.word	0x20001ec8
10000e4c:	10008270 	.word	0x10008270

10000e50 <spin_locks_reset>:
10000e50:	2300      	movs	r3, #0
10000e52:	e007      	b.n	10000e64 <spin_locks_reset+0x14>
10000e54:	4a05      	ldr	r2, [pc, #20]	@ (10000e6c <spin_locks_reset+0x1c>)
10000e56:	189a      	adds	r2, r3, r2
10000e58:	0092      	lsls	r2, r2, #2
10000e5a:	f3bf 8f5f 	dmb	sy
10000e5e:	2100      	movs	r1, #0
10000e60:	6011      	str	r1, [r2, #0]
10000e62:	3301      	adds	r3, #1
10000e64:	2b1f      	cmp	r3, #31
10000e66:	d9f5      	bls.n	10000e54 <spin_locks_reset+0x4>
10000e68:	4770      	bx	lr
10000e6a:	46c0      	nop			@ (mov r8, r8)
10000e6c:	34000040 	.word	0x34000040

10000e70 <set_raw_irq_handler_and_unlock>:
10000e70:	4b07      	ldr	r3, [pc, #28]	@ (10000e90 <set_raw_irq_handler_and_unlock+0x20>)
10000e72:	689b      	ldr	r3, [r3, #8]
10000e74:	3010      	adds	r0, #16
10000e76:	0080      	lsls	r0, r0, #2
10000e78:	5019      	str	r1, [r3, r0]
10000e7a:	f3bf 8f5f 	dmb	sy
10000e7e:	f3bf 8f5f 	dmb	sy
10000e82:	4b04      	ldr	r3, [pc, #16]	@ (10000e94 <set_raw_irq_handler_and_unlock+0x24>)
10000e84:	2100      	movs	r1, #0
10000e86:	6019      	str	r1, [r3, #0]
10000e88:	f382 8810 	msr	PRIMASK, r2
10000e8c:	4770      	bx	lr
10000e8e:	46c0      	nop			@ (mov r8, r8)
10000e90:	e000ed00 	.word	0xe000ed00
10000e94:	d0000124 	.word	0xd0000124

10000e98 <nvic_ipr0>:
10000e98:	4800      	ldr	r0, [pc, #0]	@ (10000e9c <nvic_ipr0+0x4>)
10000e9a:	4770      	bx	lr
10000e9c:	e000e400 	.word	0xe000e400

10000ea0 <runtime_init_per_core_irq_priorities>:
10000ea0:	b510      	push	{r4, lr}
10000ea2:	f7ff fff9 	bl	10000e98 <nvic_ipr0>
10000ea6:	2300      	movs	r3, #0
10000ea8:	e002      	b.n	10000eb0 <runtime_init_per_core_irq_priorities+0x10>
10000eaa:	4a03      	ldr	r2, [pc, #12]	@ (10000eb8 <runtime_init_per_core_irq_priorities+0x18>)
10000eac:	c004      	stmia	r0!, {r2}
10000eae:	3301      	adds	r3, #1
10000eb0:	2b07      	cmp	r3, #7
10000eb2:	d9fa      	bls.n	10000eaa <runtime_init_per_core_irq_priorities+0xa>
10000eb4:	bd10      	pop	{r4, pc}
10000eb6:	46c0      	nop			@ (mov r8, r8)
10000eb8:	80808080 	.word	0x80808080

10000ebc <resolve_j_16>:
10000ebc:	b510      	push	{r4, lr}
10000ebe:	8803      	ldrh	r3, [r0, #0]
10000ec0:	0ada      	lsrs	r2, r3, #11
10000ec2:	2a1c      	cmp	r2, #28
10000ec4:	d105      	bne.n	10000ed2 <resolve_j_16+0x16>
10000ec6:	055b      	lsls	r3, r3, #21
10000ec8:	155b      	asrs	r3, r3, #21
10000eca:	3302      	adds	r3, #2
10000ecc:	005b      	lsls	r3, r3, #1
10000ece:	18c0      	adds	r0, r0, r3
10000ed0:	bd10      	pop	{r4, pc}
10000ed2:	4b03      	ldr	r3, [pc, #12]	@ (10000ee0 <resolve_j_16+0x24>)
10000ed4:	4a03      	ldr	r2, [pc, #12]	@ (10000ee4 <resolve_j_16+0x28>)
10000ed6:	2110      	movs	r1, #16
10000ed8:	4803      	ldr	r0, [pc, #12]	@ (10000ee8 <resolve_j_16+0x2c>)
10000eda:	31ff      	adds	r1, #255	@ 0xff
10000edc:	f003 f892 	bl	10004004 <__assert_func>
10000ee0:	1000828c 	.word	0x1000828c
10000ee4:	10008efc 	.word	0x10008efc
10000ee8:	100082a4 	.word	0x100082a4

10000eec <make_j_16>:
10000eec:	b510      	push	{r4, lr}
10000eee:	1a09      	subs	r1, r1, r0
10000ef0:	1f0b      	subs	r3, r1, #4
10000ef2:	4a0a      	ldr	r2, [pc, #40]	@ (10000f1c <make_j_16+0x30>)
10000ef4:	1888      	adds	r0, r1, r2
10000ef6:	4a0a      	ldr	r2, [pc, #40]	@ (10000f20 <make_j_16+0x34>)
10000ef8:	4290      	cmp	r0, r2
10000efa:	d808      	bhi.n	10000f0e <make_j_16+0x22>
10000efc:	07c9      	lsls	r1, r1, #31
10000efe:	d406      	bmi.n	10000f0e <make_j_16+0x22>
10000f00:	105b      	asrs	r3, r3, #1
10000f02:	055b      	lsls	r3, r3, #21
10000f04:	0d5b      	lsrs	r3, r3, #21
10000f06:	4807      	ldr	r0, [pc, #28]	@ (10000f24 <make_j_16+0x38>)
10000f08:	4318      	orrs	r0, r3
10000f0a:	b280      	uxth	r0, r0
10000f0c:	bd10      	pop	{r4, pc}
10000f0e:	4b06      	ldr	r3, [pc, #24]	@ (10000f28 <make_j_16+0x3c>)
10000f10:	4a06      	ldr	r2, [pc, #24]	@ (10000f2c <make_j_16+0x40>)
10000f12:	2102      	movs	r1, #2
10000f14:	4806      	ldr	r0, [pc, #24]	@ (10000f30 <make_j_16+0x44>)
10000f16:	31ff      	adds	r1, #255	@ 0xff
10000f18:	f003 f874 	bl	10004004 <__assert_func>
10000f1c:	000007fc 	.word	0x000007fc
10000f20:	00000ffe 	.word	0x00000ffe
10000f24:	ffffe000 	.word	0xffffe000
10000f28:	100082e8 	.word	0x100082e8
10000f2c:	10008ef0 	.word	0x10008ef0
10000f30:	100082a4 	.word	0x100082a4

10000f34 <insert_bl_32>:
10000f34:	b510      	push	{r4, lr}
10000f36:	1a09      	subs	r1, r1, r0
10000f38:	3904      	subs	r1, #4
10000f3a:	084a      	lsrs	r2, r1, #1
10000f3c:	0b09      	lsrs	r1, r1, #12
10000f3e:	d108      	bne.n	10000f52 <insert_bl_32+0x1e>
10000f40:	0549      	lsls	r1, r1, #21
10000f42:	0d49      	lsrs	r1, r1, #21
10000f44:	4b06      	ldr	r3, [pc, #24]	@ (10000f60 <insert_bl_32+0x2c>)
10000f46:	430b      	orrs	r3, r1
10000f48:	8003      	strh	r3, [r0, #0]
10000f4a:	4b06      	ldr	r3, [pc, #24]	@ (10000f64 <insert_bl_32+0x30>)
10000f4c:	4313      	orrs	r3, r2
10000f4e:	8043      	strh	r3, [r0, #2]
10000f50:	bd10      	pop	{r4, pc}
10000f52:	4b05      	ldr	r3, [pc, #20]	@ (10000f68 <insert_bl_32+0x34>)
10000f54:	4a05      	ldr	r2, [pc, #20]	@ (10000f6c <insert_bl_32+0x38>)
10000f56:	210a      	movs	r1, #10
10000f58:	4805      	ldr	r0, [pc, #20]	@ (10000f70 <insert_bl_32+0x3c>)
10000f5a:	31ff      	adds	r1, #255	@ 0xff
10000f5c:	f003 f852 	bl	10004004 <__assert_func>
10000f60:	fffff000 	.word	0xfffff000
10000f64:	fffff800 	.word	0xfffff800
10000f68:	10008318 	.word	0x10008318
10000f6c:	10008ecc 	.word	0x10008ecc
10000f70:	100082a4 	.word	0x100082a4

10000f74 <irq_is_enabled>:
10000f74:	2301      	movs	r3, #1
10000f76:	4083      	lsls	r3, r0
10000f78:	4a03      	ldr	r2, [pc, #12]	@ (10000f88 <irq_is_enabled+0x14>)
10000f7a:	6810      	ldr	r0, [r2, #0]
10000f7c:	4018      	ands	r0, r3
10000f7e:	1e43      	subs	r3, r0, #1
10000f80:	4198      	sbcs	r0, r3
10000f82:	b2c0      	uxtb	r0, r0
10000f84:	4770      	bx	lr
10000f86:	46c0      	nop			@ (mov r8, r8)
10000f88:	e000e100 	.word	0xe000e100

10000f8c <irq_set_mask_n_enabled>:
10000f8c:	2a00      	cmp	r2, #0
10000f8e:	d005      	beq.n	10000f9c <irq_set_mask_n_enabled+0x10>
10000f90:	4b04      	ldr	r3, [pc, #16]	@ (10000fa4 <irq_set_mask_n_enabled+0x18>)
10000f92:	22c0      	movs	r2, #192	@ 0xc0
10000f94:	0052      	lsls	r2, r2, #1
10000f96:	5099      	str	r1, [r3, r2]
10000f98:	6019      	str	r1, [r3, #0]
10000f9a:	4770      	bx	lr
10000f9c:	4a01      	ldr	r2, [pc, #4]	@ (10000fa4 <irq_set_mask_n_enabled+0x18>)
10000f9e:	2380      	movs	r3, #128	@ 0x80
10000fa0:	50d1      	str	r1, [r2, r3]
10000fa2:	e7fa      	b.n	10000f9a <irq_set_mask_n_enabled+0xe>
10000fa4:	e000e100 	.word	0xe000e100

10000fa8 <irq_set_enabled>:
10000fa8:	b510      	push	{r4, lr}
10000faa:	000a      	movs	r2, r1
10000fac:	231f      	movs	r3, #31
10000fae:	4003      	ands	r3, r0
10000fb0:	2101      	movs	r1, #1
10000fb2:	4099      	lsls	r1, r3
10000fb4:	0940      	lsrs	r0, r0, #5
10000fb6:	f7ff ffe9 	bl	10000f8c <irq_set_mask_n_enabled>
10000fba:	bd10      	pop	{r4, pc}

10000fbc <irq_set_pending>:
10000fbc:	2301      	movs	r3, #1
10000fbe:	4083      	lsls	r3, r0
10000fc0:	4a01      	ldr	r2, [pc, #4]	@ (10000fc8 <irq_set_pending+0xc>)
10000fc2:	6013      	str	r3, [r2, #0]
10000fc4:	4770      	bx	lr
10000fc6:	46c0      	nop			@ (mov r8, r8)
10000fc8:	e000e200 	.word	0xe000e200

10000fcc <irq_get_vtable_handler>:
10000fcc:	4b02      	ldr	r3, [pc, #8]	@ (10000fd8 <irq_get_vtable_handler+0xc>)
10000fce:	689b      	ldr	r3, [r3, #8]
10000fd0:	3010      	adds	r0, #16
10000fd2:	0080      	lsls	r0, r0, #2
10000fd4:	58c0      	ldr	r0, [r0, r3]
10000fd6:	4770      	bx	lr
10000fd8:	e000ed00 	.word	0xe000ed00

10000fdc <irq_has_shared_handler>:
10000fdc:	b510      	push	{r4, lr}
10000fde:	f7ff fff5 	bl	10000fcc <irq_get_vtable_handler>
10000fe2:	2800      	cmp	r0, #0
10000fe4:	d005      	beq.n	10000ff2 <irq_has_shared_handler+0x16>
10000fe6:	4b05      	ldr	r3, [pc, #20]	@ (10000ffc <irq_has_shared_handler+0x20>)
10000fe8:	1ac0      	subs	r0, r0, r3
10000fea:	282f      	cmp	r0, #47	@ 0x2f
10000fec:	d803      	bhi.n	10000ff6 <irq_has_shared_handler+0x1a>
10000fee:	2001      	movs	r0, #1
10000ff0:	bd10      	pop	{r4, pc}
10000ff2:	2000      	movs	r0, #0
10000ff4:	e7fc      	b.n	10000ff0 <irq_has_shared_handler+0x14>
10000ff6:	2000      	movs	r0, #0
10000ff8:	e7fa      	b.n	10000ff0 <irq_has_shared_handler+0x14>
10000ffa:	46c0      	nop			@ (mov r8, r8)
10000ffc:	20000bcc 	.word	0x20000bcc

10001000 <irq_set_exclusive_handler>:
10001000:	b570      	push	{r4, r5, r6, lr}
10001002:	0004      	movs	r4, r0
10001004:	000d      	movs	r5, r1
10001006:	f3ef 8610 	mrs	r6, PRIMASK
1000100a:	b672      	cpsid	i
1000100c:	4b0c      	ldr	r3, [pc, #48]	@ (10001040 <irq_set_exclusive_handler+0x40>)
1000100e:	681b      	ldr	r3, [r3, #0]
10001010:	2b00      	cmp	r3, #0
10001012:	d0fb      	beq.n	1000100c <irq_set_exclusive_handler+0xc>
10001014:	f3bf 8f5f 	dmb	sy
10001018:	0020      	movs	r0, r4
1000101a:	f7ff ffd7 	bl	10000fcc <irq_get_vtable_handler>
1000101e:	4b09      	ldr	r3, [pc, #36]	@ (10001044 <irq_set_exclusive_handler+0x44>)
10001020:	4298      	cmp	r0, r3
10001022:	d001      	beq.n	10001028 <irq_set_exclusive_handler+0x28>
10001024:	42a8      	cmp	r0, r5
10001026:	d105      	bne.n	10001034 <irq_set_exclusive_handler+0x34>
10001028:	0032      	movs	r2, r6
1000102a:	0029      	movs	r1, r5
1000102c:	0020      	movs	r0, r4
1000102e:	f7ff ff1f 	bl	10000e70 <set_raw_irq_handler_and_unlock>
10001032:	bd70      	pop	{r4, r5, r6, pc}
10001034:	4b04      	ldr	r3, [pc, #16]	@ (10001048 <irq_set_exclusive_handler+0x48>)
10001036:	4a05      	ldr	r2, [pc, #20]	@ (1000104c <irq_set_exclusive_handler+0x4c>)
10001038:	4805      	ldr	r0, [pc, #20]	@ (10001050 <irq_set_exclusive_handler+0x50>)
1000103a:	21e1      	movs	r1, #225	@ 0xe1
1000103c:	f002 ffe2 	bl	10004004 <__assert_func>
10001040:	d0000124 	.word	0xd0000124
10001044:	100001cd 	.word	0x100001cd
10001048:	10008328 	.word	0x10008328
1000104c:	10008f24 	.word	0x10008f24
10001050:	100082a4 	.word	0x100082a4

10001054 <irq_add_shared_handler>:
10001054:	b5f0      	push	{r4, r5, r6, r7, lr}
10001056:	46de      	mov	lr, fp
10001058:	4657      	mov	r7, sl
1000105a:	464e      	mov	r6, r9
1000105c:	4645      	mov	r5, r8
1000105e:	b5e0      	push	{r5, r6, r7, lr}
10001060:	b089      	sub	sp, #36	@ 0x24
10001062:	4681      	mov	r9, r0
10001064:	9101      	str	r1, [sp, #4]
10001066:	0015      	movs	r5, r2
10001068:	f3ef 8b10 	mrs	fp, PRIMASK
1000106c:	b672      	cpsid	i
1000106e:	4b6f      	ldr	r3, [pc, #444]	@ (1000122c <irq_add_shared_handler+0x1d8>)
10001070:	681b      	ldr	r3, [r3, #0]
10001072:	2b00      	cmp	r3, #0
10001074:	d0fb      	beq.n	1000106e <irq_add_shared_handler+0x1a>
10001076:	f3bf 8f5f 	dmb	sy
1000107a:	4b6d      	ldr	r3, [pc, #436]	@ (10001230 <irq_add_shared_handler+0x1dc>)
1000107c:	2600      	movs	r6, #0
1000107e:	579e      	ldrsb	r6, [r3, r6]
10001080:	2e00      	cmp	r6, #0
10001082:	db40      	blt.n	10001106 <irq_add_shared_handler+0xb2>
10001084:	0074      	lsls	r4, r6, #1
10001086:	19a4      	adds	r4, r4, r6
10001088:	00a4      	lsls	r4, r4, #2
1000108a:	486a      	ldr	r0, [pc, #424]	@ (10001234 <irq_add_shared_handler+0x1e0>)
1000108c:	1824      	adds	r4, r4, r0
1000108e:	2206      	movs	r2, #6
10001090:	56a2      	ldrsb	r2, [r4, r2]
10001092:	4b67      	ldr	r3, [pc, #412]	@ (10001230 <irq_add_shared_handler+0x1dc>)
10001094:	701a      	strb	r2, [r3, #0]
10001096:	4b68      	ldr	r3, [pc, #416]	@ (10001238 <irq_add_shared_handler+0x1e4>)
10001098:	689a      	ldr	r2, [r3, #8]
1000109a:	464b      	mov	r3, r9
1000109c:	3310      	adds	r3, #16
1000109e:	009b      	lsls	r3, r3, #2
100010a0:	58d3      	ldr	r3, [r2, r3]
100010a2:	4698      	mov	r8, r3
100010a4:	1a1b      	subs	r3, r3, r0
100010a6:	2b2f      	cmp	r3, #47	@ 0x2f
100010a8:	d93b      	bls.n	10001122 <irq_add_shared_handler+0xce>
100010aa:	4b64      	ldr	r3, [pc, #400]	@ (1000123c <irq_add_shared_handler+0x1e8>)
100010ac:	4598      	cmp	r8, r3
100010ae:	d131      	bne.n	10001114 <irq_add_shared_handler+0xc0>
100010b0:	af05      	add	r7, sp, #20
100010b2:	4b63      	ldr	r3, [pc, #396]	@ (10001240 <irq_add_shared_handler+0x1ec>)
100010b4:	803b      	strh	r3, [r7, #0]
100010b6:	4963      	ldr	r1, [pc, #396]	@ (10001244 <irq_add_shared_handler+0x1f0>)
100010b8:	0073      	lsls	r3, r6, #1
100010ba:	469a      	mov	sl, r3
100010bc:	1998      	adds	r0, r3, r6
100010be:	0080      	lsls	r0, r0, #2
100010c0:	4b5c      	ldr	r3, [pc, #368]	@ (10001234 <irq_add_shared_handler+0x1e0>)
100010c2:	4698      	mov	r8, r3
100010c4:	4440      	add	r0, r8
100010c6:	3002      	adds	r0, #2
100010c8:	f7ff ff10 	bl	10000eec <make_j_16>
100010cc:	8078      	strh	r0, [r7, #2]
100010ce:	4b5e      	ldr	r3, [pc, #376]	@ (10001248 <irq_add_shared_handler+0x1f4>)
100010d0:	80bb      	strh	r3, [r7, #4]
100010d2:	23ff      	movs	r3, #255	@ 0xff
100010d4:	71bb      	strb	r3, [r7, #6]
100010d6:	71fd      	strb	r5, [r7, #7]
100010d8:	9b01      	ldr	r3, [sp, #4]
100010da:	9307      	str	r3, [sp, #28]
100010dc:	0033      	movs	r3, r6
100010de:	4453      	add	r3, sl
100010e0:	009b      	lsls	r3, r3, #2
100010e2:	4443      	add	r3, r8
100010e4:	cf07      	ldmia	r7!, {r0, r1, r2}
100010e6:	c307      	stmia	r3!, {r0, r1, r2}
100010e8:	2301      	movs	r3, #1
100010ea:	431c      	orrs	r4, r3
100010ec:	46a0      	mov	r8, r4
100010ee:	465a      	mov	r2, fp
100010f0:	4641      	mov	r1, r8
100010f2:	4648      	mov	r0, r9
100010f4:	f7ff febc 	bl	10000e70 <set_raw_irq_handler_and_unlock>
100010f8:	b009      	add	sp, #36	@ 0x24
100010fa:	bcf0      	pop	{r4, r5, r6, r7}
100010fc:	46bb      	mov	fp, r7
100010fe:	46b2      	mov	sl, r6
10001100:	46a9      	mov	r9, r5
10001102:	46a0      	mov	r8, r4
10001104:	bdf0      	pop	{r4, r5, r6, r7, pc}
10001106:	4b51      	ldr	r3, [pc, #324]	@ (1000124c <irq_add_shared_handler+0x1f8>)
10001108:	4a51      	ldr	r2, [pc, #324]	@ (10001250 <irq_add_shared_handler+0x1fc>)
1000110a:	216e      	movs	r1, #110	@ 0x6e
1000110c:	4851      	ldr	r0, [pc, #324]	@ (10001254 <irq_add_shared_handler+0x200>)
1000110e:	31ff      	adds	r1, #255	@ 0xff
10001110:	f002 ff78 	bl	10004004 <__assert_func>
10001114:	4b50      	ldr	r3, [pc, #320]	@ (10001258 <irq_add_shared_handler+0x204>)
10001116:	4a4e      	ldr	r2, [pc, #312]	@ (10001250 <irq_add_shared_handler+0x1fc>)
10001118:	21ba      	movs	r1, #186	@ 0xba
1000111a:	484e      	ldr	r0, [pc, #312]	@ (10001254 <irq_add_shared_handler+0x200>)
1000111c:	0049      	lsls	r1, r1, #1
1000111e:	f002 ff71 	bl	10004004 <__assert_func>
10001122:	2301      	movs	r3, #1
10001124:	4642      	mov	r2, r8
10001126:	439a      	bics	r2, r3
10001128:	4692      	mov	sl, r2
1000112a:	1a10      	subs	r0, r2, r0
1000112c:	210c      	movs	r1, #12
1000112e:	f001 fa41 	bl	100025b4 <__wrap___aeabi_uidiv>
10001132:	2900      	cmp	r1, #0
10001134:	d10f      	bne.n	10001156 <irq_add_shared_handler+0x102>
10001136:	4653      	mov	r3, sl
10001138:	2700      	movs	r7, #0
1000113a:	79da      	ldrb	r2, [r3, #7]
1000113c:	42aa      	cmp	r2, r5
1000113e:	d912      	bls.n	10001166 <irq_add_shared_handler+0x112>
10001140:	2106      	movs	r1, #6
10001142:	5659      	ldrsb	r1, [r3, r1]
10001144:	2900      	cmp	r1, #0
10001146:	db0d      	blt.n	10001164 <irq_add_shared_handler+0x110>
10001148:	004a      	lsls	r2, r1, #1
1000114a:	1852      	adds	r2, r2, r1
1000114c:	0092      	lsls	r2, r2, #2
1000114e:	4939      	ldr	r1, [pc, #228]	@ (10001234 <irq_add_shared_handler+0x1e0>)
10001150:	001f      	movs	r7, r3
10001152:	188b      	adds	r3, r1, r2
10001154:	e7f1      	b.n	1000113a <irq_add_shared_handler+0xe6>
10001156:	4b41      	ldr	r3, [pc, #260]	@ (1000125c <irq_add_shared_handler+0x208>)
10001158:	4a3d      	ldr	r2, [pc, #244]	@ (10001250 <irq_add_shared_handler+0x1fc>)
1000115a:	2186      	movs	r1, #134	@ 0x86
1000115c:	483d      	ldr	r0, [pc, #244]	@ (10001254 <irq_add_shared_handler+0x200>)
1000115e:	31ff      	adds	r1, #255	@ 0xff
10001160:	f002 ff50 	bl	10004004 <__assert_func>
10001164:	001f      	movs	r7, r3
10001166:	2f00      	cmp	r7, #0
10001168:	d02e      	beq.n	100011c8 <irq_add_shared_handler+0x174>
1000116a:	ab05      	add	r3, sp, #20
1000116c:	4a3c      	ldr	r2, [pc, #240]	@ (10001260 <irq_add_shared_handler+0x20c>)
1000116e:	801a      	strh	r2, [r3, #0]
10001170:	3a81      	subs	r2, #129	@ 0x81
10001172:	805a      	strh	r2, [r3, #2]
10001174:	2306      	movs	r3, #6
10001176:	56fb      	ldrsb	r3, [r7, r3]
10001178:	9302      	str	r3, [sp, #8]
1000117a:	2b00      	cmp	r3, #0
1000117c:	da17      	bge.n	100011ae <irq_add_shared_handler+0x15a>
1000117e:	4839      	ldr	r0, [pc, #228]	@ (10001264 <irq_add_shared_handler+0x210>)
10001180:	ab05      	add	r3, sp, #20
10001182:	469a      	mov	sl, r3
10001184:	8098      	strh	r0, [r3, #4]
10001186:	9a02      	ldr	r2, [sp, #8]
10001188:	719a      	strb	r2, [r3, #6]
1000118a:	71dd      	strb	r5, [r3, #7]
1000118c:	9a01      	ldr	r2, [sp, #4]
1000118e:	9207      	str	r2, [sp, #28]
10001190:	1d38      	adds	r0, r7, #4
10001192:	0021      	movs	r1, r4
10001194:	f7ff feaa 	bl	10000eec <make_j_16>
10001198:	80b8      	strh	r0, [r7, #4]
1000119a:	71be      	strb	r6, [r7, #6]
1000119c:	4b25      	ldr	r3, [pc, #148]	@ (10001234 <irq_add_shared_handler+0x1e0>)
1000119e:	0072      	lsls	r2, r6, #1
100011a0:	1992      	adds	r2, r2, r6
100011a2:	0092      	lsls	r2, r2, #2
100011a4:	189b      	adds	r3, r3, r2
100011a6:	4652      	mov	r2, sl
100011a8:	ca13      	ldmia	r2!, {r0, r1, r4}
100011aa:	c313      	stmia	r3!, {r0, r1, r4}
100011ac:	e79f      	b.n	100010ee <irq_add_shared_handler+0x9a>
100011ae:	1d38      	adds	r0, r7, #4
100011b0:	f7ff fe84 	bl	10000ebc <resolve_j_16>
100011b4:	0001      	movs	r1, r0
100011b6:	0070      	lsls	r0, r6, #1
100011b8:	1980      	adds	r0, r0, r6
100011ba:	0080      	lsls	r0, r0, #2
100011bc:	4b1d      	ldr	r3, [pc, #116]	@ (10001234 <irq_add_shared_handler+0x1e0>)
100011be:	18c0      	adds	r0, r0, r3
100011c0:	3004      	adds	r0, #4
100011c2:	f7ff fe93 	bl	10000eec <make_j_16>
100011c6:	e7db      	b.n	10001180 <irq_add_shared_handler+0x12c>
100011c8:	af05      	add	r7, sp, #20
100011ca:	4b1d      	ldr	r3, [pc, #116]	@ (10001240 <irq_add_shared_handler+0x1ec>)
100011cc:	803b      	strh	r3, [r7, #0]
100011ce:	491d      	ldr	r1, [pc, #116]	@ (10001244 <irq_add_shared_handler+0x1f0>)
100011d0:	0073      	lsls	r3, r6, #1
100011d2:	9302      	str	r3, [sp, #8]
100011d4:	199b      	adds	r3, r3, r6
100011d6:	009b      	lsls	r3, r3, #2
100011d8:	4a16      	ldr	r2, [pc, #88]	@ (10001234 <irq_add_shared_handler+0x1e0>)
100011da:	4690      	mov	r8, r2
100011dc:	001a      	movs	r2, r3
100011de:	4442      	add	r2, r8
100011e0:	9203      	str	r2, [sp, #12]
100011e2:	1c90      	adds	r0, r2, #2
100011e4:	f7ff fe82 	bl	10000eec <make_j_16>
100011e8:	8078      	strh	r0, [r7, #2]
100011ea:	9a03      	ldr	r2, [sp, #12]
100011ec:	1d10      	adds	r0, r2, #4
100011ee:	4651      	mov	r1, sl
100011f0:	f7ff fe7c 	bl	10000eec <make_j_16>
100011f4:	80b8      	strh	r0, [r7, #4]
100011f6:	4b1c      	ldr	r3, [pc, #112]	@ (10001268 <irq_add_shared_handler+0x214>)
100011f8:	4652      	mov	r2, sl
100011fa:	4641      	mov	r1, r8
100011fc:	1a52      	subs	r2, r2, r1
100011fe:	4152      	adcs	r2, r2
10001200:	4353      	muls	r3, r2
10001202:	0d1b      	lsrs	r3, r3, #20
10001204:	71bb      	strb	r3, [r7, #6]
10001206:	71fd      	strb	r5, [r7, #7]
10001208:	9a01      	ldr	r2, [sp, #4]
1000120a:	9207      	str	r2, [sp, #28]
1000120c:	9b02      	ldr	r3, [sp, #8]
1000120e:	199b      	adds	r3, r3, r6
10001210:	009b      	lsls	r3, r3, #2
10001212:	4443      	add	r3, r8
10001214:	cf07      	ldmia	r7!, {r0, r1, r2}
10001216:	c307      	stmia	r3!, {r0, r1, r2}
10001218:	4b11      	ldr	r3, [pc, #68]	@ (10001260 <irq_add_shared_handler+0x20c>)
1000121a:	4652      	mov	r2, sl
1000121c:	8013      	strh	r3, [r2, #0]
1000121e:	3b81      	subs	r3, #129	@ 0x81
10001220:	8053      	strh	r3, [r2, #2]
10001222:	2301      	movs	r3, #1
10001224:	431c      	orrs	r4, r3
10001226:	46a0      	mov	r8, r4
10001228:	e761      	b.n	100010ee <irq_add_shared_handler+0x9a>
1000122a:	46c0      	nop			@ (mov r8, r8)
1000122c:	d0000124 	.word	0xd0000124
10001230:	200025ae 	.word	0x200025ae
10001234:	20000bcc 	.word	0x20000bcc
10001238:	e000ed00 	.word	0xe000ed00
1000123c:	100001cd 	.word	0x100001cd
10001240:	ffffa100 	.word	0xffffa100
10001244:	20000bfc 	.word	0x20000bfc
10001248:	ffffbd01 	.word	0xffffbd01
1000124c:	10008360 	.word	0x10008360
10001250:	10008f0c 	.word	0x10008f0c
10001254:	100082a4 	.word	0x100082a4
10001258:	10008388 	.word	0x10008388
1000125c:	100083b0 	.word	0x100083b0
10001260:	00004801 	.word	0x00004801
10001264:	0000bd01 	.word	0x0000bd01
10001268:	0000aaaa 	.word	0x0000aaaa

1000126c <irq_remove_handler>:
1000126c:	b5f0      	push	{r4, r5, r6, r7, lr}
1000126e:	46ce      	mov	lr, r9
10001270:	4647      	mov	r7, r8
10001272:	b580      	push	{r7, lr}
10001274:	b083      	sub	sp, #12
10001276:	0006      	movs	r6, r0
10001278:	000d      	movs	r5, r1
1000127a:	f3ef 8810 	mrs	r8, PRIMASK
1000127e:	b672      	cpsid	i
10001280:	4b4f      	ldr	r3, [pc, #316]	@ (100013c0 <irq_remove_handler+0x154>)
10001282:	681b      	ldr	r3, [r3, #0]
10001284:	2b00      	cmp	r3, #0
10001286:	d0fb      	beq.n	10001280 <irq_remove_handler+0x14>
10001288:	f3bf 8f5f 	dmb	sy
1000128c:	4b4d      	ldr	r3, [pc, #308]	@ (100013c4 <irq_remove_handler+0x158>)
1000128e:	689a      	ldr	r2, [r3, #8]
10001290:	0034      	movs	r4, r6
10001292:	3410      	adds	r4, #16
10001294:	00a3      	lsls	r3, r4, #2
10001296:	58d7      	ldr	r7, [r2, r3]
10001298:	4b4b      	ldr	r3, [pc, #300]	@ (100013c8 <irq_remove_handler+0x15c>)
1000129a:	429f      	cmp	r7, r3
1000129c:	d007      	beq.n	100012ae <irq_remove_handler+0x42>
1000129e:	42af      	cmp	r7, r5
100012a0:	d100      	bne.n	100012a4 <irq_remove_handler+0x38>
100012a2:	e08a      	b.n	100013ba <irq_remove_handler+0x14e>
100012a4:	9701      	str	r7, [sp, #4]
100012a6:	4b49      	ldr	r3, [pc, #292]	@ (100013cc <irq_remove_handler+0x160>)
100012a8:	1afb      	subs	r3, r7, r3
100012aa:	2b2f      	cmp	r3, #47	@ 0x2f
100012ac:	d909      	bls.n	100012c2 <irq_remove_handler+0x56>
100012ae:	4642      	mov	r2, r8
100012b0:	0039      	movs	r1, r7
100012b2:	0030      	movs	r0, r6
100012b4:	f7ff fddc 	bl	10000e70 <set_raw_irq_handler_and_unlock>
100012b8:	b003      	add	sp, #12
100012ba:	bcc0      	pop	{r6, r7}
100012bc:	46b9      	mov	r9, r7
100012be:	46b0      	mov	r8, r6
100012c0:	bdf0      	pop	{r4, r5, r6, r7, pc}
100012c2:	0030      	movs	r0, r6
100012c4:	f7ff fe56 	bl	10000f74 <irq_is_enabled>
100012c8:	4681      	mov	r9, r0
100012ca:	2100      	movs	r1, #0
100012cc:	0030      	movs	r0, r6
100012ce:	f7ff fe6b 	bl	10000fa8 <irq_set_enabled>
100012d2:	f3bf 8f5f 	dmb	sy
100012d6:	f3ef 8105 	mrs	r1, IPSR
100012da:	2900      	cmp	r1, #0
100012dc:	d001      	beq.n	100012e2 <irq_remove_handler+0x76>
100012de:	428c      	cmp	r4, r1
100012e0:	d111      	bne.n	10001306 <irq_remove_handler+0x9a>
100012e2:	2301      	movs	r3, #1
100012e4:	9c01      	ldr	r4, [sp, #4]
100012e6:	439c      	bics	r4, r3
100012e8:	2000      	movs	r0, #0
100012ea:	68a3      	ldr	r3, [r4, #8]
100012ec:	429d      	cmp	r5, r3
100012ee:	d012      	beq.n	10001316 <irq_remove_handler+0xaa>
100012f0:	2206      	movs	r2, #6
100012f2:	56a2      	ldrsb	r2, [r4, r2]
100012f4:	2a00      	cmp	r2, #0
100012f6:	db0d      	blt.n	10001314 <irq_remove_handler+0xa8>
100012f8:	0053      	lsls	r3, r2, #1
100012fa:	189b      	adds	r3, r3, r2
100012fc:	009b      	lsls	r3, r3, #2
100012fe:	4a33      	ldr	r2, [pc, #204]	@ (100013cc <irq_remove_handler+0x160>)
10001300:	0020      	movs	r0, r4
10001302:	18d4      	adds	r4, r2, r3
10001304:	e7f1      	b.n	100012ea <irq_remove_handler+0x7e>
10001306:	4b32      	ldr	r3, [pc, #200]	@ (100013d0 <irq_remove_handler+0x164>)
10001308:	4a32      	ldr	r2, [pc, #200]	@ (100013d4 <irq_remove_handler+0x168>)
1000130a:	21f4      	movs	r1, #244	@ 0xf4
1000130c:	4832      	ldr	r0, [pc, #200]	@ (100013d8 <irq_remove_handler+0x16c>)
1000130e:	31ff      	adds	r1, #255	@ 0xff
10001310:	f002 fe78 	bl	10004004 <__assert_func>
10001314:	0020      	movs	r0, r4
10001316:	429d      	cmp	r5, r3
10001318:	d149      	bne.n	100013ae <irq_remove_handler+0x142>
1000131a:	2506      	movs	r5, #6
1000131c:	5765      	ldrsb	r5, [r4, r5]
1000131e:	2d00      	cmp	r5, #0
10001320:	db2b      	blt.n	1000137a <irq_remove_handler+0x10e>
10001322:	4b2a      	ldr	r3, [pc, #168]	@ (100013cc <irq_remove_handler+0x160>)
10001324:	006a      	lsls	r2, r5, #1
10001326:	1952      	adds	r2, r2, r5
10001328:	0092      	lsls	r2, r2, #2
1000132a:	189b      	adds	r3, r3, r2
1000132c:	689a      	ldr	r2, [r3, #8]
1000132e:	60a2      	str	r2, [r4, #8]
10001330:	79da      	ldrb	r2, [r3, #7]
10001332:	71e2      	strb	r2, [r4, #7]
10001334:	799b      	ldrb	r3, [r3, #6]
10001336:	b25b      	sxtb	r3, r3
10001338:	71a3      	strb	r3, [r4, #6]
1000133a:	2b00      	cmp	r3, #0
1000133c:	da0f      	bge.n	1000135e <irq_remove_handler+0xf2>
1000133e:	4827      	ldr	r0, [pc, #156]	@ (100013dc <irq_remove_handler+0x170>)
10001340:	80a0      	strh	r0, [r4, #4]
10001342:	4b22      	ldr	r3, [pc, #136]	@ (100013cc <irq_remove_handler+0x160>)
10001344:	006a      	lsls	r2, r5, #1
10001346:	1952      	adds	r2, r2, r5
10001348:	0092      	lsls	r2, r2, #2
1000134a:	189b      	adds	r3, r3, r2
1000134c:	4a24      	ldr	r2, [pc, #144]	@ (100013e0 <irq_remove_handler+0x174>)
1000134e:	7811      	ldrb	r1, [r2, #0]
10001350:	7199      	strb	r1, [r3, #6]
10001352:	7015      	strb	r5, [r2, #0]
10001354:	4649      	mov	r1, r9
10001356:	0030      	movs	r0, r6
10001358:	f7ff fe26 	bl	10000fa8 <irq_set_enabled>
1000135c:	e7a7      	b.n	100012ae <irq_remove_handler+0x42>
1000135e:	0068      	lsls	r0, r5, #1
10001360:	1940      	adds	r0, r0, r5
10001362:	0080      	lsls	r0, r0, #2
10001364:	4b19      	ldr	r3, [pc, #100]	@ (100013cc <irq_remove_handler+0x160>)
10001366:	18c0      	adds	r0, r0, r3
10001368:	3004      	adds	r0, #4
1000136a:	f7ff fda7 	bl	10000ebc <resolve_j_16>
1000136e:	0001      	movs	r1, r0
10001370:	1d23      	adds	r3, r4, #4
10001372:	0018      	movs	r0, r3
10001374:	f7ff fdba 	bl	10000eec <make_j_16>
10001378:	e7e2      	b.n	10001340 <irq_remove_handler+0xd4>
1000137a:	2900      	cmp	r1, #0
1000137c:	d112      	bne.n	100013a4 <irq_remove_handler+0x138>
1000137e:	2800      	cmp	r0, #0
10001380:	d00e      	beq.n	100013a0 <irq_remove_handler+0x134>
10001382:	23ff      	movs	r3, #255	@ 0xff
10001384:	7183      	strb	r3, [r0, #6]
10001386:	4b17      	ldr	r3, [pc, #92]	@ (100013e4 <irq_remove_handler+0x178>)
10001388:	8083      	strh	r3, [r0, #4]
1000138a:	4915      	ldr	r1, [pc, #84]	@ (100013e0 <irq_remove_handler+0x174>)
1000138c:	780b      	ldrb	r3, [r1, #0]
1000138e:	71a3      	strb	r3, [r4, #6]
10001390:	4a0e      	ldr	r2, [pc, #56]	@ (100013cc <irq_remove_handler+0x160>)
10001392:	4b15      	ldr	r3, [pc, #84]	@ (100013e8 <irq_remove_handler+0x17c>)
10001394:	1aa4      	subs	r4, r4, r2
10001396:	4164      	adcs	r4, r4
10001398:	4363      	muls	r3, r4
1000139a:	0d1b      	lsrs	r3, r3, #20
1000139c:	700b      	strb	r3, [r1, #0]
1000139e:	e7d9      	b.n	10001354 <irq_remove_handler+0xe8>
100013a0:	4f09      	ldr	r7, [pc, #36]	@ (100013c8 <irq_remove_handler+0x15c>)
100013a2:	e7f2      	b.n	1000138a <irq_remove_handler+0x11e>
100013a4:	4911      	ldr	r1, [pc, #68]	@ (100013ec <irq_remove_handler+0x180>)
100013a6:	1d20      	adds	r0, r4, #4
100013a8:	f7ff fdc4 	bl	10000f34 <insert_bl_32>
100013ac:	e7d2      	b.n	10001354 <irq_remove_handler+0xe8>
100013ae:	4b10      	ldr	r3, [pc, #64]	@ (100013f0 <irq_remove_handler+0x184>)
100013b0:	4a08      	ldr	r2, [pc, #32]	@ (100013d4 <irq_remove_handler+0x168>)
100013b2:	4809      	ldr	r0, [pc, #36]	@ (100013d8 <irq_remove_handler+0x16c>)
100013b4:	490f      	ldr	r1, [pc, #60]	@ (100013f4 <irq_remove_handler+0x188>)
100013b6:	f002 fe25 	bl	10004004 <__assert_func>
100013ba:	4f03      	ldr	r7, [pc, #12]	@ (100013c8 <irq_remove_handler+0x15c>)
100013bc:	e777      	b.n	100012ae <irq_remove_handler+0x42>
100013be:	46c0      	nop			@ (mov r8, r8)
100013c0:	d0000124 	.word	0xd0000124
100013c4:	e000ed00 	.word	0xe000ed00
100013c8:	100001cd 	.word	0x100001cd
100013cc:	20000bcc 	.word	0x20000bcc
100013d0:	10008434 	.word	0x10008434
100013d4:	10008edc 	.word	0x10008edc
100013d8:	100082a4 	.word	0x100082a4
100013dc:	0000bd01 	.word	0x0000bd01
100013e0:	200025ae 	.word	0x200025ae
100013e4:	ffffbd01 	.word	0xffffbd01
100013e8:	0000aaaa 	.word	0x0000aaaa
100013ec:	20000c06 	.word	0x20000c06
100013f0:	10008468 	.word	0x10008468
100013f4:	00000235 	.word	0x00000235

100013f8 <irq_add_tail_to_free_list>:
100013f8:	b5f8      	push	{r3, r4, r5, r6, r7, lr}
100013fa:	2201      	movs	r2, #1
100013fc:	4302      	orrs	r2, r0
100013fe:	4b2c      	ldr	r3, [pc, #176]	@ (100014b0 <irq_add_tail_to_free_list+0xb8>)
10001400:	1ad3      	subs	r3, r2, r3
10001402:	2b2f      	cmp	r3, #47	@ 0x2f
10001404:	d828      	bhi.n	10001458 <irq_add_tail_to_free_list+0x60>
10001406:	f3ef 8305 	mrs	r3, IPSR
1000140a:	2b00      	cmp	r3, #0
1000140c:	d02a      	beq.n	10001464 <irq_add_tail_to_free_list+0x6c>
1000140e:	f3ef 8410 	mrs	r4, PRIMASK
10001412:	b672      	cpsid	i
10001414:	4927      	ldr	r1, [pc, #156]	@ (100014b4 <irq_add_tail_to_free_list+0xbc>)
10001416:	6809      	ldr	r1, [r1, #0]
10001418:	2900      	cmp	r1, #0
1000141a:	d0fb      	beq.n	10001414 <irq_add_tail_to_free_list+0x1c>
1000141c:	f3bf 8f5f 	dmb	sy
10001420:	4d23      	ldr	r5, [pc, #140]	@ (100014b0 <irq_add_tail_to_free_list+0xb8>)
10001422:	4925      	ldr	r1, [pc, #148]	@ (100014b8 <irq_add_tail_to_free_list+0xc0>)
10001424:	0006      	movs	r6, r0
10001426:	1b76      	subs	r6, r6, r5
10001428:	4176      	adcs	r6, r6
1000142a:	4371      	muls	r1, r6
1000142c:	0d09      	lsrs	r1, r1, #20
1000142e:	b24d      	sxtb	r5, r1
10001430:	4922      	ldr	r1, [pc, #136]	@ (100014bc <irq_add_tail_to_free_list+0xc4>)
10001432:	6889      	ldr	r1, [r1, #8]
10001434:	009b      	lsls	r3, r3, #2
10001436:	58c9      	ldr	r1, [r1, r3]
10001438:	4291      	cmp	r1, r2
1000143a:	d019      	beq.n	10001470 <irq_add_tail_to_free_list+0x78>
1000143c:	2100      	movs	r1, #0
1000143e:	2903      	cmp	r1, #3
10001440:	d830      	bhi.n	100014a4 <irq_add_tail_to_free_list+0xac>
10001442:	4b1b      	ldr	r3, [pc, #108]	@ (100014b0 <irq_add_tail_to_free_list+0xb8>)
10001444:	004a      	lsls	r2, r1, #1
10001446:	1852      	adds	r2, r2, r1
10001448:	0092      	lsls	r2, r2, #2
1000144a:	189b      	adds	r3, r3, r2
1000144c:	799b      	ldrb	r3, [r3, #6]
1000144e:	b25b      	sxtb	r3, r3
10001450:	42ab      	cmp	r3, r5
10001452:	d01d      	beq.n	10001490 <irq_add_tail_to_free_list+0x98>
10001454:	3101      	adds	r1, #1
10001456:	e7f2      	b.n	1000143e <irq_add_tail_to_free_list+0x46>
10001458:	4b19      	ldr	r3, [pc, #100]	@ (100014c0 <irq_add_tail_to_free_list+0xc8>)
1000145a:	4a1a      	ldr	r2, [pc, #104]	@ (100014c4 <irq_add_tail_to_free_list+0xcc>)
1000145c:	481a      	ldr	r0, [pc, #104]	@ (100014c8 <irq_add_tail_to_free_list+0xd0>)
1000145e:	491b      	ldr	r1, [pc, #108]	@ (100014cc <irq_add_tail_to_free_list+0xd4>)
10001460:	f002 fdd0 	bl	10004004 <__assert_func>
10001464:	4b1a      	ldr	r3, [pc, #104]	@ (100014d0 <irq_add_tail_to_free_list+0xd8>)
10001466:	4a17      	ldr	r2, [pc, #92]	@ (100014c4 <irq_add_tail_to_free_list+0xcc>)
10001468:	4817      	ldr	r0, [pc, #92]	@ (100014c8 <irq_add_tail_to_free_list+0xd0>)
1000146a:	491a      	ldr	r1, [pc, #104]	@ (100014d4 <irq_add_tail_to_free_list+0xdc>)
1000146c:	f002 fdca 	bl	10004004 <__assert_func>
10001470:	4a12      	ldr	r2, [pc, #72]	@ (100014bc <irq_add_tail_to_free_list+0xc4>)
10001472:	6892      	ldr	r2, [r2, #8]
10001474:	4918      	ldr	r1, [pc, #96]	@ (100014d8 <irq_add_tail_to_free_list+0xe0>)
10001476:	50d1      	str	r1, [r2, r3]
10001478:	4b18      	ldr	r3, [pc, #96]	@ (100014dc <irq_add_tail_to_free_list+0xe4>)
1000147a:	781a      	ldrb	r2, [r3, #0]
1000147c:	7182      	strb	r2, [r0, #6]
1000147e:	701d      	strb	r5, [r3, #0]
10001480:	f3bf 8f5f 	dmb	sy
10001484:	4b0b      	ldr	r3, [pc, #44]	@ (100014b4 <irq_add_tail_to_free_list+0xbc>)
10001486:	2200      	movs	r2, #0
10001488:	601a      	str	r2, [r3, #0]
1000148a:	f384 8810 	msr	PRIMASK, r4
1000148e:	bdf8      	pop	{r3, r4, r5, r6, r7, pc}
10001490:	4b07      	ldr	r3, [pc, #28]	@ (100014b0 <irq_add_tail_to_free_list+0xb8>)
10001492:	004a      	lsls	r2, r1, #1
10001494:	1856      	adds	r6, r2, r1
10001496:	00b6      	lsls	r6, r6, #2
10001498:	199e      	adds	r6, r3, r6
1000149a:	27ff      	movs	r7, #255	@ 0xff
1000149c:	71b7      	strb	r7, [r6, #6]
1000149e:	4a10      	ldr	r2, [pc, #64]	@ (100014e0 <irq_add_tail_to_free_list+0xe8>)
100014a0:	80b2      	strh	r2, [r6, #4]
100014a2:	e7e9      	b.n	10001478 <irq_add_tail_to_free_list+0x80>
100014a4:	4b0f      	ldr	r3, [pc, #60]	@ (100014e4 <irq_add_tail_to_free_list+0xec>)
100014a6:	4a07      	ldr	r2, [pc, #28]	@ (100014c4 <irq_add_tail_to_free_list+0xcc>)
100014a8:	4807      	ldr	r0, [pc, #28]	@ (100014c8 <irq_add_tail_to_free_list+0xd0>)
100014aa:	490f      	ldr	r1, [pc, #60]	@ (100014e8 <irq_add_tail_to_free_list+0xf0>)
100014ac:	f002 fdaa 	bl	10004004 <__assert_func>
100014b0:	20000bcc 	.word	0x20000bcc
100014b4:	d0000124 	.word	0xd0000124
100014b8:	0000aaaa 	.word	0x0000aaaa
100014bc:	e000ed00 	.word	0xe000ed00
100014c0:	10008470 	.word	0x10008470
100014c4:	10008eb0 	.word	0x10008eb0
100014c8:	100082a4 	.word	0x100082a4
100014cc:	0000026e 	.word	0x0000026e
100014d0:	10008498 	.word	0x10008498
100014d4:	00000271 	.word	0x00000271
100014d8:	100001cd 	.word	0x100001cd
100014dc:	200025ae 	.word	0x200025ae
100014e0:	ffffbd01 	.word	0xffffbd01
100014e4:	100084a4 	.word	0x100084a4
100014e8:	00000282 	.word	0x00000282

100014ec <user_irq_claim_unused>:
100014ec:	b510      	push	{r4, lr}
100014ee:	b082      	sub	sp, #8
100014f0:	0001      	movs	r1, r0
100014f2:	4c07      	ldr	r4, [pc, #28]	@ (10001510 <user_irq_claim_unused+0x24>)
100014f4:	4b07      	ldr	r3, [pc, #28]	@ (10001514 <user_irq_claim_unused+0x28>)
100014f6:	9300      	str	r3, [sp, #0]
100014f8:	2305      	movs	r3, #5
100014fa:	2200      	movs	r2, #0
100014fc:	0020      	movs	r0, r4
100014fe:	f7ff fc5e 	bl	10000dbe <hw_claim_unused_from_range>
10001502:	2800      	cmp	r0, #0
10001504:	db01      	blt.n	1000150a <user_irq_claim_unused+0x1e>
10001506:	231f      	movs	r3, #31
10001508:	1a18      	subs	r0, r3, r0
1000150a:	b002      	add	sp, #8
1000150c:	bd10      	pop	{r4, pc}
1000150e:	46c0      	nop			@ (mov r8, r8)
10001510:	200025b2 	.word	0x200025b2
10001514:	100084ac 	.word	0x100084ac

10001518 <lock_init>:
10001518:	4b02      	ldr	r3, [pc, #8]	@ (10001524 <lock_init+0xc>)
1000151a:	469c      	mov	ip, r3
1000151c:	4461      	add	r1, ip
1000151e:	0089      	lsls	r1, r1, #2
10001520:	6001      	str	r1, [r0, #0]
10001522:	4770      	bx	lr
10001524:	34000040 	.word	0x34000040

10001528 <mutex_init>:
10001528:	b510      	push	{r4, lr}
1000152a:	0004      	movs	r4, r0
1000152c:	f7ff fc70 	bl	10000e10 <next_striped_spin_lock_num>
10001530:	0001      	movs	r1, r0
10001532:	0020      	movs	r0, r4
10001534:	f7ff fff0 	bl	10001518 <lock_init>
10001538:	23ff      	movs	r3, #255	@ 0xff
1000153a:	7123      	strb	r3, [r4, #4]
1000153c:	f3bf 8f5f 	dmb	sy
10001540:	bd10      	pop	{r4, pc}

10001542 <recursive_mutex_init>:
10001542:	b510      	push	{r4, lr}
10001544:	0004      	movs	r4, r0
10001546:	f7ff fc63 	bl	10000e10 <next_striped_spin_lock_num>
1000154a:	0001      	movs	r1, r0
1000154c:	0020      	movs	r0, r4
1000154e:	f7ff ffe3 	bl	10001518 <lock_init>
10001552:	23ff      	movs	r3, #255	@ 0xff
10001554:	7123      	strb	r3, [r4, #4]
10001556:	2300      	movs	r3, #0
10001558:	7163      	strb	r3, [r4, #5]
1000155a:	f3bf 8f5f 	dmb	sy
1000155e:	bd10      	pop	{r4, pc}

10001560 <runtime_init_mutex>:
10001560:	b510      	push	{r4, lr}
10001562:	4c0d      	ldr	r4, [pc, #52]	@ (10001598 <runtime_init_mutex+0x38>)
10001564:	e009      	b.n	1000157a <runtime_init_mutex+0x1a>
10001566:	4b0d      	ldr	r3, [pc, #52]	@ (1000159c <runtime_init_mutex+0x3c>)
10001568:	4a0d      	ldr	r2, [pc, #52]	@ (100015a0 <runtime_init_mutex+0x40>)
1000156a:	480e      	ldr	r0, [pc, #56]	@ (100015a4 <runtime_init_mutex+0x44>)
1000156c:	211a      	movs	r1, #26
1000156e:	f002 fd49 	bl	10004004 <__assert_func>
10001572:	0020      	movs	r0, r4
10001574:	f7ff ffd8 	bl	10001528 <mutex_init>
10001578:	3408      	adds	r4, #8
1000157a:	4b0b      	ldr	r3, [pc, #44]	@ (100015a8 <runtime_init_mutex+0x48>)
1000157c:	429c      	cmp	r4, r3
1000157e:	d209      	bcs.n	10001594 <runtime_init_mutex+0x34>
10001580:	6823      	ldr	r3, [r4, #0]
10001582:	2b00      	cmp	r3, #0
10001584:	d0f5      	beq.n	10001572 <runtime_init_mutex+0x12>
10001586:	2b01      	cmp	r3, #1
10001588:	d1ed      	bne.n	10001566 <runtime_init_mutex+0x6>
1000158a:	0020      	movs	r0, r4
1000158c:	f7ff ffd9 	bl	10001542 <recursive_mutex_init>
10001590:	3408      	adds	r4, #8
10001592:	e7f2      	b.n	1000157a <runtime_init_mutex+0x1a>
10001594:	bd10      	pop	{r4, pc}
10001596:	46c0      	nop			@ (mov r8, r8)
10001598:	200011e8 	.word	0x200011e8
1000159c:	100084c8 	.word	0x100084c8
100015a0:	10008f64 	.word	0x10008f64
100015a4:	100084e8 	.word	0x100084e8
100015a8:	200011f0 	.word	0x200011f0

100015ac <critical_section_init_with_lock_num>:
100015ac:	4b03      	ldr	r3, [pc, #12]	@ (100015bc <critical_section_init_with_lock_num+0x10>)
100015ae:	469c      	mov	ip, r3
100015b0:	4461      	add	r1, ip
100015b2:	0089      	lsls	r1, r1, #2
100015b4:	6001      	str	r1, [r0, #0]
100015b6:	f3bf 8f5f 	dmb	sy
100015ba:	4770      	bx	lr
100015bc:	34000040 	.word	0x34000040

100015c0 <critical_section_init>:
100015c0:	b510      	push	{r4, lr}
100015c2:	0004      	movs	r4, r0
100015c4:	2001      	movs	r0, #1
100015c6:	f7ff fc31 	bl	10000e2c <spin_lock_claim_unused>
100015ca:	0001      	movs	r1, r0
100015cc:	0020      	movs	r0, r4
100015ce:	f7ff ffed 	bl	100015ac <critical_section_init_with_lock_num>
100015d2:	bd10      	pop	{r4, pc}

100015d4 <make_alarm_id>:
100015d4:	0400      	lsls	r0, r0, #16
100015d6:	4308      	orrs	r0, r1
100015d8:	4770      	bx	lr
	...

100015dc <sleep_until_callback>:
100015dc:	4b0a      	ldr	r3, [pc, #40]	@ (10001608 <sleep_until_callback+0x2c>)
100015de:	6819      	ldr	r1, [r3, #0]
100015e0:	f3ef 8310 	mrs	r3, PRIMASK
100015e4:	b672      	cpsid	i
100015e6:	680a      	ldr	r2, [r1, #0]
100015e8:	2a00      	cmp	r2, #0
100015ea:	d0fc      	beq.n	100015e6 <sleep_until_callback+0xa>
100015ec:	f3bf 8f5f 	dmb	sy
100015f0:	4a05      	ldr	r2, [pc, #20]	@ (10001608 <sleep_until_callback+0x2c>)
100015f2:	6812      	ldr	r2, [r2, #0]
100015f4:	f3bf 8f5f 	dmb	sy
100015f8:	2100      	movs	r1, #0
100015fa:	6011      	str	r1, [r2, #0]
100015fc:	f383 8810 	msr	PRIMASK, r3
10001600:	bf40      	sev
10001602:	2000      	movs	r0, #0
10001604:	2100      	movs	r1, #0
10001606:	4770      	bx	lr
10001608:	2000256c 	.word	0x2000256c

1000160c <alarm_pool_irq_handler>:
1000160c:	b5f0      	push	{r4, r5, r6, r7, lr}
1000160e:	46de      	mov	lr, fp
10001610:	4657      	mov	r7, sl
10001612:	464e      	mov	r6, r9
10001614:	4645      	mov	r5, r8
10001616:	b5e0      	push	{r5, r6, r7, lr}
10001618:	b083      	sub	sp, #12
1000161a:	f3ef 8305 	mrs	r3, IPSR
1000161e:	2203      	movs	r2, #3
10001620:	401a      	ands	r2, r3
10001622:	9200      	str	r2, [sp, #0]
10001624:	4bb0      	ldr	r3, [pc, #704]	@ (100018e8 <alarm_pool_irq_handler+0x2dc>)
10001626:	0092      	lsls	r2, r2, #2
10001628:	58d3      	ldr	r3, [r2, r3]
1000162a:	4698      	mov	r8, r3
1000162c:	781b      	ldrb	r3, [r3, #0]
1000162e:	9a00      	ldr	r2, [sp, #0]
10001630:	4293      	cmp	r3, r2
10001632:	d107      	bne.n	10001644 <alarm_pool_irq_handler+0x38>
10001634:	2301      	movs	r3, #1
10001636:	9a00      	ldr	r2, [sp, #0]
10001638:	4093      	lsls	r3, r2
1000163a:	001a      	movs	r2, r3
1000163c:	9301      	str	r3, [sp, #4]
1000163e:	4bab      	ldr	r3, [pc, #684]	@ (100018ec <alarm_pool_irq_handler+0x2e0>)
10001640:	601a      	str	r2, [r3, #0]
10001642:	e115      	b.n	10001870 <alarm_pool_irq_handler+0x264>
10001644:	4baa      	ldr	r3, [pc, #680]	@ (100018f0 <alarm_pool_irq_handler+0x2e4>)
10001646:	4aab      	ldr	r2, [pc, #684]	@ (100018f4 <alarm_pool_irq_handler+0x2e8>)
10001648:	48ab      	ldr	r0, [pc, #684]	@ (100018f8 <alarm_pool_irq_handler+0x2ec>)
1000164a:	2192      	movs	r1, #146	@ 0x92
1000164c:	f002 fcda 	bl	10004004 <__assert_func>
10001650:	4643      	mov	r3, r8
10001652:	695a      	ldr	r2, [r3, #20]
10001654:	464b      	mov	r3, r9
10001656:	005b      	lsls	r3, r3, #1
10001658:	444b      	add	r3, r9
1000165a:	00db      	lsls	r3, r3, #3
1000165c:	4693      	mov	fp, r2
1000165e:	449b      	add	fp, r3
10001660:	465b      	mov	r3, fp
10001662:	689e      	ldr	r6, [r3, #8]
10001664:	68df      	ldr	r7, [r3, #12]
10001666:	48a5      	ldr	r0, [pc, #660]	@ (100018fc <alarm_pool_irq_handler+0x2f0>)
10001668:	f000 fbaa 	bl	10001dc0 <timer_time_us_64>
1000166c:	1b80      	subs	r0, r0, r6
1000166e:	41b9      	sbcs	r1, r7
10001670:	2900      	cmp	r1, #0
10001672:	da00      	bge.n	10001676 <alarm_pool_irq_handler+0x6a>
10001674:	e106      	b.n	10001884 <alarm_pool_irq_handler+0x278>
10001676:	2f00      	cmp	r7, #0
10001678:	db60      	blt.n	1000173c <alarm_pool_irq_handler+0x130>
1000167a:	465b      	mov	r3, fp
1000167c:	691c      	ldr	r4, [r3, #16]
1000167e:	4ba0      	ldr	r3, [pc, #640]	@ (10001900 <alarm_pool_irq_handler+0x2f4>)
10001680:	429c      	cmp	r4, r3
10001682:	d045      	beq.n	10001710 <alarm_pool_irq_handler+0x104>
10001684:	4643      	mov	r3, r8
10001686:	2008      	movs	r0, #8
10001688:	5e18      	ldrsh	r0, [r3, r0]
1000168a:	465b      	mov	r3, fp
1000168c:	8859      	ldrh	r1, [r3, #2]
1000168e:	b289      	uxth	r1, r1
10001690:	f7ff ffa0 	bl	100015d4 <make_alarm_id>
10001694:	465b      	mov	r3, fp
10001696:	6959      	ldr	r1, [r3, #20]
10001698:	47a0      	blx	r4
1000169a:	0004      	movs	r4, r0
1000169c:	000d      	movs	r5, r1
1000169e:	0023      	movs	r3, r4
100016a0:	432b      	orrs	r3, r5
100016a2:	d04b      	beq.n	1000173c <alarm_pool_irq_handler+0x130>
100016a4:	2d00      	cmp	r5, #0
100016a6:	da3d      	bge.n	10001724 <alarm_pool_irq_handler+0x118>
100016a8:	0030      	movs	r0, r6
100016aa:	0039      	movs	r1, r7
100016ac:	1b00      	subs	r0, r0, r4
100016ae:	41a9      	sbcs	r1, r5
100016b0:	465b      	mov	r3, fp
100016b2:	6098      	str	r0, [r3, #8]
100016b4:	60d9      	str	r1, [r3, #12]
100016b6:	2400      	movs	r4, #0
100016b8:	5f1c      	ldrsh	r4, [r3, r4]
100016ba:	2c00      	cmp	r4, #0
100016bc:	da00      	bge.n	100016c0 <alarm_pool_irq_handler+0xb4>
100016be:	e0e1      	b.n	10001884 <alarm_pool_irq_handler+0x278>
100016c0:	4643      	mov	r3, r8
100016c2:	695a      	ldr	r2, [r3, #20]
100016c4:	4692      	mov	sl, r2
100016c6:	0063      	lsls	r3, r4, #1
100016c8:	191b      	adds	r3, r3, r4
100016ca:	00db      	lsls	r3, r3, #3
100016cc:	4453      	add	r3, sl
100016ce:	689a      	ldr	r2, [r3, #8]
100016d0:	68db      	ldr	r3, [r3, #12]
100016d2:	0005      	movs	r5, r0
100016d4:	000e      	movs	r6, r1
100016d6:	1aad      	subs	r5, r5, r2
100016d8:	419e      	sbcs	r6, r3
100016da:	2e00      	cmp	r6, #0
100016dc:	da00      	bge.n	100016e0 <alarm_pool_irq_handler+0xd4>
100016de:	e0d1      	b.n	10001884 <alarm_pool_irq_handler+0x278>
100016e0:	4643      	mov	r3, r8
100016e2:	811c      	strh	r4, [r3, #8]
100016e4:	4647      	mov	r7, r8
100016e6:	3708      	adds	r7, #8
100016e8:	46bc      	mov	ip, r7
100016ea:	4663      	mov	r3, ip
100016ec:	2500      	movs	r5, #0
100016ee:	5f5d      	ldrsh	r5, [r3, r5]
100016f0:	2d00      	cmp	r5, #0
100016f2:	db1d      	blt.n	10001730 <alarm_pool_irq_handler+0x124>
100016f4:	006c      	lsls	r4, r5, #1
100016f6:	1964      	adds	r4, r4, r5
100016f8:	00e4      	lsls	r4, r4, #3
100016fa:	4454      	add	r4, sl
100016fc:	68a2      	ldr	r2, [r4, #8]
100016fe:	68e3      	ldr	r3, [r4, #12]
10001700:	0006      	movs	r6, r0
10001702:	000f      	movs	r7, r1
10001704:	1ab6      	subs	r6, r6, r2
10001706:	419f      	sbcs	r7, r3
10001708:	2f00      	cmp	r7, #0
1000170a:	db11      	blt.n	10001730 <alarm_pool_irq_handler+0x124>
1000170c:	46a4      	mov	ip, r4
1000170e:	e7ec      	b.n	100016ea <alarm_pool_irq_handler+0xde>
10001710:	465b      	mov	r3, fp
10001712:	695c      	ldr	r4, [r3, #20]
10001714:	6923      	ldr	r3, [r4, #16]
10001716:	0020      	movs	r0, r4
10001718:	4798      	blx	r3
1000171a:	2800      	cmp	r0, #0
1000171c:	d00e      	beq.n	1000173c <alarm_pool_irq_handler+0x130>
1000171e:	6865      	ldr	r5, [r4, #4]
10001720:	6824      	ldr	r4, [r4, #0]
10001722:	e7bc      	b.n	1000169e <alarm_pool_irq_handler+0x92>
10001724:	4875      	ldr	r0, [pc, #468]	@ (100018fc <alarm_pool_irq_handler+0x2f0>)
10001726:	f000 fb4b 	bl	10001dc0 <timer_time_us_64>
1000172a:	1900      	adds	r0, r0, r4
1000172c:	4169      	adcs	r1, r5
1000172e:	e7bf      	b.n	100016b0 <alarm_pool_irq_handler+0xa4>
10001730:	465b      	mov	r3, fp
10001732:	801d      	strh	r5, [r3, #0]
10001734:	464b      	mov	r3, r9
10001736:	4662      	mov	r2, ip
10001738:	8013      	strh	r3, [r2, #0]
1000173a:	e0a3      	b.n	10001884 <alarm_pool_irq_handler+0x278>
1000173c:	465b      	mov	r3, fp
1000173e:	2200      	movs	r2, #0
10001740:	5e9b      	ldrsh	r3, [r3, r2]
10001742:	4642      	mov	r2, r8
10001744:	8113      	strh	r3, [r2, #8]
10001746:	6912      	ldr	r2, [r2, #16]
10001748:	f3ef 8310 	mrs	r3, PRIMASK
1000174c:	b672      	cpsid	i
1000174e:	6811      	ldr	r1, [r2, #0]
10001750:	2900      	cmp	r1, #0
10001752:	d0fc      	beq.n	1000174e <alarm_pool_irq_handler+0x142>
10001754:	f3bf 8f5f 	dmb	sy
10001758:	4642      	mov	r2, r8
1000175a:	2102      	movs	r1, #2
1000175c:	5e52      	ldrsh	r2, [r2, r1]
1000175e:	4659      	mov	r1, fp
10001760:	800a      	strh	r2, [r1, #0]
10001762:	4642      	mov	r2, r8
10001764:	4649      	mov	r1, r9
10001766:	8051      	strh	r1, [r2, #2]
10001768:	6912      	ldr	r2, [r2, #16]
1000176a:	f3bf 8f5f 	dmb	sy
1000176e:	2100      	movs	r1, #0
10001770:	6011      	str	r1, [r2, #0]
10001772:	f383 8810 	msr	PRIMASK, r3
10001776:	e085      	b.n	10001884 <alarm_pool_irq_handler+0x278>
10001778:	4643      	mov	r3, r8
1000177a:	6919      	ldr	r1, [r3, #16]
1000177c:	f3ef 8310 	mrs	r3, PRIMASK
10001780:	b672      	cpsid	i
10001782:	680a      	ldr	r2, [r1, #0]
10001784:	2a00      	cmp	r2, #0
10001786:	d0fc      	beq.n	10001782 <alarm_pool_irq_handler+0x176>
10001788:	f3bf 8f5f 	dmb	sy
1000178c:	4642      	mov	r2, r8
1000178e:	8892      	ldrh	r2, [r2, #4]
10001790:	b212      	sxth	r2, r2
10001792:	4691      	mov	r9, r2
10001794:	2201      	movs	r2, #1
10001796:	4252      	negs	r2, r2
10001798:	4641      	mov	r1, r8
1000179a:	808a      	strh	r2, [r1, #4]
1000179c:	690a      	ldr	r2, [r1, #16]
1000179e:	f3bf 8f5f 	dmb	sy
100017a2:	2100      	movs	r1, #0
100017a4:	6011      	str	r1, [r2, #0]
100017a6:	f383 8810 	msr	PRIMASK, r3
100017aa:	e01a      	b.n	100017e2 <alarm_pool_irq_handler+0x1d6>
100017ac:	469b      	mov	fp, r3
100017ae:	465b      	mov	r3, fp
100017b0:	2200      	movs	r2, #0
100017b2:	5e9a      	ldrsh	r2, [r3, r2]
100017b4:	2a00      	cmp	r2, #0
100017b6:	db0b      	blt.n	100017d0 <alarm_pool_irq_handler+0x1c4>
100017b8:	0053      	lsls	r3, r2, #1
100017ba:	189b      	adds	r3, r3, r2
100017bc:	00db      	lsls	r3, r3, #3
100017be:	4453      	add	r3, sl
100017c0:	6898      	ldr	r0, [r3, #8]
100017c2:	68d9      	ldr	r1, [r3, #12]
100017c4:	0026      	movs	r6, r4
100017c6:	002f      	movs	r7, r5
100017c8:	1a36      	subs	r6, r6, r0
100017ca:	418f      	sbcs	r7, r1
100017cc:	2f00      	cmp	r7, #0
100017ce:	daed      	bge.n	100017ac <alarm_pool_irq_handler+0x1a0>
100017d0:	464b      	mov	r3, r9
100017d2:	4659      	mov	r1, fp
100017d4:	800b      	strh	r3, [r1, #0]
100017d6:	4663      	mov	r3, ip
100017d8:	2100      	movs	r1, #0
100017da:	5e5b      	ldrsh	r3, [r3, r1]
100017dc:	4699      	mov	r9, r3
100017de:	4663      	mov	r3, ip
100017e0:	801a      	strh	r2, [r3, #0]
100017e2:	464b      	mov	r3, r9
100017e4:	2b00      	cmp	r3, #0
100017e6:	db53      	blt.n	10001890 <alarm_pool_irq_handler+0x284>
100017e8:	4643      	mov	r3, r8
100017ea:	695a      	ldr	r2, [r3, #20]
100017ec:	4692      	mov	sl, r2
100017ee:	464b      	mov	r3, r9
100017f0:	005b      	lsls	r3, r3, #1
100017f2:	444b      	add	r3, r9
100017f4:	00db      	lsls	r3, r3, #3
100017f6:	469c      	mov	ip, r3
100017f8:	44d4      	add	ip, sl
100017fa:	4663      	mov	r3, ip
100017fc:	689c      	ldr	r4, [r3, #8]
100017fe:	68dd      	ldr	r5, [r3, #12]
10001800:	4646      	mov	r6, r8
10001802:	3608      	adds	r6, #8
10001804:	46b3      	mov	fp, r6
10001806:	e7d2      	b.n	100017ae <alarm_pool_irq_handler+0x1a2>
10001808:	2300      	movs	r3, #0
1000180a:	4642      	mov	r2, r8
1000180c:	7193      	strb	r3, [r2, #6]
1000180e:	4641      	mov	r1, r8
10001810:	3108      	adds	r1, #8
10001812:	4643      	mov	r3, r8
10001814:	2008      	movs	r0, #8
10001816:	5e18      	ldrsh	r0, [r3, r0]
10001818:	e011      	b.n	1000183e <alarm_pool_irq_handler+0x232>
1000181a:	2201      	movs	r2, #1
1000181c:	4252      	negs	r2, r2
1000181e:	17d3      	asrs	r3, r2, #31
10001820:	60a2      	str	r2, [r4, #8]
10001822:	60e3      	str	r3, [r4, #12]
10001824:	4643      	mov	r3, r8
10001826:	2208      	movs	r2, #8
10001828:	5e9b      	ldrsh	r3, [r3, r2]
1000182a:	4283      	cmp	r3, r0
1000182c:	d006      	beq.n	1000183c <alarm_pool_irq_handler+0x230>
1000182e:	800d      	strh	r5, [r1, #0]
10001830:	4643      	mov	r3, r8
10001832:	2208      	movs	r2, #8
10001834:	5e9b      	ldrsh	r3, [r3, r2]
10001836:	8023      	strh	r3, [r4, #0]
10001838:	4643      	mov	r3, r8
1000183a:	8118      	strh	r0, [r3, #8]
1000183c:	0028      	movs	r0, r5
1000183e:	1c43      	adds	r3, r0, #1
10001840:	d02a      	beq.n	10001898 <alarm_pool_irq_handler+0x28c>
10001842:	4643      	mov	r3, r8
10001844:	695a      	ldr	r2, [r3, #20]
10001846:	0043      	lsls	r3, r0, #1
10001848:	181b      	adds	r3, r3, r0
1000184a:	00db      	lsls	r3, r3, #3
1000184c:	18d4      	adds	r4, r2, r3
1000184e:	5ed5      	ldrsh	r5, [r2, r3]
10001850:	8863      	ldrh	r3, [r4, #2]
10001852:	b21b      	sxth	r3, r3
10001854:	2b00      	cmp	r3, #0
10001856:	dbe0      	blt.n	1000181a <alarm_pool_irq_handler+0x20e>
10001858:	0021      	movs	r1, r4
1000185a:	e7ef      	b.n	1000183c <alarm_pool_irq_handler+0x230>
1000185c:	1c6b      	adds	r3, r5, #1
1000185e:	d12a      	bne.n	100018b6 <alarm_pool_irq_handler+0x2aa>
10001860:	4826      	ldr	r0, [pc, #152]	@ (100018fc <alarm_pool_irq_handler+0x2f0>)
10001862:	f000 faad 	bl	10001dc0 <timer_time_us_64>
10001866:	1a24      	subs	r4, r4, r0
10001868:	418d      	sbcs	r5, r1
1000186a:	2d00      	cmp	r5, #0
1000186c:	dc34      	bgt.n	100018d8 <alarm_pool_irq_handler+0x2cc>
1000186e:	d031      	beq.n	100018d4 <alarm_pool_irq_handler+0x2c8>
10001870:	4b22      	ldr	r3, [pc, #136]	@ (100018fc <alarm_pool_irq_handler+0x2f0>)
10001872:	9a01      	ldr	r2, [sp, #4]
10001874:	635a      	str	r2, [r3, #52]	@ 0x34
10001876:	4643      	mov	r3, r8
10001878:	2208      	movs	r2, #8
1000187a:	5e9b      	ldrsh	r3, [r3, r2]
1000187c:	4699      	mov	r9, r3
1000187e:	2b00      	cmp	r3, #0
10001880:	db00      	blt.n	10001884 <alarm_pool_irq_handler+0x278>
10001882:	e6e5      	b.n	10001650 <alarm_pool_irq_handler+0x44>
10001884:	4643      	mov	r3, r8
10001886:	889b      	ldrh	r3, [r3, #4]
10001888:	b21b      	sxth	r3, r3
1000188a:	2b00      	cmp	r3, #0
1000188c:	db00      	blt.n	10001890 <alarm_pool_irq_handler+0x284>
1000188e:	e773      	b.n	10001778 <alarm_pool_irq_handler+0x16c>
10001890:	4643      	mov	r3, r8
10001892:	799b      	ldrb	r3, [r3, #6]
10001894:	2b00      	cmp	r3, #0
10001896:	d1b7      	bne.n	10001808 <alarm_pool_irq_handler+0x1fc>
10001898:	4643      	mov	r3, r8
1000189a:	2208      	movs	r2, #8
1000189c:	5e9a      	ldrsh	r2, [r3, r2]
1000189e:	2a00      	cmp	r2, #0
100018a0:	db1a      	blt.n	100018d8 <alarm_pool_irq_handler+0x2cc>
100018a2:	4643      	mov	r3, r8
100018a4:	6959      	ldr	r1, [r3, #20]
100018a6:	0053      	lsls	r3, r2, #1
100018a8:	189b      	adds	r3, r3, r2
100018aa:	00db      	lsls	r3, r3, #3
100018ac:	18cb      	adds	r3, r1, r3
100018ae:	689c      	ldr	r4, [r3, #8]
100018b0:	68dd      	ldr	r5, [r3, #12]
100018b2:	1c63      	adds	r3, r4, #1
100018b4:	d0d2      	beq.n	1000185c <alarm_pool_irq_handler+0x250>
100018b6:	4911      	ldr	r1, [pc, #68]	@ (100018fc <alarm_pool_irq_handler+0x2f0>)
100018b8:	6a8a      	ldr	r2, [r1, #40]	@ 0x28
100018ba:	1aa0      	subs	r0, r4, r2
100018bc:	9b00      	ldr	r3, [sp, #0]
100018be:	3304      	adds	r3, #4
100018c0:	009b      	lsls	r3, r3, #2
100018c2:	585b      	ldr	r3, [r3, r1]
100018c4:	1a9b      	subs	r3, r3, r2
100018c6:	4298      	cmp	r0, r3
100018c8:	d2ca      	bcs.n	10001860 <alarm_pool_irq_handler+0x254>
100018ca:	9b00      	ldr	r3, [sp, #0]
100018cc:	3304      	adds	r3, #4
100018ce:	009b      	lsls	r3, r3, #2
100018d0:	505c      	str	r4, [r3, r1]
100018d2:	e7c5      	b.n	10001860 <alarm_pool_irq_handler+0x254>
100018d4:	2c00      	cmp	r4, #0
100018d6:	d0cb      	beq.n	10001870 <alarm_pool_irq_handler+0x264>
100018d8:	bf40      	sev
100018da:	b003      	add	sp, #12
100018dc:	bcf0      	pop	{r4, r5, r6, r7}
100018de:	46bb      	mov	fp, r7
100018e0:	46b2      	mov	sl, r6
100018e2:	46a9      	mov	r9, r5
100018e4:	46a0      	mov	r8, r4
100018e6:	bdf0      	pop	{r4, r5, r6, r7, pc}
100018e8:	20002348 	.word	0x20002348
100018ec:	4005703c 	.word	0x4005703c
100018f0:	10008578 	.word	0x10008578
100018f4:	10008f90 	.word	0x10008f90
100018f8:	100085a4 	.word	0x100085a4
100018fc:	40054000 	.word	0x40054000
10001900:	1000160d 	.word	0x1000160d

10001904 <ta_enable_irq_handler>:
10001904:	b570      	push	{r4, r5, r6, lr}
10001906:	0004      	movs	r4, r0
10001908:	000d      	movs	r5, r1
1000190a:	0011      	movs	r1, r2
1000190c:	2601      	movs	r6, #1
1000190e:	40ae      	lsls	r6, r5
10001910:	6206      	str	r6, [r0, #32]
10001912:	0028      	movs	r0, r5
10001914:	f7ff fb74 	bl	10001000 <irq_set_exclusive_handler>
10001918:	2101      	movs	r1, #1
1000191a:	0028      	movs	r0, r5
1000191c:	f7ff fb44 	bl	10000fa8 <irq_set_enabled>
10001920:	4b02      	ldr	r3, [pc, #8]	@ (1000192c <ta_enable_irq_handler+0x28>)
10001922:	469c      	mov	ip, r3
10001924:	4464      	add	r4, ip
10001926:	6026      	str	r6, [r4, #0]
10001928:	bd70      	pop	{r4, r5, r6, pc}
1000192a:	46c0      	nop			@ (mov r8, r8)
1000192c:	00002038 	.word	0x00002038

10001930 <alarm_pool_post_alloc_init>:
10001930:	b5f8      	push	{r3, r4, r5, r6, r7, lr}
10001932:	46ce      	mov	lr, r9
10001934:	4647      	mov	r7, r8
10001936:	b580      	push	{r7, lr}
10001938:	0006      	movs	r6, r0
1000193a:	4689      	mov	r9, r1
1000193c:	4690      	mov	r8, r2
1000193e:	001f      	movs	r7, r3
10001940:	60c1      	str	r1, [r0, #12]
10001942:	f7ff fa65 	bl	10000e10 <next_striped_spin_lock_num>
10001946:	4b15      	ldr	r3, [pc, #84]	@ (1000199c <alarm_pool_post_alloc_init+0x6c>)
10001948:	469c      	mov	ip, r3
1000194a:	4460      	add	r0, ip
1000194c:	0080      	lsls	r0, r0, #2
1000194e:	6130      	str	r0, [r6, #16]
10001950:	4643      	mov	r3, r8
10001952:	7033      	strb	r3, [r6, #0]
10001954:	b2bb      	uxth	r3, r7
10001956:	8173      	strh	r3, [r6, #10]
10001958:	22d0      	movs	r2, #208	@ 0xd0
1000195a:	0612      	lsls	r2, r2, #24
1000195c:	7812      	ldrb	r2, [r2, #0]
1000195e:	7072      	strb	r2, [r6, #1]
10001960:	2201      	movs	r2, #1
10001962:	4252      	negs	r2, r2
10001964:	8132      	strh	r2, [r6, #8]
10001966:	80b2      	strh	r2, [r6, #4]
10001968:	189b      	adds	r3, r3, r2
1000196a:	8073      	strh	r3, [r6, #2]
1000196c:	2400      	movs	r4, #0
1000196e:	e006      	b.n	1000197e <alarm_pool_post_alloc_init+0x4e>
10001970:	1e62      	subs	r2, r4, #1
10001972:	6973      	ldr	r3, [r6, #20]
10001974:	0065      	lsls	r5, r4, #1
10001976:	192d      	adds	r5, r5, r4
10001978:	00ed      	lsls	r5, r5, #3
1000197a:	535a      	strh	r2, [r3, r5]
1000197c:	3401      	adds	r4, #1
1000197e:	42bc      	cmp	r4, r7
10001980:	d3f6      	bcc.n	10001970 <alarm_pool_post_alloc_init+0x40>
10001982:	4b07      	ldr	r3, [pc, #28]	@ (100019a0 <alarm_pool_post_alloc_init+0x70>)
10001984:	4642      	mov	r2, r8
10001986:	0092      	lsls	r2, r2, #2
10001988:	50d6      	str	r6, [r2, r3]
1000198a:	4a06      	ldr	r2, [pc, #24]	@ (100019a4 <alarm_pool_post_alloc_init+0x74>)
1000198c:	4641      	mov	r1, r8
1000198e:	4648      	mov	r0, r9
10001990:	f7ff ffb8 	bl	10001904 <ta_enable_irq_handler>
10001994:	bcc0      	pop	{r6, r7}
10001996:	46b9      	mov	r9, r7
10001998:	46b0      	mov	r8, r6
1000199a:	bdf8      	pop	{r3, r4, r5, r6, r7, pc}
1000199c:	34000040 	.word	0x34000040
100019a0:	20002348 	.word	0x20002348
100019a4:	1000160d 	.word	0x1000160d

100019a8 <alarm_pool_get_default>:
100019a8:	b510      	push	{r4, lr}
100019aa:	4b06      	ldr	r3, [pc, #24]	@ (100019c4 <alarm_pool_get_default+0x1c>)
100019ac:	691b      	ldr	r3, [r3, #16]
100019ae:	2b00      	cmp	r3, #0
100019b0:	d001      	beq.n	100019b6 <alarm_pool_get_default+0xe>
100019b2:	4804      	ldr	r0, [pc, #16]	@ (100019c4 <alarm_pool_get_default+0x1c>)
100019b4:	bd10      	pop	{r4, pc}
100019b6:	4b04      	ldr	r3, [pc, #16]	@ (100019c8 <alarm_pool_get_default+0x20>)
100019b8:	4a04      	ldr	r2, [pc, #16]	@ (100019cc <alarm_pool_get_default+0x24>)
100019ba:	4805      	ldr	r0, [pc, #20]	@ (100019d0 <alarm_pool_get_default+0x28>)
100019bc:	2165      	movs	r1, #101	@ 0x65
100019be:	f002 fb21 	bl	10004004 <__assert_func>
100019c2:	46c0      	nop			@ (mov r8, r8)
100019c4:	20000c14 	.word	0x20000c14
100019c8:	100085e0 	.word	0x100085e0
100019cc:	10008f78 	.word	0x10008f78
100019d0:	100085a4 	.word	0x100085a4

100019d4 <alarm_pool_add_alarm_at_force_in_context>:
100019d4:	b5f8      	push	{r3, r4, r5, r6, r7, lr}
100019d6:	0004      	movs	r4, r0
100019d8:	6905      	ldr	r5, [r0, #16]
100019da:	f3ef 8010 	mrs	r0, PRIMASK
100019de:	b672      	cpsid	i
100019e0:	6829      	ldr	r1, [r5, #0]
100019e2:	2900      	cmp	r1, #0
100019e4:	d0fc      	beq.n	100019e0 <alarm_pool_add_alarm_at_force_in_context+0xc>
100019e6:	f3bf 8f5f 	dmb	sy
100019ea:	2102      	movs	r1, #2
100019ec:	5e66      	ldrsh	r6, [r4, r1]
100019ee:	6965      	ldr	r5, [r4, #20]
100019f0:	0071      	lsls	r1, r6, #1
100019f2:	1989      	adds	r1, r1, r6
100019f4:	00c9      	lsls	r1, r1, #3
100019f6:	186d      	adds	r5, r5, r1
100019f8:	2e00      	cmp	r6, #0
100019fa:	db02      	blt.n	10001a02 <alarm_pool_add_alarm_at_force_in_context+0x2e>
100019fc:	2700      	movs	r7, #0
100019fe:	5fe9      	ldrsh	r1, [r5, r7]
10001a00:	8061      	strh	r1, [r4, #2]
10001a02:	6921      	ldr	r1, [r4, #16]
10001a04:	f3bf 8f5f 	dmb	sy
10001a08:	2700      	movs	r7, #0
10001a0a:	600f      	str	r7, [r1, #0]
10001a0c:	f380 8810 	msr	PRIMASK, r0
10001a10:	2e00      	cmp	r6, #0
10001a12:	db2c      	blt.n	10001a6e <alarm_pool_add_alarm_at_force_in_context+0x9a>
10001a14:	9906      	ldr	r1, [sp, #24]
10001a16:	6129      	str	r1, [r5, #16]
10001a18:	9907      	ldr	r1, [sp, #28]
10001a1a:	6169      	str	r1, [r5, #20]
10001a1c:	60aa      	str	r2, [r5, #8]
10001a1e:	60eb      	str	r3, [r5, #12]
10001a20:	886b      	ldrh	r3, [r5, #2]
10001a22:	3301      	adds	r3, #1
10001a24:	045b      	lsls	r3, r3, #17
10001a26:	0c59      	lsrs	r1, r3, #17
10001a28:	2b00      	cmp	r3, #0
10001a2a:	d100      	bne.n	10001a2e <alarm_pool_add_alarm_at_force_in_context+0x5a>
10001a2c:	2101      	movs	r1, #1
10001a2e:	8069      	strh	r1, [r5, #2]
10001a30:	0030      	movs	r0, r6
10001a32:	f7ff fdcf 	bl	100015d4 <make_alarm_id>
10001a36:	6921      	ldr	r1, [r4, #16]
10001a38:	f3ef 8310 	mrs	r3, PRIMASK
10001a3c:	b672      	cpsid	i
10001a3e:	680a      	ldr	r2, [r1, #0]
10001a40:	2a00      	cmp	r2, #0
10001a42:	d0fc      	beq.n	10001a3e <alarm_pool_add_alarm_at_force_in_context+0x6a>
10001a44:	f3bf 8f5f 	dmb	sy
10001a48:	88a2      	ldrh	r2, [r4, #4]
10001a4a:	802a      	strh	r2, [r5, #0]
10001a4c:	80a6      	strh	r6, [r4, #4]
10001a4e:	6922      	ldr	r2, [r4, #16]
10001a50:	f3bf 8f5f 	dmb	sy
10001a54:	2100      	movs	r1, #0
10001a56:	6011      	str	r1, [r2, #0]
10001a58:	f383 8810 	msr	PRIMASK, r3
10001a5c:	68e3      	ldr	r3, [r4, #12]
10001a5e:	7821      	ldrb	r1, [r4, #0]
10001a60:	2201      	movs	r2, #1
10001a62:	408a      	lsls	r2, r1
10001a64:	4903      	ldr	r1, [pc, #12]	@ (10001a74 <alarm_pool_add_alarm_at_force_in_context+0xa0>)
10001a66:	468c      	mov	ip, r1
10001a68:	4463      	add	r3, ip
10001a6a:	601a      	str	r2, [r3, #0]
10001a6c:	bdf8      	pop	{r3, r4, r5, r6, r7, pc}
10001a6e:	2001      	movs	r0, #1
10001a70:	4240      	negs	r0, r0
10001a72:	e7fb      	b.n	10001a6c <alarm_pool_add_alarm_at_force_in_context+0x98>
10001a74:	0000203c 	.word	0x0000203c

10001a78 <alarm_pool_add_alarm_at>:
10001a78:	b570      	push	{r4, r5, r6, lr}
10001a7a:	b082      	sub	sp, #8
10001a7c:	0006      	movs	r6, r0
10001a7e:	0014      	movs	r4, r2
10001a80:	001d      	movs	r5, r3
10001a82:	ab08      	add	r3, sp, #32
10001a84:	781b      	ldrb	r3, [r3, #0]
10001a86:	2b00      	cmp	r3, #0
10001a88:	d107      	bne.n	10001a9a <alarm_pool_add_alarm_at+0x22>
10001a8a:	f000 f9cb 	bl	10001e24 <time_us_64>
10001a8e:	0022      	movs	r2, r4
10001a90:	002b      	movs	r3, r5
10001a92:	1a12      	subs	r2, r2, r0
10001a94:	418b      	sbcs	r3, r1
10001a96:	2b00      	cmp	r3, #0
10001a98:	db0a      	blt.n	10001ab0 <alarm_pool_add_alarm_at+0x38>
10001a9a:	9b07      	ldr	r3, [sp, #28]
10001a9c:	9301      	str	r3, [sp, #4]
10001a9e:	9b06      	ldr	r3, [sp, #24]
10001aa0:	9300      	str	r3, [sp, #0]
10001aa2:	0022      	movs	r2, r4
10001aa4:	002b      	movs	r3, r5
10001aa6:	0030      	movs	r0, r6
10001aa8:	f7ff ff94 	bl	100019d4 <alarm_pool_add_alarm_at_force_in_context>
10001aac:	b002      	add	sp, #8
10001aae:	bd70      	pop	{r4, r5, r6, pc}
10001ab0:	2000      	movs	r0, #0
10001ab2:	e7fb      	b.n	10001aac <alarm_pool_add_alarm_at+0x34>

10001ab4 <add_alarm_at>:
10001ab4:	b5f0      	push	{r4, r5, r6, r7, lr}
10001ab6:	46c6      	mov	lr, r8
10001ab8:	b500      	push	{lr}
10001aba:	b084      	sub	sp, #16
10001abc:	0005      	movs	r5, r0
10001abe:	4688      	mov	r8, r1
10001ac0:	0016      	movs	r6, r2
10001ac2:	001f      	movs	r7, r3
10001ac4:	ab0a      	add	r3, sp, #40	@ 0x28
10001ac6:	781c      	ldrb	r4, [r3, #0]
10001ac8:	f7ff ff6e 	bl	100019a8 <alarm_pool_get_default>
10001acc:	9402      	str	r4, [sp, #8]
10001ace:	9701      	str	r7, [sp, #4]
10001ad0:	9600      	str	r6, [sp, #0]
10001ad2:	002a      	movs	r2, r5
10001ad4:	4643      	mov	r3, r8
10001ad6:	f7ff ffcf 	bl	10001a78 <alarm_pool_add_alarm_at>
10001ada:	b004      	add	sp, #16
10001adc:	bc80      	pop	{r7}
10001ade:	46b8      	mov	r8, r7
10001ae0:	bdf0      	pop	{r4, r5, r6, r7, pc}
	...

10001ae4 <alarm_pool_cancel_alarm>:
10001ae4:	b530      	push	{r4, r5, lr}
10001ae6:	0003      	movs	r3, r0
10001ae8:	1408      	asrs	r0, r1, #16
10001aea:	895a      	ldrh	r2, [r3, #10]
10001aec:	4290      	cmp	r0, r2
10001aee:	da2e      	bge.n	10001b4e <alarm_pool_cancel_alarm+0x6a>
10001af0:	695c      	ldr	r4, [r3, #20]
10001af2:	0042      	lsls	r2, r0, #1
10001af4:	1812      	adds	r2, r2, r0
10001af6:	00d2      	lsls	r2, r2, #3
10001af8:	18a2      	adds	r2, r4, r2
10001afa:	691d      	ldr	r5, [r3, #16]
10001afc:	f3ef 8410 	mrs	r4, PRIMASK
10001b00:	b672      	cpsid	i
10001b02:	6828      	ldr	r0, [r5, #0]
10001b04:	2800      	cmp	r0, #0
10001b06:	d0fc      	beq.n	10001b02 <alarm_pool_cancel_alarm+0x1e>
10001b08:	f3bf 8f5f 	dmb	sy
10001b0c:	8850      	ldrh	r0, [r2, #2]
10001b0e:	b280      	uxth	r0, r0
10001b10:	0409      	lsls	r1, r1, #16
10001b12:	0c09      	lsrs	r1, r1, #16
10001b14:	4288      	cmp	r0, r1
10001b16:	d012      	beq.n	10001b3e <alarm_pool_cancel_alarm+0x5a>
10001b18:	2000      	movs	r0, #0
10001b1a:	691a      	ldr	r2, [r3, #16]
10001b1c:	f3bf 8f5f 	dmb	sy
10001b20:	2100      	movs	r1, #0
10001b22:	6011      	str	r1, [r2, #0]
10001b24:	f384 8810 	msr	PRIMASK, r4
10001b28:	2800      	cmp	r0, #0
10001b2a:	d011      	beq.n	10001b50 <alarm_pool_cancel_alarm+0x6c>
10001b2c:	68da      	ldr	r2, [r3, #12]
10001b2e:	781b      	ldrb	r3, [r3, #0]
10001b30:	3101      	adds	r1, #1
10001b32:	4099      	lsls	r1, r3
10001b34:	4b07      	ldr	r3, [pc, #28]	@ (10001b54 <alarm_pool_cancel_alarm+0x70>)
10001b36:	469c      	mov	ip, r3
10001b38:	4462      	add	r2, ip
10001b3a:	6011      	str	r1, [r2, #0]
10001b3c:	e008      	b.n	10001b50 <alarm_pool_cancel_alarm+0x6c>
10001b3e:	4906      	ldr	r1, [pc, #24]	@ (10001b58 <alarm_pool_cancel_alarm+0x74>)
10001b40:	4301      	orrs	r1, r0
10001b42:	b289      	uxth	r1, r1
10001b44:	8051      	strh	r1, [r2, #2]
10001b46:	2201      	movs	r2, #1
10001b48:	719a      	strb	r2, [r3, #6]
10001b4a:	2001      	movs	r0, #1
10001b4c:	e7e5      	b.n	10001b1a <alarm_pool_cancel_alarm+0x36>
10001b4e:	2000      	movs	r0, #0
10001b50:	bd30      	pop	{r4, r5, pc}
10001b52:	46c0      	nop			@ (mov r8, r8)
10001b54:	0000203c 	.word	0x0000203c
10001b58:	ffff8000 	.word	0xffff8000

10001b5c <cancel_alarm>:
10001b5c:	b510      	push	{r4, lr}
10001b5e:	0004      	movs	r4, r0
10001b60:	f7ff ff22 	bl	100019a8 <alarm_pool_get_default>
10001b64:	0021      	movs	r1, r4
10001b66:	f7ff ffbd 	bl	10001ae4 <alarm_pool_cancel_alarm>
10001b6a:	bd10      	pop	{r4, pc}

10001b6c <alarm_pool_core_num>:
10001b6c:	7840      	ldrb	r0, [r0, #1]
10001b6e:	4770      	bx	lr

10001b70 <sleep_until>:
10001b70:	b5f0      	push	{r4, r5, r6, r7, lr}
10001b72:	b083      	sub	sp, #12
10001b74:	0006      	movs	r6, r0
10001b76:	000f      	movs	r7, r1
10001b78:	f3ef 8305 	mrs	r3, IPSR
10001b7c:	2b00      	cmp	r3, #0
10001b7e:	d11a      	bne.n	10001bb6 <sleep_until+0x46>
10001b80:	2406      	movs	r4, #6
10001b82:	4264      	negs	r4, r4
10001b84:	17e5      	asrs	r5, r4, #31
10001b86:	19a4      	adds	r4, r4, r6
10001b88:	417d      	adcs	r5, r7
10001b8a:	428d      	cmp	r5, r1
10001b8c:	d802      	bhi.n	10001b94 <sleep_until+0x24>
10001b8e:	d103      	bne.n	10001b98 <sleep_until+0x28>
10001b90:	4284      	cmp	r4, r0
10001b92:	d901      	bls.n	10001b98 <sleep_until+0x28>
10001b94:	2400      	movs	r4, #0
10001b96:	2500      	movs	r5, #0
10001b98:	f000 f944 	bl	10001e24 <time_us_64>
10001b9c:	0022      	movs	r2, r4
10001b9e:	002b      	movs	r3, r5
10001ba0:	1a12      	subs	r2, r2, r0
10001ba2:	418b      	sbcs	r3, r1
10001ba4:	2b00      	cmp	r3, #0
10001ba6:	dc0b      	bgt.n	10001bc0 <sleep_until+0x50>
10001ba8:	d008      	beq.n	10001bbc <sleep_until+0x4c>
10001baa:	0030      	movs	r0, r6
10001bac:	0039      	movs	r1, r7
10001bae:	f000 f94b 	bl	10001e48 <busy_wait_until>
10001bb2:	b003      	add	sp, #12
10001bb4:	bdf0      	pop	{r4, r5, r6, r7, pc}
10001bb6:	481a      	ldr	r0, [pc, #104]	@ (10001c20 <sleep_until+0xb0>)
10001bb8:	f7ff f8ba 	bl	10000d30 <panic>
10001bbc:	2a00      	cmp	r2, #0
10001bbe:	d0f4      	beq.n	10001baa <sleep_until+0x3a>
10001bc0:	4a18      	ldr	r2, [pc, #96]	@ (10001c24 <sleep_until+0xb4>)
10001bc2:	2300      	movs	r3, #0
10001bc4:	9300      	str	r3, [sp, #0]
10001bc6:	0020      	movs	r0, r4
10001bc8:	0029      	movs	r1, r5
10001bca:	f7ff ff73 	bl	10001ab4 <add_alarm_at>
10001bce:	2800      	cmp	r0, #0
10001bd0:	da18      	bge.n	10001c04 <sleep_until+0x94>
10001bd2:	e7ea      	b.n	10001baa <sleep_until+0x3a>
10001bd4:	2300      	movs	r3, #0
10001bd6:	e000      	b.n	10001bda <sleep_until+0x6a>
10001bd8:	2300      	movs	r3, #0
10001bda:	2b00      	cmp	r3, #0
10001bdc:	d1e5      	bne.n	10001baa <sleep_until+0x3a>
10001bde:	4b12      	ldr	r3, [pc, #72]	@ (10001c28 <sleep_until+0xb8>)
10001be0:	6819      	ldr	r1, [r3, #0]
10001be2:	f3ef 8310 	mrs	r3, PRIMASK
10001be6:	b672      	cpsid	i
10001be8:	680a      	ldr	r2, [r1, #0]
10001bea:	2a00      	cmp	r2, #0
10001bec:	d0fc      	beq.n	10001be8 <sleep_until+0x78>
10001bee:	f3bf 8f5f 	dmb	sy
10001bf2:	4a0d      	ldr	r2, [pc, #52]	@ (10001c28 <sleep_until+0xb8>)
10001bf4:	6812      	ldr	r2, [r2, #0]
10001bf6:	f3bf 8f5f 	dmb	sy
10001bfa:	2100      	movs	r1, #0
10001bfc:	6011      	str	r1, [r2, #0]
10001bfe:	f383 8810 	msr	PRIMASK, r3
10001c02:	bf20      	wfe
10001c04:	4b09      	ldr	r3, [pc, #36]	@ (10001c2c <sleep_until+0xbc>)
10001c06:	6a5b      	ldr	r3, [r3, #36]	@ 0x24
10001c08:	429d      	cmp	r5, r3
10001c0a:	d8e5      	bhi.n	10001bd8 <sleep_until+0x68>
10001c0c:	4907      	ldr	r1, [pc, #28]	@ (10001c2c <sleep_until+0xbc>)
10001c0e:	6a89      	ldr	r1, [r1, #40]	@ 0x28
10001c10:	42a1      	cmp	r1, r4
10001c12:	d203      	bcs.n	10001c1c <sleep_until+0xac>
10001c14:	429d      	cmp	r5, r3
10001c16:	d0dd      	beq.n	10001bd4 <sleep_until+0x64>
10001c18:	2301      	movs	r3, #1
10001c1a:	e7de      	b.n	10001bda <sleep_until+0x6a>
10001c1c:	2301      	movs	r3, #1
10001c1e:	e7dc      	b.n	10001bda <sleep_until+0x6a>
10001c20:	10008604 	.word	0x10008604
10001c24:	100015dd 	.word	0x100015dd
10001c28:	2000256c 	.word	0x2000256c
10001c2c:	40054000 	.word	0x40054000

10001c30 <sleep_us>:
10001c30:	b570      	push	{r4, r5, r6, lr}
10001c32:	0004      	movs	r4, r0
10001c34:	000d      	movs	r5, r1
10001c36:	f000 f8f5 	bl	10001e24 <time_us_64>
10001c3a:	1900      	adds	r0, r0, r4
10001c3c:	4169      	adcs	r1, r5
10001c3e:	2900      	cmp	r1, #0
10001c40:	db02      	blt.n	10001c48 <sleep_us+0x18>
10001c42:	f7ff ff95 	bl	10001b70 <sleep_until>
10001c46:	bd70      	pop	{r4, r5, r6, pc}
10001c48:	2001      	movs	r0, #1
10001c4a:	4240      	negs	r0, r0
10001c4c:	4900      	ldr	r1, [pc, #0]	@ (10001c50 <sleep_us+0x20>)
10001c4e:	e7f8      	b.n	10001c42 <sleep_us+0x12>
10001c50:	7fffffff 	.word	0x7fffffff

10001c54 <sleep_ms>:
10001c54:	b510      	push	{r4, lr}
10001c56:	22fa      	movs	r2, #250	@ 0xfa
10001c58:	0092      	lsls	r2, r2, #2
10001c5a:	2300      	movs	r3, #0
10001c5c:	2100      	movs	r1, #0
10001c5e:	f001 f83f 	bl	10002ce0 <__wrap___aeabi_lmul>
10001c62:	f7ff ffe5 	bl	10001c30 <sleep_us>
10001c66:	bd10      	pop	{r4, pc}

10001c68 <best_effort_wfe_or_timeout>:
10001c68:	b570      	push	{r4, r5, r6, lr}
10001c6a:	b082      	sub	sp, #8
10001c6c:	0005      	movs	r5, r0
10001c6e:	000c      	movs	r4, r1
10001c70:	f3ef 8305 	mrs	r3, IPSR
10001c74:	2b00      	cmp	r3, #0
10001c76:	d012      	beq.n	10001c9e <best_effort_wfe_or_timeout+0x36>
10001c78:	4b3a      	ldr	r3, [pc, #232]	@ (10001d64 <best_effort_wfe_or_timeout+0xfc>)
10001c7a:	6a5b      	ldr	r3, [r3, #36]	@ 0x24
10001c7c:	428b      	cmp	r3, r1
10001c7e:	d309      	bcc.n	10001c94 <best_effort_wfe_or_timeout+0x2c>
10001c80:	4a38      	ldr	r2, [pc, #224]	@ (10001d64 <best_effort_wfe_or_timeout+0xfc>)
10001c82:	6a92      	ldr	r2, [r2, #40]	@ 0x28
10001c84:	4282      	cmp	r2, r0
10001c86:	d208      	bcs.n	10001c9a <best_effort_wfe_or_timeout+0x32>
10001c88:	428b      	cmp	r3, r1
10001c8a:	d001      	beq.n	10001c90 <best_effort_wfe_or_timeout+0x28>
10001c8c:	2001      	movs	r0, #1
10001c8e:	e002      	b.n	10001c96 <best_effort_wfe_or_timeout+0x2e>
10001c90:	2000      	movs	r0, #0
10001c92:	e000      	b.n	10001c96 <best_effort_wfe_or_timeout+0x2e>
10001c94:	2000      	movs	r0, #0
10001c96:	b002      	add	sp, #8
10001c98:	bd70      	pop	{r4, r5, r6, pc}
10001c9a:	2001      	movs	r0, #1
10001c9c:	e7fb      	b.n	10001c96 <best_effort_wfe_or_timeout+0x2e>
10001c9e:	f7ff fe83 	bl	100019a8 <alarm_pool_get_default>
10001ca2:	68c1      	ldr	r1, [r0, #12]
10001ca4:	7803      	ldrb	r3, [r0, #0]
10001ca6:	6a8a      	ldr	r2, [r1, #40]	@ 0x28
10001ca8:	002e      	movs	r6, r5
10001caa:	1aa8      	subs	r0, r5, r2
10001cac:	3304      	adds	r3, #4
10001cae:	009b      	lsls	r3, r3, #2
10001cb0:	585b      	ldr	r3, [r3, r1]
10001cb2:	1a9b      	subs	r3, r3, r2
10001cb4:	4298      	cmp	r0, r3
10001cb6:	d312      	bcc.n	10001cde <best_effort_wfe_or_timeout+0x76>
10001cb8:	bf20      	wfe
10001cba:	4b2a      	ldr	r3, [pc, #168]	@ (10001d64 <best_effort_wfe_or_timeout+0xfc>)
10001cbc:	6a5b      	ldr	r3, [r3, #36]	@ 0x24
10001cbe:	429c      	cmp	r4, r3
10001cc0:	d809      	bhi.n	10001cd6 <best_effort_wfe_or_timeout+0x6e>
10001cc2:	4a28      	ldr	r2, [pc, #160]	@ (10001d64 <best_effort_wfe_or_timeout+0xfc>)
10001cc4:	6a92      	ldr	r2, [r2, #40]	@ 0x28
10001cc6:	4295      	cmp	r5, r2
10001cc8:	d907      	bls.n	10001cda <best_effort_wfe_or_timeout+0x72>
10001cca:	429c      	cmp	r4, r3
10001ccc:	d001      	beq.n	10001cd2 <best_effort_wfe_or_timeout+0x6a>
10001cce:	2001      	movs	r0, #1
10001cd0:	e7e1      	b.n	10001c96 <best_effort_wfe_or_timeout+0x2e>
10001cd2:	2000      	movs	r0, #0
10001cd4:	e7df      	b.n	10001c96 <best_effort_wfe_or_timeout+0x2e>
10001cd6:	2000      	movs	r0, #0
10001cd8:	e7dd      	b.n	10001c96 <best_effort_wfe_or_timeout+0x2e>
10001cda:	2001      	movs	r0, #1
10001cdc:	e7db      	b.n	10001c96 <best_effort_wfe_or_timeout+0x2e>
10001cde:	4a22      	ldr	r2, [pc, #136]	@ (10001d68 <best_effort_wfe_or_timeout+0x100>)
10001ce0:	2300      	movs	r3, #0
10001ce2:	9300      	str	r3, [sp, #0]
10001ce4:	0028      	movs	r0, r5
10001ce6:	0021      	movs	r1, r4
10001ce8:	f7ff fee4 	bl	10001ab4 <add_alarm_at>
10001cec:	2800      	cmp	r0, #0
10001cee:	dd0b      	ble.n	10001d08 <best_effort_wfe_or_timeout+0xa0>
10001cf0:	4b1c      	ldr	r3, [pc, #112]	@ (10001d64 <best_effort_wfe_or_timeout+0xfc>)
10001cf2:	6a5b      	ldr	r3, [r3, #36]	@ 0x24
10001cf4:	429c      	cmp	r4, r3
10001cf6:	d81b      	bhi.n	10001d30 <best_effort_wfe_or_timeout+0xc8>
10001cf8:	4a1a      	ldr	r2, [pc, #104]	@ (10001d64 <best_effort_wfe_or_timeout+0xfc>)
10001cfa:	6a92      	ldr	r2, [r2, #40]	@ 0x28
10001cfc:	4295      	cmp	r5, r2
10001cfe:	d929      	bls.n	10001d54 <best_effort_wfe_or_timeout+0xec>
10001d00:	429c      	cmp	r4, r3
10001d02:	d013      	beq.n	10001d2c <best_effort_wfe_or_timeout+0xc4>
10001d04:	2301      	movs	r3, #1
10001d06:	e014      	b.n	10001d32 <best_effort_wfe_or_timeout+0xca>
10001d08:	4b16      	ldr	r3, [pc, #88]	@ (10001d64 <best_effort_wfe_or_timeout+0xfc>)
10001d0a:	6a5b      	ldr	r3, [r3, #36]	@ 0x24
10001d0c:	429c      	cmp	r4, r3
10001d0e:	d809      	bhi.n	10001d24 <best_effort_wfe_or_timeout+0xbc>
10001d10:	4a14      	ldr	r2, [pc, #80]	@ (10001d64 <best_effort_wfe_or_timeout+0xfc>)
10001d12:	6a92      	ldr	r2, [r2, #40]	@ 0x28
10001d14:	4295      	cmp	r5, r2
10001d16:	d907      	bls.n	10001d28 <best_effort_wfe_or_timeout+0xc0>
10001d18:	429c      	cmp	r4, r3
10001d1a:	d001      	beq.n	10001d20 <best_effort_wfe_or_timeout+0xb8>
10001d1c:	2001      	movs	r0, #1
10001d1e:	e7ba      	b.n	10001c96 <best_effort_wfe_or_timeout+0x2e>
10001d20:	2000      	movs	r0, #0
10001d22:	e7b8      	b.n	10001c96 <best_effort_wfe_or_timeout+0x2e>
10001d24:	2000      	movs	r0, #0
10001d26:	e7b6      	b.n	10001c96 <best_effort_wfe_or_timeout+0x2e>
10001d28:	2001      	movs	r0, #1
10001d2a:	e7b4      	b.n	10001c96 <best_effort_wfe_or_timeout+0x2e>
10001d2c:	2300      	movs	r3, #0
10001d2e:	e000      	b.n	10001d32 <best_effort_wfe_or_timeout+0xca>
10001d30:	2300      	movs	r3, #0
10001d32:	2b00      	cmp	r3, #0
10001d34:	d100      	bne.n	10001d38 <best_effort_wfe_or_timeout+0xd0>
10001d36:	bf20      	wfe
10001d38:	f7ff ff10 	bl	10001b5c <cancel_alarm>
10001d3c:	4b09      	ldr	r3, [pc, #36]	@ (10001d64 <best_effort_wfe_or_timeout+0xfc>)
10001d3e:	6a5b      	ldr	r3, [r3, #36]	@ 0x24
10001d40:	429c      	cmp	r4, r3
10001d42:	d80b      	bhi.n	10001d5c <best_effort_wfe_or_timeout+0xf4>
10001d44:	4a07      	ldr	r2, [pc, #28]	@ (10001d64 <best_effort_wfe_or_timeout+0xfc>)
10001d46:	6a92      	ldr	r2, [r2, #40]	@ 0x28
10001d48:	4296      	cmp	r6, r2
10001d4a:	d909      	bls.n	10001d60 <best_effort_wfe_or_timeout+0xf8>
10001d4c:	429c      	cmp	r4, r3
10001d4e:	d003      	beq.n	10001d58 <best_effort_wfe_or_timeout+0xf0>
10001d50:	2001      	movs	r0, #1
10001d52:	e7a0      	b.n	10001c96 <best_effort_wfe_or_timeout+0x2e>
10001d54:	2301      	movs	r3, #1
10001d56:	e7ec      	b.n	10001d32 <best_effort_wfe_or_timeout+0xca>
10001d58:	2000      	movs	r0, #0
10001d5a:	e79c      	b.n	10001c96 <best_effort_wfe_or_timeout+0x2e>
10001d5c:	2000      	movs	r0, #0
10001d5e:	e79a      	b.n	10001c96 <best_effort_wfe_or_timeout+0x2e>
10001d60:	2001      	movs	r0, #1
10001d62:	e798      	b.n	10001c96 <best_effort_wfe_or_timeout+0x2e>
10001d64:	40054000 	.word	0x40054000
10001d68:	100015dd 	.word	0x100015dd

10001d6c <alarm_pool_get_default_timer>:
10001d6c:	4800      	ldr	r0, [pc, #0]	@ (10001d70 <alarm_pool_get_default_timer+0x4>)
10001d6e:	4770      	bx	lr
10001d70:	40054000 	.word	0x40054000

10001d74 <runtime_init_default_alarm_pool>:
10001d74:	b510      	push	{r4, lr}
10001d76:	4b0b      	ldr	r3, [pc, #44]	@ (10001da4 <runtime_init_default_alarm_pool+0x30>)
10001d78:	691b      	ldr	r3, [r3, #16]
10001d7a:	2b00      	cmp	r3, #0
10001d7c:	d004      	beq.n	10001d88 <runtime_init_default_alarm_pool+0x14>
10001d7e:	480a      	ldr	r0, [pc, #40]	@ (10001da8 <runtime_init_default_alarm_pool+0x34>)
10001d80:	210a      	movs	r1, #10
10001d82:	f7ff fbc9 	bl	10001518 <lock_init>
10001d86:	bd10      	pop	{r4, pc}
10001d88:	f7ff fff0 	bl	10001d6c <alarm_pool_get_default_timer>
10001d8c:	0004      	movs	r4, r0
10001d8e:	2103      	movs	r1, #3
10001d90:	f000 f80c 	bl	10001dac <timer_hardware_alarm_claim>
10001d94:	4803      	ldr	r0, [pc, #12]	@ (10001da4 <runtime_init_default_alarm_pool+0x30>)
10001d96:	2310      	movs	r3, #16
10001d98:	2203      	movs	r2, #3
10001d9a:	0021      	movs	r1, r4
10001d9c:	f7ff fdc8 	bl	10001930 <alarm_pool_post_alloc_init>
10001da0:	e7ed      	b.n	10001d7e <runtime_init_default_alarm_pool+0xa>
10001da2:	46c0      	nop			@ (mov r8, r8)
10001da4:	20000c14 	.word	0x20000c14
10001da8:	2000256c 	.word	0x2000256c

10001dac <timer_hardware_alarm_claim>:
10001dac:	b510      	push	{r4, lr}
10001dae:	4a02      	ldr	r2, [pc, #8]	@ (10001db8 <timer_hardware_alarm_claim+0xc>)
10001db0:	4802      	ldr	r0, [pc, #8]	@ (10001dbc <timer_hardware_alarm_claim+0x10>)
10001db2:	f7fe ffeb 	bl	10000d8c <hw_claim_or_assert>
10001db6:	bd10      	pop	{r4, pc}
10001db8:	10008654 	.word	0x10008654
10001dbc:	20001ecc 	.word	0x20001ecc

10001dc0 <timer_time_us_64>:
10001dc0:	0002      	movs	r2, r0
10001dc2:	6a43      	ldr	r3, [r0, #36]	@ 0x24
10001dc4:	6a90      	ldr	r0, [r2, #40]	@ 0x28
10001dc6:	0019      	movs	r1, r3
10001dc8:	6a53      	ldr	r3, [r2, #36]	@ 0x24
10001dca:	4299      	cmp	r1, r3
10001dcc:	d1fa      	bne.n	10001dc4 <timer_time_us_64+0x4>
10001dce:	4770      	bx	lr

10001dd0 <timer_busy_wait_until>:
10001dd0:	6a41      	ldr	r1, [r0, #36]	@ 0x24
10001dd2:	e000      	b.n	10001dd6 <timer_busy_wait_until+0x6>
10001dd4:	6a41      	ldr	r1, [r0, #36]	@ 0x24
10001dd6:	4299      	cmp	r1, r3
10001dd8:	d3fc      	bcc.n	10001dd4 <timer_busy_wait_until+0x4>
10001dda:	e000      	b.n	10001dde <timer_busy_wait_until+0xe>
10001ddc:	6a41      	ldr	r1, [r0, #36]	@ 0x24
10001dde:	4299      	cmp	r1, r3
10001de0:	d102      	bne.n	10001de8 <timer_busy_wait_until+0x18>
10001de2:	6a81      	ldr	r1, [r0, #40]	@ 0x28
10001de4:	4291      	cmp	r1, r2
10001de6:	d3f9      	bcc.n	10001ddc <timer_busy_wait_until+0xc>
10001de8:	4770      	bx	lr

10001dea <timer_busy_wait_us>:
10001dea:	b5f0      	push	{r4, r5, r6, r7, lr}
10001dec:	46c6      	mov	lr, r8
10001dee:	b500      	push	{lr}
10001df0:	4680      	mov	r8, r0
10001df2:	0014      	movs	r4, r2
10001df4:	001d      	movs	r5, r3
10001df6:	f7ff ffe3 	bl	10001dc0 <timer_time_us_64>
10001dfa:	0006      	movs	r6, r0
10001dfc:	000f      	movs	r7, r1
10001dfe:	0022      	movs	r2, r4
10001e00:	002b      	movs	r3, r5
10001e02:	1992      	adds	r2, r2, r6
10001e04:	417b      	adcs	r3, r7
10001e06:	4299      	cmp	r1, r3
10001e08:	d802      	bhi.n	10001e10 <timer_busy_wait_us+0x26>
10001e0a:	d104      	bne.n	10001e16 <timer_busy_wait_us+0x2c>
10001e0c:	4290      	cmp	r0, r2
10001e0e:	d902      	bls.n	10001e16 <timer_busy_wait_us+0x2c>
10001e10:	2201      	movs	r2, #1
10001e12:	4252      	negs	r2, r2
10001e14:	17d3      	asrs	r3, r2, #31
10001e16:	4640      	mov	r0, r8
10001e18:	f7ff ffda 	bl	10001dd0 <timer_busy_wait_until>
10001e1c:	bc80      	pop	{r7}
10001e1e:	46b8      	mov	r8, r7
10001e20:	bdf0      	pop	{r4, r5, r6, r7, pc}
	...

10001e24 <time_us_64>:
10001e24:	b510      	push	{r4, lr}
10001e26:	4802      	ldr	r0, [pc, #8]	@ (10001e30 <time_us_64+0xc>)
10001e28:	f7ff ffca 	bl	10001dc0 <timer_time_us_64>
10001e2c:	bd10      	pop	{r4, pc}
10001e2e:	46c0      	nop			@ (mov r8, r8)
10001e30:	40054000 	.word	0x40054000

10001e34 <busy_wait_us>:
10001e34:	b510      	push	{r4, lr}
10001e36:	0002      	movs	r2, r0
10001e38:	000b      	movs	r3, r1
10001e3a:	4802      	ldr	r0, [pc, #8]	@ (10001e44 <busy_wait_us+0x10>)
10001e3c:	f7ff ffd5 	bl	10001dea <timer_busy_wait_us>
10001e40:	bd10      	pop	{r4, pc}
10001e42:	46c0      	nop			@ (mov r8, r8)
10001e44:	40054000 	.word	0x40054000

10001e48 <busy_wait_until>:
10001e48:	b510      	push	{r4, lr}
10001e4a:	0002      	movs	r2, r0
10001e4c:	000b      	movs	r3, r1
10001e4e:	4802      	ldr	r0, [pc, #8]	@ (10001e58 <busy_wait_until+0x10>)
10001e50:	f7ff ffbe 	bl	10001dd0 <timer_busy_wait_until>
10001e54:	bd10      	pop	{r4, pc}
10001e56:	46c0      	nop			@ (mov r8, r8)
10001e58:	40054000 	.word	0x40054000

10001e5c <uart_unreset>:
10001e5c:	4b07      	ldr	r3, [pc, #28]	@ (10001e7c <uart_unreset+0x20>)
10001e5e:	4298      	cmp	r0, r3
10001e60:	d00a      	beq.n	10001e78 <uart_unreset+0x1c>
10001e62:	2316      	movs	r3, #22
10001e64:	2201      	movs	r2, #1
10001e66:	409a      	lsls	r2, r3
10001e68:	4b05      	ldr	r3, [pc, #20]	@ (10001e80 <uart_unreset+0x24>)
10001e6a:	601a      	str	r2, [r3, #0]
10001e6c:	4b05      	ldr	r3, [pc, #20]	@ (10001e84 <uart_unreset+0x28>)
10001e6e:	681b      	ldr	r3, [r3, #0]
10001e70:	0011      	movs	r1, r2
10001e72:	4399      	bics	r1, r3
10001e74:	d1fa      	bne.n	10001e6c <uart_unreset+0x10>
10001e76:	4770      	bx	lr
10001e78:	2317      	movs	r3, #23
10001e7a:	e7f3      	b.n	10001e64 <uart_unreset+0x8>
10001e7c:	40038000 	.word	0x40038000
10001e80:	4000f000 	.word	0x4000f000
10001e84:	4000c008 	.word	0x4000c008

10001e88 <uart_disable_before_lcr_write>:
10001e88:	b570      	push	{r4, r5, r6, lr}
10001e8a:	6b04      	ldr	r4, [r0, #48]	@ 0x30
10001e8c:	07e3      	lsls	r3, r4, #31
10001e8e:	d401      	bmi.n	10001e94 <uart_disable_before_lcr_write+0xc>
10001e90:	0020      	movs	r0, r4
10001e92:	bd70      	pop	{r4, r5, r6, pc}
10001e94:	4b0b      	ldr	r3, [pc, #44]	@ (10001ec4 <uart_disable_before_lcr_write+0x3c>)
10001e96:	18c3      	adds	r3, r0, r3
10001e98:	4a0b      	ldr	r2, [pc, #44]	@ (10001ec8 <uart_disable_before_lcr_write+0x40>)
10001e9a:	601a      	str	r2, [r3, #0]
10001e9c:	6a45      	ldr	r5, [r0, #36]	@ 0x24
10001e9e:	6a83      	ldr	r3, [r0, #40]	@ 0x28
10001ea0:	01ad      	lsls	r5, r5, #6
10001ea2:	18ed      	adds	r5, r5, r3
10001ea4:	02ad      	lsls	r5, r5, #10
10001ea6:	2006      	movs	r0, #6
10001ea8:	f000 f916 	bl	100020d8 <clock_get_hz>
10001eac:	4907      	ldr	r1, [pc, #28]	@ (10001ecc <uart_disable_before_lcr_write+0x44>)
10001eae:	f000 fb81 	bl	100025b4 <__wrap___aeabi_uidiv>
10001eb2:	0001      	movs	r1, r0
10001eb4:	0028      	movs	r0, r5
10001eb6:	f000 fb7d 	bl	100025b4 <__wrap___aeabi_uidiv>
10001eba:	2100      	movs	r1, #0
10001ebc:	f7ff ffba 	bl	10001e34 <busy_wait_us>
10001ec0:	e7e6      	b.n	10001e90 <uart_disable_before_lcr_write+0x8>
10001ec2:	46c0      	nop			@ (mov r8, r8)
10001ec4:	00003030 	.word	0x00003030
10001ec8:	00000301 	.word	0x00000301
10001ecc:	00000e4e 	.word	0x00000e4e

10001ed0 <uart_write_lcr_bits_masked>:
10001ed0:	b570      	push	{r4, r5, r6, lr}
10001ed2:	0004      	movs	r4, r0
10001ed4:	000e      	movs	r6, r1
10001ed6:	0015      	movs	r5, r2
10001ed8:	f7ff ffd6 	bl	10001e88 <uart_disable_before_lcr_write>
10001edc:	6ae3      	ldr	r3, [r4, #44]	@ 0x2c
10001ede:	405e      	eors	r6, r3
10001ee0:	4035      	ands	r5, r6
10001ee2:	4b02      	ldr	r3, [pc, #8]	@ (10001eec <uart_write_lcr_bits_masked+0x1c>)
10001ee4:	18e3      	adds	r3, r4, r3
10001ee6:	601d      	str	r5, [r3, #0]
10001ee8:	6320      	str	r0, [r4, #48]	@ 0x30
10001eea:	bd70      	pop	{r4, r5, r6, pc}
10001eec:	0000102c 	.word	0x0000102c

10001ef0 <uart_set_baudrate>:
10001ef0:	b570      	push	{r4, r5, r6, lr}
10001ef2:	0005      	movs	r5, r0
10001ef4:	000c      	movs	r4, r1
10001ef6:	2006      	movs	r0, #6
10001ef8:	f000 f8ee 	bl	100020d8 <clock_get_hz>
10001efc:	00c0      	lsls	r0, r0, #3
10001efe:	0021      	movs	r1, r4
10001f00:	f000 fb58 	bl	100025b4 <__wrap___aeabi_uidiv>
10001f04:	3001      	adds	r0, #1
10001f06:	09c6      	lsrs	r6, r0, #7
10001f08:	d007      	beq.n	10001f1a <uart_set_baudrate+0x2a>
10001f0a:	4b0e      	ldr	r3, [pc, #56]	@ (10001f44 <uart_set_baudrate+0x54>)
10001f0c:	429e      	cmp	r6, r3
10001f0e:	d815      	bhi.n	10001f3c <uart_set_baudrate+0x4c>
10001f10:	0840      	lsrs	r0, r0, #1
10001f12:	0034      	movs	r4, r6
10001f14:	263f      	movs	r6, #63	@ 0x3f
10001f16:	4006      	ands	r6, r0
10001f18:	e000      	b.n	10001f1c <uart_set_baudrate+0x2c>
10001f1a:	2401      	movs	r4, #1
10001f1c:	626c      	str	r4, [r5, #36]	@ 0x24
10001f1e:	62ae      	str	r6, [r5, #40]	@ 0x28
10001f20:	2200      	movs	r2, #0
10001f22:	2100      	movs	r1, #0
10001f24:	0028      	movs	r0, r5
10001f26:	f7ff ffd3 	bl	10001ed0 <uart_write_lcr_bits_masked>
10001f2a:	2006      	movs	r0, #6
10001f2c:	f000 f8d4 	bl	100020d8 <clock_get_hz>
10001f30:	0080      	lsls	r0, r0, #2
10001f32:	01a1      	lsls	r1, r4, #6
10001f34:	1989      	adds	r1, r1, r6
10001f36:	f000 fb3d 	bl	100025b4 <__wrap___aeabi_uidiv>
10001f3a:	bd70      	pop	{r4, r5, r6, pc}
10001f3c:	2600      	movs	r6, #0
10001f3e:	4c02      	ldr	r4, [pc, #8]	@ (10001f48 <uart_set_baudrate+0x58>)
10001f40:	e7ec      	b.n	10001f1c <uart_set_baudrate+0x2c>
10001f42:	46c0      	nop			@ (mov r8, r8)
10001f44:	0000fffe 	.word	0x0000fffe
10001f48:	0000ffff 	.word	0x0000ffff

10001f4c <uart_set_translate_crlf>:
10001f4c:	2900      	cmp	r1, #0
10001f4e:	d009      	beq.n	10001f64 <uart_set_translate_crlf+0x18>
10001f50:	220a      	movs	r2, #10
10001f52:	4b06      	ldr	r3, [pc, #24]	@ (10001f6c <uart_set_translate_crlf+0x20>)
10001f54:	469c      	mov	ip, r3
10001f56:	4460      	add	r0, ip
10001f58:	4243      	negs	r3, r0
10001f5a:	4158      	adcs	r0, r3
10001f5c:	4b04      	ldr	r3, [pc, #16]	@ (10001f70 <uart_set_translate_crlf+0x24>)
10001f5e:	0040      	lsls	r0, r0, #1
10001f60:	52c2      	strh	r2, [r0, r3]
10001f62:	4770      	bx	lr
10001f64:	2280      	movs	r2, #128	@ 0x80
10001f66:	0052      	lsls	r2, r2, #1
10001f68:	e7f3      	b.n	10001f52 <uart_set_translate_crlf+0x6>
10001f6a:	46c0      	nop			@ (mov r8, r8)
10001f6c:	bffc8000 	.word	0xbffc8000
10001f70:	20002590 	.word	0x20002590

10001f74 <uart_init>:
10001f74:	b570      	push	{r4, r5, r6, lr}
10001f76:	0004      	movs	r4, r0
10001f78:	000d      	movs	r5, r1
10001f7a:	2006      	movs	r0, #6
10001f7c:	f000 f8ac 	bl	100020d8 <clock_get_hz>
10001f80:	2800      	cmp	r0, #0
10001f82:	d01e      	beq.n	10001fc2 <uart_init+0x4e>
10001f84:	4b10      	ldr	r3, [pc, #64]	@ (10001fc8 <uart_init+0x54>)
10001f86:	429c      	cmp	r4, r3
10001f88:	d01c      	beq.n	10001fc4 <uart_init+0x50>
10001f8a:	2216      	movs	r2, #22
10001f8c:	2301      	movs	r3, #1
10001f8e:	4093      	lsls	r3, r2
10001f90:	4a0e      	ldr	r2, [pc, #56]	@ (10001fcc <uart_init+0x58>)
10001f92:	6013      	str	r3, [r2, #0]
10001f94:	0020      	movs	r0, r4
10001f96:	f7ff ff61 	bl	10001e5c <uart_unreset>
10001f9a:	2100      	movs	r1, #0
10001f9c:	0020      	movs	r0, r4
10001f9e:	f7ff ffd5 	bl	10001f4c <uart_set_translate_crlf>
10001fa2:	0029      	movs	r1, r5
10001fa4:	0020      	movs	r0, r4
10001fa6:	f7ff ffa3 	bl	10001ef0 <uart_set_baudrate>
10001faa:	6ae2      	ldr	r2, [r4, #44]	@ 0x2c
10001fac:	2370      	movs	r3, #112	@ 0x70
10001fae:	405a      	eors	r2, r3
10001fb0:	330e      	adds	r3, #14
10001fb2:	4013      	ands	r3, r2
10001fb4:	4a06      	ldr	r2, [pc, #24]	@ (10001fd0 <uart_init+0x5c>)
10001fb6:	18a2      	adds	r2, r4, r2
10001fb8:	6013      	str	r3, [r2, #0]
10001fba:	4b06      	ldr	r3, [pc, #24]	@ (10001fd4 <uart_init+0x60>)
10001fbc:	6323      	str	r3, [r4, #48]	@ 0x30
10001fbe:	2303      	movs	r3, #3
10001fc0:	64a3      	str	r3, [r4, #72]	@ 0x48
10001fc2:	bd70      	pop	{r4, r5, r6, pc}
10001fc4:	2217      	movs	r2, #23
10001fc6:	e7e1      	b.n	10001f8c <uart_init+0x18>
10001fc8:	40038000 	.word	0x40038000
10001fcc:	4000e000 	.word	0x4000e000
10001fd0:	0000102c 	.word	0x0000102c
10001fd4:	00000301 	.word	0x00000301

10001fd8 <clock_configure_internal>:
10001fd8:	b5f8      	push	{r3, r4, r5, r6, r7, lr}
10001fda:	46d6      	mov	lr, sl
10001fdc:	4647      	mov	r7, r8
10001fde:	b580      	push	{r7, lr}
10001fe0:	0006      	movs	r6, r0
10001fe2:	000d      	movs	r5, r1
10001fe4:	0017      	movs	r7, r2
10001fe6:	4698      	mov	r8, r3
10001fe8:	0044      	lsls	r4, r0, #1
10001fea:	1824      	adds	r4, r4, r0
10001fec:	00a4      	lsls	r4, r4, #2
10001fee:	4b29      	ldr	r3, [pc, #164]	@ (10002094 <clock_configure_internal+0xbc>)
10001ff0:	469c      	mov	ip, r3
10001ff2:	4464      	add	r4, ip
10001ff4:	6863      	ldr	r3, [r4, #4]
10001ff6:	9a08      	ldr	r2, [sp, #32]
10001ff8:	4293      	cmp	r3, r2
10001ffa:	d200      	bcs.n	10001ffe <clock_configure_internal+0x26>
10001ffc:	6062      	str	r2, [r4, #4]
10001ffe:	1f33      	subs	r3, r6, #4
10002000:	b2db      	uxtb	r3, r3
10002002:	469a      	mov	sl, r3
10002004:	2b01      	cmp	r3, #1
10002006:	d92e      	bls.n	10002066 <clock_configure_internal+0x8e>
10002008:	2280      	movs	r2, #128	@ 0x80
1000200a:	0112      	lsls	r2, r2, #4
1000200c:	23c0      	movs	r3, #192	@ 0xc0
1000200e:	019b      	lsls	r3, r3, #6
10002010:	18e3      	adds	r3, r4, r3
10002012:	601a      	str	r2, [r3, #0]
10002014:	4b20      	ldr	r3, [pc, #128]	@ (10002098 <clock_configure_internal+0xc0>)
10002016:	00b2      	lsls	r2, r6, #2
10002018:	58d1      	ldr	r1, [r2, r3]
1000201a:	2900      	cmp	r1, #0
1000201c:	d007      	beq.n	1000202e <clock_configure_internal+0x56>
1000201e:	6958      	ldr	r0, [r3, #20]
10002020:	f000 fac8 	bl	100025b4 <__wrap___aeabi_uidiv>
10002024:	3001      	adds	r0, #1
10002026:	0043      	lsls	r3, r0, #1
10002028:	181b      	adds	r3, r3, r0
1000202a:	3b03      	subs	r3, #3
1000202c:	d2fd      	bcs.n	1000202a <clock_configure_internal+0x52>
1000202e:	017f      	lsls	r7, r7, #5
10002030:	6823      	ldr	r3, [r4, #0]
10002032:	405f      	eors	r7, r3
10002034:	23e0      	movs	r3, #224	@ 0xe0
10002036:	403b      	ands	r3, r7
10002038:	2280      	movs	r2, #128	@ 0x80
1000203a:	0152      	lsls	r2, r2, #5
1000203c:	18a2      	adds	r2, r4, r2
1000203e:	6013      	str	r3, [r2, #0]
10002040:	4653      	mov	r3, sl
10002042:	2b01      	cmp	r3, #1
10002044:	d91a      	bls.n	1000207c <clock_configure_internal+0xa4>
10002046:	2380      	movs	r3, #128	@ 0x80
10002048:	019b      	lsls	r3, r3, #6
1000204a:	18e3      	adds	r3, r4, r3
1000204c:	2280      	movs	r2, #128	@ 0x80
1000204e:	0112      	lsls	r2, r2, #4
10002050:	601a      	str	r2, [r3, #0]
10002052:	9b08      	ldr	r3, [sp, #32]
10002054:	6063      	str	r3, [r4, #4]
10002056:	4b10      	ldr	r3, [pc, #64]	@ (10002098 <clock_configure_internal+0xc0>)
10002058:	00b6      	lsls	r6, r6, #2
1000205a:	4642      	mov	r2, r8
1000205c:	50f2      	str	r2, [r6, r3]
1000205e:	bcc0      	pop	{r6, r7}
10002060:	46ba      	mov	sl, r7
10002062:	46b0      	mov	r8, r6
10002064:	bdf8      	pop	{r3, r4, r5, r6, r7, pc}
10002066:	2d01      	cmp	r5, #1
10002068:	d1ce      	bne.n	10002008 <clock_configure_internal+0x30>
1000206a:	2203      	movs	r2, #3
1000206c:	23c0      	movs	r3, #192	@ 0xc0
1000206e:	019b      	lsls	r3, r3, #6
10002070:	18e3      	adds	r3, r4, r3
10002072:	601a      	str	r2, [r3, #0]
10002074:	68a3      	ldr	r3, [r4, #8]
10002076:	07db      	lsls	r3, r3, #31
10002078:	d5fc      	bpl.n	10002074 <clock_configure_internal+0x9c>
1000207a:	e7d8      	b.n	1000202e <clock_configure_internal+0x56>
1000207c:	6821      	ldr	r1, [r4, #0]
1000207e:	4069      	eors	r1, r5
10002080:	2303      	movs	r3, #3
10002082:	400b      	ands	r3, r1
10002084:	6013      	str	r3, [r2, #0]
10002086:	68a3      	ldr	r3, [r4, #8]
10002088:	2201      	movs	r2, #1
1000208a:	40aa      	lsls	r2, r5
1000208c:	421a      	tst	r2, r3
1000208e:	d0fa      	beq.n	10002086 <clock_configure_internal+0xae>
10002090:	e7d9      	b.n	10002046 <clock_configure_internal+0x6e>
10002092:	46c0      	nop			@ (mov r8, r8)
10002094:	40008000 	.word	0x40008000
10002098:	20001ed0 	.word	0x20001ed0

1000209c <clock_configure_int_divider>:
1000209c:	b5f0      	push	{r4, r5, r6, r7, lr}
1000209e:	b083      	sub	sp, #12
100020a0:	0005      	movs	r5, r0
100020a2:	000e      	movs	r6, r1
100020a4:	0017      	movs	r7, r2
100020a6:	0018      	movs	r0, r3
100020a8:	9908      	ldr	r1, [sp, #32]
100020aa:	f000 fa83 	bl	100025b4 <__wrap___aeabi_uidiv>
100020ae:	0003      	movs	r3, r0
100020b0:	9a08      	ldr	r2, [sp, #32]
100020b2:	0214      	lsls	r4, r2, #8
100020b4:	9400      	str	r4, [sp, #0]
100020b6:	003a      	movs	r2, r7
100020b8:	0031      	movs	r1, r6
100020ba:	0028      	movs	r0, r5
100020bc:	f7ff ff8c 	bl	10001fd8 <clock_configure_internal>
100020c0:	b003      	add	sp, #12
100020c2:	bdf0      	pop	{r4, r5, r6, r7, pc}

100020c4 <clock_configure_undivided>:
100020c4:	b510      	push	{r4, lr}
100020c6:	b082      	sub	sp, #8
100020c8:	2480      	movs	r4, #128	@ 0x80
100020ca:	0064      	lsls	r4, r4, #1
100020cc:	9400      	str	r4, [sp, #0]
100020ce:	f7ff ff83 	bl	10001fd8 <clock_configure_internal>
100020d2:	b002      	add	sp, #8
100020d4:	bd10      	pop	{r4, pc}
	...

100020d8 <clock_get_hz>:
100020d8:	4b01      	ldr	r3, [pc, #4]	@ (100020e0 <clock_get_hz+0x8>)
100020da:	0080      	lsls	r0, r0, #2
100020dc:	58c0      	ldr	r0, [r0, r3]
100020de:	4770      	bx	lr
100020e0:	20001ed0 	.word	0x20001ed0

100020e4 <pll_init>:
100020e4:	b5f0      	push	{r4, r5, r6, r7, lr}
100020e6:	46c6      	mov	lr, r8
100020e8:	b500      	push	{lr}
100020ea:	0004      	movs	r4, r0
100020ec:	000e      	movs	r6, r1
100020ee:	0017      	movs	r7, r2
100020f0:	001d      	movs	r5, r3
100020f2:	4837      	ldr	r0, [pc, #220]	@ (100021d0 <pll_init+0xec>)
100020f4:	f000 fa5e 	bl	100025b4 <__wrap___aeabi_uidiv>
100020f8:	4680      	mov	r8, r0
100020fa:	4b36      	ldr	r3, [pc, #216]	@ (100021d4 <pll_init+0xf0>)
100020fc:	18fa      	adds	r2, r7, r3
100020fe:	4b36      	ldr	r3, [pc, #216]	@ (100021d8 <pll_init+0xf4>)
10002100:	429a      	cmp	r2, r3
10002102:	d839      	bhi.n	10002178 <pll_init+0x94>
10002104:	0001      	movs	r1, r0
10002106:	0038      	movs	r0, r7
10002108:	f000 fa54 	bl	100025b4 <__wrap___aeabi_uidiv>
1000210c:	0002      	movs	r2, r0
1000210e:	3a10      	subs	r2, #16
10002110:	2398      	movs	r3, #152	@ 0x98
10002112:	005b      	lsls	r3, r3, #1
10002114:	429a      	cmp	r2, r3
10002116:	d835      	bhi.n	10002184 <pll_init+0xa0>
10002118:	1e6b      	subs	r3, r5, #1
1000211a:	2b06      	cmp	r3, #6
1000211c:	d838      	bhi.n	10002190 <pll_init+0xac>
1000211e:	9b06      	ldr	r3, [sp, #24]
10002120:	3b01      	subs	r3, #1
10002122:	2b06      	cmp	r3, #6
10002124:	d834      	bhi.n	10002190 <pll_init+0xac>
10002126:	093f      	lsrs	r7, r7, #4
10002128:	4547      	cmp	r7, r8
1000212a:	d337      	bcc.n	1000219c <pll_init+0xb8>
1000212c:	042d      	lsls	r5, r5, #16
1000212e:	9b06      	ldr	r3, [sp, #24]
10002130:	031b      	lsls	r3, r3, #12
10002132:	431d      	orrs	r5, r3
10002134:	6823      	ldr	r3, [r4, #0]
10002136:	2b00      	cmp	r3, #0
10002138:	db36      	blt.n	100021a8 <pll_init+0xc4>
1000213a:	4b28      	ldr	r3, [pc, #160]	@ (100021dc <pll_init+0xf8>)
1000213c:	429c      	cmp	r4, r3
1000213e:	d044      	beq.n	100021ca <pll_init+0xe6>
10002140:	220c      	movs	r2, #12
10002142:	2301      	movs	r3, #1
10002144:	4093      	lsls	r3, r2
10002146:	4a26      	ldr	r2, [pc, #152]	@ (100021e0 <pll_init+0xfc>)
10002148:	6013      	str	r3, [r2, #0]
1000214a:	4a26      	ldr	r2, [pc, #152]	@ (100021e4 <pll_init+0x100>)
1000214c:	6013      	str	r3, [r2, #0]
1000214e:	4a26      	ldr	r2, [pc, #152]	@ (100021e8 <pll_init+0x104>)
10002150:	6812      	ldr	r2, [r2, #0]
10002152:	0019      	movs	r1, r3
10002154:	4391      	bics	r1, r2
10002156:	1e0a      	subs	r2, r1, #0
10002158:	d1f9      	bne.n	1000214e <pll_init+0x6a>
1000215a:	6026      	str	r6, [r4, #0]
1000215c:	60a0      	str	r0, [r4, #8]
1000215e:	4b23      	ldr	r3, [pc, #140]	@ (100021ec <pll_init+0x108>)
10002160:	18e3      	adds	r3, r4, r3
10002162:	3221      	adds	r2, #33	@ 0x21
10002164:	601a      	str	r2, [r3, #0]
10002166:	6822      	ldr	r2, [r4, #0]
10002168:	2a00      	cmp	r2, #0
1000216a:	dafc      	bge.n	10002166 <pll_init+0x82>
1000216c:	60e5      	str	r5, [r4, #12]
1000216e:	2208      	movs	r2, #8
10002170:	601a      	str	r2, [r3, #0]
10002172:	bc80      	pop	{r7}
10002174:	46b8      	mov	r8, r7
10002176:	bdf0      	pop	{r4, r5, r6, r7, pc}
10002178:	4b1d      	ldr	r3, [pc, #116]	@ (100021f0 <pll_init+0x10c>)
1000217a:	4a1e      	ldr	r2, [pc, #120]	@ (100021f4 <pll_init+0x110>)
1000217c:	481e      	ldr	r0, [pc, #120]	@ (100021f8 <pll_init+0x114>)
1000217e:	2111      	movs	r1, #17
10002180:	f001 ff40 	bl	10004004 <__assert_func>
10002184:	4b1d      	ldr	r3, [pc, #116]	@ (100021fc <pll_init+0x118>)
10002186:	4a1b      	ldr	r2, [pc, #108]	@ (100021f4 <pll_init+0x110>)
10002188:	481b      	ldr	r0, [pc, #108]	@ (100021f8 <pll_init+0x114>)
1000218a:	2119      	movs	r1, #25
1000218c:	f001 ff3a 	bl	10004004 <__assert_func>
10002190:	4b1b      	ldr	r3, [pc, #108]	@ (10002200 <pll_init+0x11c>)
10002192:	4a18      	ldr	r2, [pc, #96]	@ (100021f4 <pll_init+0x110>)
10002194:	4818      	ldr	r0, [pc, #96]	@ (100021f8 <pll_init+0x114>)
10002196:	211c      	movs	r1, #28
10002198:	f001 ff34 	bl	10004004 <__assert_func>
1000219c:	4b19      	ldr	r3, [pc, #100]	@ (10002204 <pll_init+0x120>)
1000219e:	4a15      	ldr	r2, [pc, #84]	@ (100021f4 <pll_init+0x110>)
100021a0:	4815      	ldr	r0, [pc, #84]	@ (100021f8 <pll_init+0x114>)
100021a2:	2123      	movs	r1, #35	@ 0x23
100021a4:	f001 ff2e 	bl	10004004 <__assert_func>
100021a8:	6822      	ldr	r2, [r4, #0]
100021aa:	233f      	movs	r3, #63	@ 0x3f
100021ac:	4013      	ands	r3, r2
100021ae:	42b3      	cmp	r3, r6
100021b0:	d1c3      	bne.n	1000213a <pll_init+0x56>
100021b2:	68a3      	ldr	r3, [r4, #8]
100021b4:	051b      	lsls	r3, r3, #20
100021b6:	0d1b      	lsrs	r3, r3, #20
100021b8:	4283      	cmp	r3, r0
100021ba:	d1be      	bne.n	1000213a <pll_init+0x56>
100021bc:	68e3      	ldr	r3, [r4, #12]
100021be:	22ee      	movs	r2, #238	@ 0xee
100021c0:	02d2      	lsls	r2, r2, #11
100021c2:	4013      	ands	r3, r2
100021c4:	42ab      	cmp	r3, r5
100021c6:	d1b8      	bne.n	1000213a <pll_init+0x56>
100021c8:	e7d3      	b.n	10002172 <pll_init+0x8e>
100021ca:	220d      	movs	r2, #13
100021cc:	e7b9      	b.n	10002142 <pll_init+0x5e>
100021ce:	46c0      	nop			@ (mov r8, r8)
100021d0:	00b71b00 	.word	0x00b71b00
100021d4:	d34be880 	.word	0xd34be880
100021d8:	32a9f880 	.word	0x32a9f880
100021dc:	4002c000 	.word	0x4002c000
100021e0:	4000e000 	.word	0x4000e000
100021e4:	4000f000 	.word	0x4000f000
100021e8:	4000c008 	.word	0x4000c008
100021ec:	00003004 	.word	0x00003004
100021f0:	10008678 	.word	0x10008678
100021f4:	10008fa8 	.word	0x10008fa8
100021f8:	100086c8 	.word	0x100086c8
100021fc:	1000870c 	.word	0x1000870c
10002200:	10008728 	.word	0x10008728
10002204:	10008774 	.word	0x10008774

10002208 <watchdog_update>:
10002208:	4b02      	ldr	r3, [pc, #8]	@ (10002214 <watchdog_update+0xc>)
1000220a:	681a      	ldr	r2, [r3, #0]
1000220c:	4b02      	ldr	r3, [pc, #8]	@ (10002218 <watchdog_update+0x10>)
1000220e:	605a      	str	r2, [r3, #4]
10002210:	4770      	bx	lr
10002212:	46c0      	nop			@ (mov r8, r8)
10002214:	20002338 	.word	0x20002338
10002218:	40058000 	.word	0x40058000

1000221c <_watchdog_enable>:
1000221c:	b510      	push	{r4, lr}
1000221e:	4b18      	ldr	r3, [pc, #96]	@ (10002280 <_watchdog_enable+0x64>)
10002220:	2280      	movs	r2, #128	@ 0x80
10002222:	05d2      	lsls	r2, r2, #23
10002224:	601a      	str	r2, [r3, #0]
10002226:	4b17      	ldr	r3, [pc, #92]	@ (10002284 <_watchdog_enable+0x68>)
10002228:	4a17      	ldr	r2, [pc, #92]	@ (10002288 <_watchdog_enable+0x6c>)
1000222a:	601a      	str	r2, [r3, #0]
1000222c:	2900      	cmp	r1, #0
1000222e:	d00a      	beq.n	10002246 <_watchdog_enable+0x2a>
10002230:	4b16      	ldr	r3, [pc, #88]	@ (1000228c <_watchdog_enable+0x70>)
10002232:	22e0      	movs	r2, #224	@ 0xe0
10002234:	04d2      	lsls	r2, r2, #19
10002236:	601a      	str	r2, [r3, #0]
10002238:	2800      	cmp	r0, #0
1000223a:	d109      	bne.n	10002250 <_watchdog_enable+0x34>
1000223c:	4b13      	ldr	r3, [pc, #76]	@ (1000228c <_watchdog_enable+0x70>)
1000223e:	2280      	movs	r2, #128	@ 0x80
10002240:	0612      	lsls	r2, r2, #24
10002242:	601a      	str	r2, [r3, #0]
10002244:	bd10      	pop	{r4, pc}
10002246:	4b0e      	ldr	r3, [pc, #56]	@ (10002280 <_watchdog_enable+0x64>)
10002248:	22e0      	movs	r2, #224	@ 0xe0
1000224a:	04d2      	lsls	r2, r2, #19
1000224c:	601a      	str	r2, [r3, #0]
1000224e:	e7f3      	b.n	10002238 <_watchdog_enable+0x1c>
10002250:	0143      	lsls	r3, r0, #5
10002252:	1a1b      	subs	r3, r3, r0
10002254:	009b      	lsls	r3, r3, #2
10002256:	181a      	adds	r2, r3, r0
10002258:	00d2      	lsls	r2, r2, #3
1000225a:	490d      	ldr	r1, [pc, #52]	@ (10002290 <_watchdog_enable+0x74>)
1000225c:	600a      	str	r2, [r1, #0]
1000225e:	1818      	adds	r0, r3, r0
10002260:	0100      	lsls	r0, r0, #4
10002262:	6008      	str	r0, [r1, #0]
10002264:	2380      	movs	r3, #128	@ 0x80
10002266:	045b      	lsls	r3, r3, #17
10002268:	4298      	cmp	r0, r3
1000226a:	d301      	bcc.n	10002270 <_watchdog_enable+0x54>
1000226c:	4a09      	ldr	r2, [pc, #36]	@ (10002294 <_watchdog_enable+0x78>)
1000226e:	600a      	str	r2, [r1, #0]
10002270:	f7ff ffca 	bl	10002208 <watchdog_update>
10002274:	4b05      	ldr	r3, [pc, #20]	@ (1000228c <_watchdog_enable+0x70>)
10002276:	2280      	movs	r2, #128	@ 0x80
10002278:	05d2      	lsls	r2, r2, #23
1000227a:	601a      	str	r2, [r3, #0]
1000227c:	e7e2      	b.n	10002244 <_watchdog_enable+0x28>
1000227e:	46c0      	nop			@ (mov r8, r8)
10002280:	4005b000 	.word	0x4005b000
10002284:	40012008 	.word	0x40012008
10002288:	0001fffc 	.word	0x0001fffc
1000228c:	4005a000 	.word	0x4005a000
10002290:	20002338 	.word	0x20002338
10002294:	00ffffff 	.word	0x00ffffff

10002298 <watchdog_reboot>:
10002298:	b510      	push	{r4, lr}
1000229a:	0003      	movs	r3, r0
1000229c:	0010      	movs	r0, r2
1000229e:	4a0c      	ldr	r2, [pc, #48]	@ (100022d0 <watchdog_reboot+0x38>)
100022a0:	2480      	movs	r4, #128	@ 0x80
100022a2:	05e4      	lsls	r4, r4, #23
100022a4:	6014      	str	r4, [r2, #0]
100022a6:	2b00      	cmp	r3, #0
100022a8:	d00d      	beq.n	100022c6 <watchdog_reboot+0x2e>
100022aa:	2201      	movs	r2, #1
100022ac:	4313      	orrs	r3, r2
100022ae:	4a09      	ldr	r2, [pc, #36]	@ (100022d4 <watchdog_reboot+0x3c>)
100022b0:	4c09      	ldr	r4, [pc, #36]	@ (100022d8 <watchdog_reboot+0x40>)
100022b2:	61d4      	str	r4, [r2, #28]
100022b4:	4c09      	ldr	r4, [pc, #36]	@ (100022dc <watchdog_reboot+0x44>)
100022b6:	405c      	eors	r4, r3
100022b8:	6214      	str	r4, [r2, #32]
100022ba:	6251      	str	r1, [r2, #36]	@ 0x24
100022bc:	6293      	str	r3, [r2, #40]	@ 0x28
100022be:	2100      	movs	r1, #0
100022c0:	f7ff ffac 	bl	1000221c <_watchdog_enable>
100022c4:	bd10      	pop	{r4, pc}
100022c6:	4b03      	ldr	r3, [pc, #12]	@ (100022d4 <watchdog_reboot+0x3c>)
100022c8:	2200      	movs	r2, #0
100022ca:	61da      	str	r2, [r3, #28]
100022cc:	e7f7      	b.n	100022be <watchdog_reboot+0x26>
100022ce:	46c0      	nop			@ (mov r8, r8)
100022d0:	4005b000 	.word	0x4005b000
100022d4:	40058000 	.word	0x40058000
100022d8:	b007c0d3 	.word	0xb007c0d3
100022dc:	4ff83f2d 	.word	0x4ff83f2d

100022e0 <tick_start>:
100022e0:	2380      	movs	r3, #128	@ 0x80
100022e2:	009b      	lsls	r3, r3, #2
100022e4:	430b      	orrs	r3, r1
100022e6:	4a01      	ldr	r2, [pc, #4]	@ (100022ec <tick_start+0xc>)
100022e8:	62d3      	str	r3, [r2, #44]	@ 0x2c
100022ea:	4770      	bx	lr
100022ec:	40058000 	.word	0x40058000

100022f0 <rom_func_lookup>:
100022f0:	b510      	push	{r4, lr}
100022f2:	0001      	movs	r1, r0
100022f4:	2318      	movs	r3, #24
100022f6:	881b      	ldrh	r3, [r3, #0]
100022f8:	2214      	movs	r2, #20
100022fa:	8810      	ldrh	r0, [r2, #0]
100022fc:	4798      	blx	r3
100022fe:	bd10      	pop	{r4, pc}

10002300 <rom_data_lookup>:
10002300:	b510      	push	{r4, lr}
10002302:	0001      	movs	r1, r0
10002304:	2318      	movs	r3, #24
10002306:	881b      	ldrh	r3, [r3, #0]
10002308:	2216      	movs	r2, #22
1000230a:	8810      	ldrh	r0, [r2, #0]
1000230c:	4798      	blx	r3
1000230e:	bd10      	pop	{r4, pc}

10002310 <rom_funcs_lookup>:
10002310:	b5f0      	push	{r4, r5, r6, r7, lr}
10002312:	46c6      	mov	lr, r8
10002314:	b500      	push	{lr}
10002316:	0007      	movs	r7, r0
10002318:	000e      	movs	r6, r1
1000231a:	2500      	movs	r5, #0
1000231c:	2301      	movs	r3, #1
1000231e:	4698      	mov	r8, r3
10002320:	e000      	b.n	10002324 <rom_funcs_lookup+0x14>
10002322:	3501      	adds	r5, #1
10002324:	42b5      	cmp	r5, r6
10002326:	d20a      	bcs.n	1000233e <rom_funcs_lookup+0x2e>
10002328:	00ac      	lsls	r4, r5, #2
1000232a:	193c      	adds	r4, r7, r4
1000232c:	6820      	ldr	r0, [r4, #0]
1000232e:	f7ff ffdf 	bl	100022f0 <rom_func_lookup>
10002332:	6020      	str	r0, [r4, #0]
10002334:	2800      	cmp	r0, #0
10002336:	d1f4      	bne.n	10002322 <rom_funcs_lookup+0x12>
10002338:	2300      	movs	r3, #0
1000233a:	4698      	mov	r8, r3
1000233c:	e7f1      	b.n	10002322 <rom_funcs_lookup+0x12>
1000233e:	4640      	mov	r0, r8
10002340:	bc80      	pop	{r7}
10002342:	46b8      	mov	r8, r7
10002344:	bdf0      	pop	{r4, r5, r6, r7, pc}
	...

10002348 <rom_reset_usb_boot_extra>:
10002348:	b570      	push	{r4, r5, r6, lr}
1000234a:	0004      	movs	r4, r0
1000234c:	000d      	movs	r5, r1
1000234e:	4806      	ldr	r0, [pc, #24]	@ (10002368 <rom_reset_usb_boot_extra+0x20>)
10002350:	f7ff ffce 	bl	100022f0 <rom_func_lookup>
10002354:	0003      	movs	r3, r0
10002356:	2c00      	cmp	r4, #0
10002358:	db03      	blt.n	10002362 <rom_reset_usb_boot_extra+0x1a>
1000235a:	2001      	movs	r0, #1
1000235c:	40a0      	lsls	r0, r4
1000235e:	0029      	movs	r1, r5
10002360:	4798      	blx	r3
10002362:	2000      	movs	r0, #0
10002364:	e7fb      	b.n	1000235e <rom_reset_usb_boot_extra+0x16>
10002366:	46c0      	nop			@ (mov r8, r8)
10002368:	00004255 	.word	0x00004255

1000236c <xosc_init>:
1000236c:	4b06      	ldr	r3, [pc, #24]	@ (10002388 <xosc_init+0x1c>)
1000236e:	22aa      	movs	r2, #170	@ 0xaa
10002370:	0112      	lsls	r2, r2, #4
10002372:	601a      	str	r2, [r3, #0]
10002374:	222f      	movs	r2, #47	@ 0x2f
10002376:	60da      	str	r2, [r3, #12]
10002378:	4b04      	ldr	r3, [pc, #16]	@ (1000238c <xosc_init+0x20>)
1000237a:	4a05      	ldr	r2, [pc, #20]	@ (10002390 <xosc_init+0x24>)
1000237c:	601a      	str	r2, [r3, #0]
1000237e:	4b02      	ldr	r3, [pc, #8]	@ (10002388 <xosc_init+0x1c>)
10002380:	685b      	ldr	r3, [r3, #4]
10002382:	2b00      	cmp	r3, #0
10002384:	dafb      	bge.n	1000237e <xosc_init+0x12>
10002386:	4770      	bx	lr
10002388:	40024000 	.word	0x40024000
1000238c:	40026000 	.word	0x40026000
10002390:	00fab000 	.word	0x00fab000

10002394 <runtime_run_initializers_from>:
10002394:	b510      	push	{r4, lr}
10002396:	0004      	movs	r4, r0
10002398:	e001      	b.n	1000239e <runtime_run_initializers_from+0xa>
1000239a:	cc08      	ldmia	r4!, {r3}
1000239c:	4798      	blx	r3
1000239e:	4b02      	ldr	r3, [pc, #8]	@ (100023a8 <runtime_run_initializers_from+0x14>)
100023a0:	429c      	cmp	r4, r3
100023a2:	d3fa      	bcc.n	1000239a <runtime_run_initializers_from+0x6>
100023a4:	bd10      	pop	{r4, pc}
100023a6:	46c0      	nop			@ (mov r8, r8)
100023a8:	1000809c 	.word	0x1000809c

100023ac <first_per_core_initializer>:
100023ac:	4770      	bx	lr
	...

100023b0 <runtime_run_initializers>:
100023b0:	b510      	push	{r4, lr}
100023b2:	4802      	ldr	r0, [pc, #8]	@ (100023bc <runtime_run_initializers+0xc>)
100023b4:	f7ff ffee 	bl	10002394 <runtime_run_initializers_from>
100023b8:	bd10      	pop	{r4, pc}
100023ba:	46c0      	nop			@ (mov r8, r8)
100023bc:	10008060 	.word	0x10008060

100023c0 <runtime_init_early_resets>:
100023c0:	4b05      	ldr	r3, [pc, #20]	@ (100023d8 <runtime_init_early_resets+0x18>)
100023c2:	4a06      	ldr	r2, [pc, #24]	@ (100023dc <runtime_init_early_resets+0x1c>)
100023c4:	601a      	str	r2, [r3, #0]
100023c6:	4b06      	ldr	r3, [pc, #24]	@ (100023e0 <runtime_init_early_resets+0x20>)
100023c8:	4a06      	ldr	r2, [pc, #24]	@ (100023e4 <runtime_init_early_resets+0x24>)
100023ca:	601a      	str	r2, [r3, #0]
100023cc:	4b06      	ldr	r3, [pc, #24]	@ (100023e8 <runtime_init_early_resets+0x28>)
100023ce:	681a      	ldr	r2, [r3, #0]
100023d0:	4b04      	ldr	r3, [pc, #16]	@ (100023e4 <runtime_init_early_resets+0x24>)
100023d2:	4393      	bics	r3, r2
100023d4:	d1fa      	bne.n	100023cc <runtime_init_early_resets+0xc>
100023d6:	4770      	bx	lr
100023d8:	4000e000 	.word	0x4000e000
100023dc:	fefbcdbf 	.word	0xfefbcdbf
100023e0:	4000f000 	.word	0x4000f000
100023e4:	003c7ffe 	.word	0x003c7ffe
100023e8:	4000c008 	.word	0x4000c008

100023ec <runtime_init_usb_power_down>:
100023ec:	4b04      	ldr	r3, [pc, #16]	@ (10002400 <runtime_init_usb_power_down+0x14>)
100023ee:	6cdb      	ldr	r3, [r3, #76]	@ 0x4c
100023f0:	2b00      	cmp	r3, #0
100023f2:	d103      	bne.n	100023fc <runtime_init_usb_power_down+0x10>
100023f4:	4b03      	ldr	r3, [pc, #12]	@ (10002404 <runtime_init_usb_power_down+0x18>)
100023f6:	2280      	movs	r2, #128	@ 0x80
100023f8:	02d2      	lsls	r2, r2, #11
100023fa:	601a      	str	r2, [r3, #0]
100023fc:	4770      	bx	lr
100023fe:	46c0      	nop			@ (mov r8, r8)
10002400:	50110000 	.word	0x50110000
10002404:	5011204c 	.word	0x5011204c

10002408 <runtime_init_post_clock_resets>:
10002408:	4b04      	ldr	r3, [pc, #16]	@ (1000241c <runtime_init_post_clock_resets+0x14>)
1000240a:	4a05      	ldr	r2, [pc, #20]	@ (10002420 <runtime_init_post_clock_resets+0x18>)
1000240c:	601a      	str	r2, [r3, #0]
1000240e:	4b05      	ldr	r3, [pc, #20]	@ (10002424 <runtime_init_post_clock_resets+0x1c>)
10002410:	681b      	ldr	r3, [r3, #0]
10002412:	43db      	mvns	r3, r3
10002414:	01db      	lsls	r3, r3, #7
10002416:	d1fa      	bne.n	1000240e <runtime_init_post_clock_resets+0x6>
10002418:	4770      	bx	lr
1000241a:	46c0      	nop			@ (mov r8, r8)
1000241c:	4000f000 	.word	0x4000f000
10002420:	01ffffff 	.word	0x01ffffff
10002424:	4000c008 	.word	0x4000c008

10002428 <runtime_init_rp2040_gpio_ie_disable>:
10002428:	4b03      	ldr	r3, [pc, #12]	@ (10002438 <runtime_init_rp2040_gpio_ie_disable+0x10>)
1000242a:	2240      	movs	r2, #64	@ 0x40
1000242c:	679a      	str	r2, [r3, #120]	@ 0x78
1000242e:	675a      	str	r2, [r3, #116]	@ 0x74
10002430:	671a      	str	r2, [r3, #112]	@ 0x70
10002432:	66da      	str	r2, [r3, #108]	@ 0x6c
10002434:	4770      	bx	lr
10002436:	46c0      	nop			@ (mov r8, r8)
10002438:	4001f000 	.word	0x4001f000

1000243c <runtime_init_spin_locks_reset>:
1000243c:	b510      	push	{r4, lr}
1000243e:	f7fe fd07 	bl	10000e50 <spin_locks_reset>
10002442:	bd10      	pop	{r4, pc}

10002444 <runtime_init_install_ram_vector_table>:
10002444:	b570      	push	{r4, r5, r6, lr}
10002446:	4d04      	ldr	r5, [pc, #16]	@ (10002458 <runtime_init_install_ram_vector_table+0x14>)
10002448:	68a9      	ldr	r1, [r5, #8]
1000244a:	4c04      	ldr	r4, [pc, #16]	@ (1000245c <runtime_init_install_ram_vector_table+0x18>)
1000244c:	22c0      	movs	r2, #192	@ 0xc0
1000244e:	0020      	movs	r0, r4
10002450:	f000 fcd4 	bl	10002dfc <__wrap___aeabi_memcpy>
10002454:	60ac      	str	r4, [r5, #8]
10002456:	bd70      	pop	{r4, r5, r6, pc}
10002458:	e000ed00 	.word	0xe000ed00
1000245c:	20000000 	.word	0x20000000

10002460 <start_all_ticks>:
10002460:	b570      	push	{r4, r5, r6, lr}
10002462:	2004      	movs	r0, #4
10002464:	f7ff fe38 	bl	100020d8 <clock_get_hz>
10002468:	4906      	ldr	r1, [pc, #24]	@ (10002484 <start_all_ticks+0x24>)
1000246a:	f000 f8a3 	bl	100025b4 <__wrap___aeabi_uidiv>
1000246e:	0005      	movs	r5, r0
10002470:	2400      	movs	r4, #0
10002472:	2c00      	cmp	r4, #0
10002474:	dd00      	ble.n	10002478 <start_all_ticks+0x18>
10002476:	bd70      	pop	{r4, r5, r6, pc}
10002478:	b2e0      	uxtb	r0, r4
1000247a:	0029      	movs	r1, r5
1000247c:	f7ff ff30 	bl	100022e0 <tick_start>
10002480:	3401      	adds	r4, #1
10002482:	e7f6      	b.n	10002472 <start_all_ticks+0x12>
10002484:	000f4240 	.word	0x000f4240

10002488 <runtime_init_clocks>:
10002488:	b530      	push	{r4, r5, lr}
1000248a:	b083      	sub	sp, #12
1000248c:	4b27      	ldr	r3, [pc, #156]	@ (1000252c <runtime_init_clocks+0xa4>)
1000248e:	2200      	movs	r2, #0
10002490:	679a      	str	r2, [r3, #120]	@ 0x78
10002492:	f7ff ff6b 	bl	1000236c <xosc_init>
10002496:	4b26      	ldr	r3, [pc, #152]	@ (10002530 <runtime_init_clocks+0xa8>)
10002498:	2201      	movs	r2, #1
1000249a:	601a      	str	r2, [r3, #0]
1000249c:	4b23      	ldr	r3, [pc, #140]	@ (1000252c <runtime_init_clocks+0xa4>)
1000249e:	6c5b      	ldr	r3, [r3, #68]	@ 0x44
100024a0:	2b01      	cmp	r3, #1
100024a2:	d1fb      	bne.n	1000249c <runtime_init_clocks+0x14>
100024a4:	4b23      	ldr	r3, [pc, #140]	@ (10002534 <runtime_init_clocks+0xac>)
100024a6:	2203      	movs	r2, #3
100024a8:	601a      	str	r2, [r3, #0]
100024aa:	4b20      	ldr	r3, [pc, #128]	@ (1000252c <runtime_init_clocks+0xa4>)
100024ac:	6b9b      	ldr	r3, [r3, #56]	@ 0x38
100024ae:	2b01      	cmp	r3, #1
100024b0:	d1fb      	bne.n	100024aa <runtime_init_clocks+0x22>
100024b2:	3301      	adds	r3, #1
100024b4:	9300      	str	r3, [sp, #0]
100024b6:	3304      	adds	r3, #4
100024b8:	4a1f      	ldr	r2, [pc, #124]	@ (10002538 <runtime_init_clocks+0xb0>)
100024ba:	2101      	movs	r1, #1
100024bc:	481f      	ldr	r0, [pc, #124]	@ (1000253c <runtime_init_clocks+0xb4>)
100024be:	f7ff fe11 	bl	100020e4 <pll_init>
100024c2:	2305      	movs	r3, #5
100024c4:	9300      	str	r3, [sp, #0]
100024c6:	4a1e      	ldr	r2, [pc, #120]	@ (10002540 <runtime_init_clocks+0xb8>)
100024c8:	2101      	movs	r1, #1
100024ca:	481e      	ldr	r0, [pc, #120]	@ (10002544 <runtime_init_clocks+0xbc>)
100024cc:	f7ff fe0a 	bl	100020e4 <pll_init>
100024d0:	4b1d      	ldr	r3, [pc, #116]	@ (10002548 <runtime_init_clocks+0xc0>)
100024d2:	2200      	movs	r2, #0
100024d4:	2102      	movs	r1, #2
100024d6:	2004      	movs	r0, #4
100024d8:	f7ff fdf4 	bl	100020c4 <clock_configure_undivided>
100024dc:	4d1b      	ldr	r5, [pc, #108]	@ (1000254c <runtime_init_clocks+0xc4>)
100024de:	002b      	movs	r3, r5
100024e0:	2200      	movs	r2, #0
100024e2:	2101      	movs	r1, #1
100024e4:	2005      	movs	r0, #5
100024e6:	f7ff fded 	bl	100020c4 <clock_configure_undivided>
100024ea:	4c19      	ldr	r4, [pc, #100]	@ (10002550 <runtime_init_clocks+0xc8>)
100024ec:	0023      	movs	r3, r4
100024ee:	2200      	movs	r2, #0
100024f0:	2100      	movs	r1, #0
100024f2:	2007      	movs	r0, #7
100024f4:	f7ff fde6 	bl	100020c4 <clock_configure_undivided>
100024f8:	0023      	movs	r3, r4
100024fa:	2200      	movs	r2, #0
100024fc:	2100      	movs	r1, #0
100024fe:	2008      	movs	r0, #8
10002500:	f7ff fde0 	bl	100020c4 <clock_configure_undivided>
10002504:	2380      	movs	r3, #128	@ 0x80
10002506:	00db      	lsls	r3, r3, #3
10002508:	9300      	str	r3, [sp, #0]
1000250a:	0023      	movs	r3, r4
1000250c:	2200      	movs	r2, #0
1000250e:	2100      	movs	r1, #0
10002510:	2009      	movs	r0, #9
10002512:	f7ff fdc3 	bl	1000209c <clock_configure_int_divider>
10002516:	002b      	movs	r3, r5
10002518:	2200      	movs	r2, #0
1000251a:	2100      	movs	r1, #0
1000251c:	2006      	movs	r0, #6
1000251e:	f7ff fdd1 	bl	100020c4 <clock_configure_undivided>
10002522:	f7ff ff9d 	bl	10002460 <start_all_ticks>
10002526:	b003      	add	sp, #12
10002528:	bd30      	pop	{r4, r5, pc}
1000252a:	46c0      	nop			@ (mov r8, r8)
1000252c:	40008000 	.word	0x40008000
10002530:	4000b03c 	.word	0x4000b03c
10002534:	4000b030 	.word	0x4000b030
10002538:	59682f00 	.word	0x59682f00
1000253c:	40028000 	.word	0x40028000
10002540:	47868c00 	.word	0x47868c00
10002544:	4002c000 	.word	0x4002c000
10002548:	00b71b00 	.word	0x00b71b00
1000254c:	07735940 	.word	0x07735940
10002550:	02dc6c00 	.word	0x02dc6c00

10002554 <__aeabi_bits_init>:
10002554:	4801      	ldr	r0, [pc, #4]	@ (1000255c <__aeabi_bits_init+0x8>)
10002556:	2104      	movs	r1, #4
10002558:	4b01      	ldr	r3, [pc, #4]	@ (10002560 <__aeabi_bits_init+0xc>)
1000255a:	4718      	bx	r3
1000255c:	20000c30 	.word	0x20000c30
10002560:	10002311 	.word	0x10002311

10002564 <__wrap___aeabi_idiv>:
10002564:	4a12      	ldr	r2, [pc, #72]	@ (100025b0 <divmod_s32s32_savestate+0x18>)
10002566:	6f93      	ldr	r3, [r2, #120]	@ 0x78
10002568:	089b      	lsrs	r3, r3, #2
1000256a:	d215      	bcs.n	10002598 <divmod_s32s32_savestate>

1000256c <divmod_s32s32_unsafe>:
1000256c:	6690      	str	r0, [r2, #104]	@ 0x68
1000256e:	66d1      	str	r1, [r2, #108]	@ 0x6c
10002570:	2900      	cmp	r1, #0
10002572:	d005      	beq.n	10002580 <divmod_s32s32_unsafe+0x14>
10002574:	e7ff      	b.n	10002576 <divmod_s32s32_unsafe+0xa>
10002576:	e7ff      	b.n	10002578 <divmod_s32s32_unsafe+0xc>
10002578:	e7ff      	b.n	1000257a <divmod_s32s32_unsafe+0xe>
1000257a:	6f51      	ldr	r1, [r2, #116]	@ 0x74
1000257c:	6f10      	ldr	r0, [r2, #112]	@ 0x70
1000257e:	4770      	bx	lr
10002580:	b504      	push	{r2, lr}
10002582:	2180      	movs	r1, #128	@ 0x80
10002584:	0609      	lsls	r1, r1, #24
10002586:	17c2      	asrs	r2, r0, #31
10002588:	4051      	eors	r1, r2
1000258a:	2800      	cmp	r0, #0
1000258c:	d000      	beq.n	10002590 <divmod_s32s32_unsafe+0x24>
1000258e:	43c8      	mvns	r0, r1
10002590:	f005 fd1e 	bl	10007fd0 <____aeabi_idiv0_veneer>
10002594:	2100      	movs	r1, #0
10002596:	bd04      	pop	{r2, pc}

10002598 <divmod_s32s32_savestate>:
10002598:	b5f0      	push	{r4, r5, r6, r7, lr}
1000259a:	6e14      	ldr	r4, [r2, #96]	@ 0x60
1000259c:	6e55      	ldr	r5, [r2, #100]	@ 0x64
1000259e:	6f57      	ldr	r7, [r2, #116]	@ 0x74
100025a0:	6f16      	ldr	r6, [r2, #112]	@ 0x70
100025a2:	f7ff ffe3 	bl	1000256c <divmod_s32s32_unsafe>
100025a6:	6614      	str	r4, [r2, #96]	@ 0x60
100025a8:	6655      	str	r5, [r2, #100]	@ 0x64
100025aa:	6757      	str	r7, [r2, #116]	@ 0x74
100025ac:	6716      	str	r6, [r2, #112]	@ 0x70
100025ae:	bdf0      	pop	{r4, r5, r6, r7, pc}
100025b0:	d0000000 	.word	0xd0000000

100025b4 <__wrap___aeabi_uidiv>:
100025b4:	4a11      	ldr	r2, [pc, #68]	@ (100025fc <divmod_u32u32_savestate+0x18>)
100025b6:	6f93      	ldr	r3, [r2, #120]	@ 0x78
100025b8:	089b      	lsrs	r3, r3, #2
100025ba:	d213      	bcs.n	100025e4 <divmod_u32u32_savestate>

100025bc <divmod_u32u32_unsafe>:
100025bc:	6610      	str	r0, [r2, #96]	@ 0x60
100025be:	6651      	str	r1, [r2, #100]	@ 0x64
100025c0:	2900      	cmp	r1, #0
100025c2:	d005      	beq.n	100025d0 <divmod_u32u32_unsafe+0x14>
100025c4:	e7ff      	b.n	100025c6 <divmod_u32u32_unsafe+0xa>
100025c6:	e7ff      	b.n	100025c8 <divmod_u32u32_unsafe+0xc>
100025c8:	e7ff      	b.n	100025ca <divmod_u32u32_unsafe+0xe>
100025ca:	6f51      	ldr	r1, [r2, #116]	@ 0x74
100025cc:	6f10      	ldr	r0, [r2, #112]	@ 0x70
100025ce:	4770      	bx	lr
100025d0:	b504      	push	{r2, lr}
100025d2:	2800      	cmp	r0, #0
100025d4:	d001      	beq.n	100025da <divmod_u32u32_unsafe+0x1e>
100025d6:	2000      	movs	r0, #0
100025d8:	43c0      	mvns	r0, r0
100025da:	f005 fcf9 	bl	10007fd0 <____aeabi_idiv0_veneer>
100025de:	2100      	movs	r1, #0
100025e0:	bd04      	pop	{r2, pc}
100025e2:	46c0      	nop			@ (mov r8, r8)

100025e4 <divmod_u32u32_savestate>:
100025e4:	b5f0      	push	{r4, r5, r6, r7, lr}
100025e6:	6e14      	ldr	r4, [r2, #96]	@ 0x60
100025e8:	6e55      	ldr	r5, [r2, #100]	@ 0x64
100025ea:	6f57      	ldr	r7, [r2, #116]	@ 0x74
100025ec:	6f16      	ldr	r6, [r2, #112]	@ 0x70
100025ee:	f7ff ffe5 	bl	100025bc <divmod_u32u32_unsafe>
100025f2:	6614      	str	r4, [r2, #96]	@ 0x60
100025f4:	6655      	str	r5, [r2, #100]	@ 0x64
100025f6:	6757      	str	r7, [r2, #116]	@ 0x74
100025f8:	6716      	str	r6, [r2, #112]	@ 0x70
100025fa:	bdf0      	pop	{r4, r5, r6, r7, pc}
100025fc:	d0000000 	.word	0xd0000000

10002600 <__wrap___aeabi_ldivmod>:
10002600:	4694      	mov	ip, r2
10002602:	4a4a      	ldr	r2, [pc, #296]	@ (1000272c <udiv0+0x1a>)
10002604:	6f92      	ldr	r2, [r2, #120]	@ 0x78
10002606:	0892      	lsrs	r2, r2, #2
10002608:	4662      	mov	r2, ip
1000260a:	d201      	bcs.n	10002610 <divmod_s64s64_savestate>
1000260c:	e028      	b.n	10002660 <divmod_s64s64_unsafe>
1000260e:	46c0      	nop			@ (mov r8, r8)

10002610 <divmod_s64s64_savestate>:
10002610:	b5f0      	push	{r4, r5, r6, r7, lr}
10002612:	4e46      	ldr	r6, [pc, #280]	@ (1000272c <udiv0+0x1a>)
10002614:	6e34      	ldr	r4, [r6, #96]	@ 0x60
10002616:	6e75      	ldr	r5, [r6, #100]	@ 0x64
10002618:	6f77      	ldr	r7, [r6, #116]	@ 0x74
1000261a:	6f36      	ldr	r6, [r6, #112]	@ 0x70
1000261c:	f000 f820 	bl	10002660 <divmod_s64s64_unsafe>
10002620:	4694      	mov	ip, r2
10002622:	4a42      	ldr	r2, [pc, #264]	@ (1000272c <udiv0+0x1a>)
10002624:	6614      	str	r4, [r2, #96]	@ 0x60
10002626:	6655      	str	r5, [r2, #100]	@ 0x64
10002628:	6757      	str	r7, [r2, #116]	@ 0x74
1000262a:	6716      	str	r6, [r2, #112]	@ 0x70
1000262c:	4662      	mov	r2, ip
1000262e:	bdf0      	pop	{r4, r5, r6, r7, pc}

10002630 <__wrap___aeabi_uldivmod>:
10002630:	4694      	mov	ip, r2
10002632:	4a3e      	ldr	r2, [pc, #248]	@ (1000272c <udiv0+0x1a>)
10002634:	6f92      	ldr	r2, [r2, #120]	@ 0x78
10002636:	0892      	lsrs	r2, r2, #2
10002638:	4662      	mov	r2, ip
1000263a:	d201      	bcs.n	10002640 <divmod_u64u64_savestate>
1000263c:	e054      	b.n	100026e8 <divmod_u64u64_unsafe>
1000263e:	46c0      	nop			@ (mov r8, r8)

10002640 <divmod_u64u64_savestate>:
10002640:	b5f0      	push	{r4, r5, r6, r7, lr}
10002642:	4e3a      	ldr	r6, [pc, #232]	@ (1000272c <udiv0+0x1a>)
10002644:	6e34      	ldr	r4, [r6, #96]	@ 0x60
10002646:	6e75      	ldr	r5, [r6, #100]	@ 0x64
10002648:	6f77      	ldr	r7, [r6, #116]	@ 0x74
1000264a:	6f36      	ldr	r6, [r6, #112]	@ 0x70
1000264c:	f000 f84c 	bl	100026e8 <divmod_u64u64_unsafe>
10002650:	4694      	mov	ip, r2
10002652:	4a36      	ldr	r2, [pc, #216]	@ (1000272c <udiv0+0x1a>)
10002654:	6614      	str	r4, [r2, #96]	@ 0x60
10002656:	6655      	str	r5, [r2, #100]	@ 0x64
10002658:	6757      	str	r7, [r2, #116]	@ 0x74
1000265a:	6716      	str	r6, [r2, #112]	@ 0x70
1000265c:	4662      	mov	r2, ip
1000265e:	bdf0      	pop	{r4, r5, r6, r7, pc}

10002660 <divmod_s64s64_unsafe>:
10002660:	2b00      	cmp	r3, #0
10002662:	db24      	blt.n	100026ae <l42_1+0x26>
10002664:	d011      	beq.n	1000268a <l42_1+0x2>
10002666:	2900      	cmp	r1, #0
10002668:	da3e      	bge.n	100026e8 <divmod_u64u64_unsafe>
1000266a:	b500      	push	{lr}
1000266c:	43c9      	mvns	r1, r1
1000266e:	4240      	negs	r0, r0
10002670:	d100      	bne.n	10002674 <l40_1>
10002672:	3101      	adds	r1, #1

10002674 <l40_1>:
10002674:	f000 f838 	bl	100026e8 <divmod_u64u64_unsafe>
10002678:	43c9      	mvns	r1, r1
1000267a:	4240      	negs	r0, r0
1000267c:	d100      	bne.n	10002680 <l41_1>
1000267e:	3101      	adds	r1, #1

10002680 <l41_1>:
10002680:	43db      	mvns	r3, r3
10002682:	4252      	negs	r2, r2
10002684:	d100      	bne.n	10002688 <l42_1>
10002686:	3301      	adds	r3, #1

10002688 <l42_1>:
10002688:	bd00      	pop	{pc}
1000268a:	2a00      	cmp	r2, #0
1000268c:	d1eb      	bne.n	10002666 <divmod_s64s64_unsafe+0x6>
1000268e:	2800      	cmp	r0, #0
10002690:	d101      	bne.n	10002696 <l42_1+0xe>
10002692:	2900      	cmp	r1, #0
10002694:	d005      	beq.n	100026a2 <l42_1+0x1a>
10002696:	2000      	movs	r0, #0
10002698:	0fc9      	lsrs	r1, r1, #31
1000269a:	07c9      	lsls	r1, r1, #31
1000269c:	d101      	bne.n	100026a2 <l42_1+0x1a>
1000269e:	43c0      	mvns	r0, r0
100026a0:	0841      	lsrs	r1, r0, #1
100026a2:	b500      	push	{lr}
100026a4:	f005 fc84 	bl	10007fb0 <____aeabi_ldiv0_veneer>
100026a8:	2200      	movs	r2, #0
100026aa:	2300      	movs	r3, #0
100026ac:	bd00      	pop	{pc}
100026ae:	b500      	push	{lr}
100026b0:	2900      	cmp	r1, #0
100026b2:	db0a      	blt.n	100026ca <l44_1+0x2>
100026b4:	43db      	mvns	r3, r3
100026b6:	4252      	negs	r2, r2
100026b8:	d100      	bne.n	100026bc <l43_1>
100026ba:	3301      	adds	r3, #1

100026bc <l43_1>:
100026bc:	f000 f814 	bl	100026e8 <divmod_u64u64_unsafe>
100026c0:	43c9      	mvns	r1, r1
100026c2:	4240      	negs	r0, r0
100026c4:	d100      	bne.n	100026c8 <l44_1>
100026c6:	3101      	adds	r1, #1

100026c8 <l44_1>:
100026c8:	bd00      	pop	{pc}
100026ca:	43c9      	mvns	r1, r1
100026cc:	4240      	negs	r0, r0
100026ce:	d100      	bne.n	100026d2 <l45_1>
100026d0:	3101      	adds	r1, #1

100026d2 <l45_1>:
100026d2:	43db      	mvns	r3, r3
100026d4:	4252      	negs	r2, r2
100026d6:	d100      	bne.n	100026da <l46_1>
100026d8:	3301      	adds	r3, #1

100026da <l46_1>:
100026da:	f000 f805 	bl	100026e8 <divmod_u64u64_unsafe>
100026de:	43db      	mvns	r3, r3
100026e0:	4252      	negs	r2, r2
100026e2:	d100      	bne.n	100026e6 <l47_1>
100026e4:	3301      	adds	r3, #1

100026e6 <l47_1>:
100026e6:	bd00      	pop	{pc}

100026e8 <divmod_u64u64_unsafe>:
100026e8:	2900      	cmp	r1, #0
100026ea:	d123      	bne.n	10002734 <y64>
100026ec:	2b00      	cmp	r3, #0
100026ee:	d118      	bne.n	10002722 <udiv0+0x10>
100026f0:	2a00      	cmp	r2, #0
100026f2:	d00c      	beq.n	1000270e <divmod_u64u64_unsafe+0x26>
100026f4:	46bc      	mov	ip, r7
100026f6:	4f0d      	ldr	r7, [pc, #52]	@ (1000272c <udiv0+0x1a>)
100026f8:	6638      	str	r0, [r7, #96]	@ 0x60
100026fa:	667a      	str	r2, [r7, #100]	@ 0x64
100026fc:	2100      	movs	r1, #0
100026fe:	2300      	movs	r3, #0
10002700:	e7ff      	b.n	10002702 <divmod_u64u64_unsafe+0x1a>
10002702:	e7ff      	b.n	10002704 <divmod_u64u64_unsafe+0x1c>
10002704:	e7ff      	b.n	10002706 <divmod_u64u64_unsafe+0x1e>
10002706:	6f7a      	ldr	r2, [r7, #116]	@ 0x74
10002708:	6f38      	ldr	r0, [r7, #112]	@ 0x70
1000270a:	4667      	mov	r7, ip
1000270c:	4770      	bx	lr
1000270e:	2800      	cmp	r0, #0
10002710:	d001      	beq.n	10002716 <udiv0+0x4>

10002712 <udiv0>:
10002712:	4807      	ldr	r0, [pc, #28]	@ (10002730 <udiv0+0x1e>)
10002714:	0001      	movs	r1, r0
10002716:	b500      	push	{lr}
10002718:	f005 fc4a 	bl	10007fb0 <____aeabi_ldiv0_veneer>
1000271c:	2200      	movs	r2, #0
1000271e:	2300      	movs	r3, #0
10002720:	bd00      	pop	{pc}
10002722:	0002      	movs	r2, r0
10002724:	000b      	movs	r3, r1
10002726:	2000      	movs	r0, #0
10002728:	2100      	movs	r1, #0
1000272a:	4770      	bx	lr
1000272c:	d0000000 	.word	0xd0000000
10002730:	ffffffff 	.word	0xffffffff

10002734 <y64>:
10002734:	2b00      	cmp	r3, #0
10002736:	d000      	beq.n	1000273a <y64+0x6>
10002738:	e0bf      	b.n	100028ba <y64_x48>
1000273a:	0c13      	lsrs	r3, r2, #16
1000273c:	d128      	bne.n	10002790 <y64_x32>
1000273e:	2a00      	cmp	r2, #0
10002740:	d0e7      	beq.n	10002712 <udiv0>
10002742:	b480      	push	{r7}
10002744:	4f11      	ldr	r7, [pc, #68]	@ (1000278c <y64+0x58>)
10002746:	6639      	str	r1, [r7, #96]	@ 0x60
10002748:	667a      	str	r2, [r7, #100]	@ 0x64
1000274a:	e7ff      	b.n	1000274c <y64+0x18>
1000274c:	e7ff      	b.n	1000274e <y64+0x1a>
1000274e:	b430      	push	{r4, r5}
10002750:	0c04      	lsrs	r4, r0, #16
10002752:	6f7b      	ldr	r3, [r7, #116]	@ 0x74
10002754:	6f39      	ldr	r1, [r7, #112]	@ 0x70
10002756:	041b      	lsls	r3, r3, #16
10002758:	4323      	orrs	r3, r4
1000275a:	663b      	str	r3, [r7, #96]	@ 0x60
1000275c:	667a      	str	r2, [r7, #100]	@ 0x64
1000275e:	e7ff      	b.n	10002760 <y64+0x2c>
10002760:	e7ff      	b.n	10002762 <y64+0x2e>
10002762:	e7ff      	b.n	10002764 <y64+0x30>
10002764:	46c0      	nop			@ (mov r8, r8)
10002766:	b284      	uxth	r4, r0
10002768:	6f7b      	ldr	r3, [r7, #116]	@ 0x74
1000276a:	6f3d      	ldr	r5, [r7, #112]	@ 0x70
1000276c:	041b      	lsls	r3, r3, #16
1000276e:	4323      	orrs	r3, r4
10002770:	663b      	str	r3, [r7, #96]	@ 0x60
10002772:	667a      	str	r2, [r7, #100]	@ 0x64
10002774:	e7ff      	b.n	10002776 <y64+0x42>
10002776:	e7ff      	b.n	10002778 <y64+0x44>
10002778:	46c0      	nop			@ (mov r8, r8)
1000277a:	2300      	movs	r3, #0
1000277c:	042c      	lsls	r4, r5, #16
1000277e:	0c2d      	lsrs	r5, r5, #16
10002780:	6f7a      	ldr	r2, [r7, #116]	@ 0x74
10002782:	6f38      	ldr	r0, [r7, #112]	@ 0x70
10002784:	1900      	adds	r0, r0, r4
10002786:	4169      	adcs	r1, r5
10002788:	bcb0      	pop	{r4, r5, r7}
1000278a:	4770      	bx	lr
1000278c:	d0000000 	.word	0xd0000000

10002790 <y64_x32>:
10002790:	b5f0      	push	{r4, r5, r6, r7, lr}
10002792:	4694      	mov	ip, r2
10002794:	2500      	movs	r5, #0
10002796:	0e14      	lsrs	r4, r2, #24
10002798:	d101      	bne.n	1000279e <y64_x32+0xe>
1000279a:	0212      	lsls	r2, r2, #8
1000279c:	3508      	adds	r5, #8
1000279e:	0f14      	lsrs	r4, r2, #28
100027a0:	d101      	bne.n	100027a6 <y64_x32+0x16>
100027a2:	0112      	lsls	r2, r2, #4
100027a4:	3504      	adds	r5, #4
100027a6:	0f94      	lsrs	r4, r2, #30
100027a8:	d101      	bne.n	100027ae <y64_x32+0x1e>
100027aa:	0092      	lsls	r2, r2, #2
100027ac:	3502      	adds	r5, #2
100027ae:	0fd4      	lsrs	r4, r2, #31
100027b0:	d101      	bne.n	100027b6 <y64_x32+0x26>
100027b2:	0052      	lsls	r2, r2, #1
100027b4:	3501      	adds	r5, #1
100027b6:	0bd4      	lsrs	r4, r2, #15
100027b8:	3401      	adds	r4, #1
100027ba:	4f25      	ldr	r7, [pc, #148]	@ (10002850 <y64_x32+0xc0>)
100027bc:	667c      	str	r4, [r7, #100]	@ 0x64
100027be:	4c25      	ldr	r4, [pc, #148]	@ (10002854 <y64_x32+0xc4>)
100027c0:	663c      	str	r4, [r7, #96]	@ 0x60
100027c2:	0c0e      	lsrs	r6, r1, #16
100027c4:	b293      	uxth	r3, r2
100027c6:	e7ff      	b.n	100027c8 <y64_x32+0x38>
100027c8:	e7ff      	b.n	100027ca <y64_x32+0x3a>
100027ca:	e7ff      	b.n	100027cc <y64_x32+0x3c>
100027cc:	6f3c      	ldr	r4, [r7, #112]	@ 0x70
100027ce:	4366      	muls	r6, r4
100027d0:	0c36      	lsrs	r6, r6, #16
100027d2:	0377      	lsls	r7, r6, #13
100027d4:	46be      	mov	lr, r7
100027d6:	4373      	muls	r3, r6
100027d8:	0bdf      	lsrs	r7, r3, #15
100027da:	045b      	lsls	r3, r3, #17
100027dc:	1ac0      	subs	r0, r0, r3
100027de:	41b9      	sbcs	r1, r7
100027e0:	0c13      	lsrs	r3, r2, #16
100027e2:	4373      	muls	r3, r6
100027e4:	18db      	adds	r3, r3, r3
100027e6:	1ac9      	subs	r1, r1, r3
100027e8:	08ce      	lsrs	r6, r1, #3
100027ea:	4366      	muls	r6, r4
100027ec:	0c36      	lsrs	r6, r6, #16
100027ee:	44b6      	add	lr, r6
100027f0:	b293      	uxth	r3, r2
100027f2:	4373      	muls	r3, r6
100027f4:	0f1f      	lsrs	r7, r3, #28
100027f6:	011b      	lsls	r3, r3, #4
100027f8:	1ac0      	subs	r0, r0, r3
100027fa:	41b9      	sbcs	r1, r7
100027fc:	0c13      	lsrs	r3, r2, #16
100027fe:	4373      	muls	r3, r6
10002800:	0b1f      	lsrs	r7, r3, #12
10002802:	051b      	lsls	r3, r3, #20
10002804:	1ac0      	subs	r0, r0, r3
10002806:	41b9      	sbcs	r1, r7
10002808:	0d86      	lsrs	r6, r0, #22
1000280a:	028f      	lsls	r7, r1, #10
1000280c:	433e      	orrs	r6, r7
1000280e:	4366      	muls	r6, r4
10002810:	0c36      	lsrs	r6, r6, #16
10002812:	2d09      	cmp	r5, #9
10002814:	db24      	blt.n	10002860 <last0>
10002816:	0a52      	lsrs	r2, r2, #9
10002818:	4372      	muls	r2, r6
1000281a:	1a80      	subs	r0, r0, r2
1000281c:	0377      	lsls	r7, r6, #13
1000281e:	0a46      	lsrs	r6, r0, #9
10002820:	4366      	muls	r6, r4
10002822:	0c36      	lsrs	r6, r6, #16
10002824:	2316      	movs	r3, #22
10002826:	1b5b      	subs	r3, r3, r5
10002828:	40de      	lsrs	r6, r3
1000282a:	40df      	lsrs	r7, r3
1000282c:	19bf      	adds	r7, r7, r6
1000282e:	4664      	mov	r4, ip
10002830:	4366      	muls	r6, r4
10002832:	1b82      	subs	r2, r0, r6
10002834:	4670      	mov	r0, lr
10002836:	3504      	adds	r5, #4
10002838:	3306      	adds	r3, #6
1000283a:	0001      	movs	r1, r0
1000283c:	40d9      	lsrs	r1, r3
1000283e:	40a8      	lsls	r0, r5
10002840:	19c0      	adds	r0, r0, r7
10002842:	d300      	bcc.n	10002846 <y64_x32+0xb6>
10002844:	3101      	adds	r1, #1
10002846:	42a2      	cmp	r2, r4
10002848:	d206      	bcs.n	10002858 <y64_x32+0xc8>
1000284a:	2300      	movs	r3, #0
1000284c:	bdf0      	pop	{r4, r5, r6, r7, pc}
1000284e:	0000      	.short	0x0000
10002850:	d0000000 	.word	0xd0000000
10002854:	ffffffff 	.word	0xffffffff
10002858:	1b12      	subs	r2, r2, r4
1000285a:	3001      	adds	r0, #1
1000285c:	d3f3      	bcc.n	10002846 <y64_x32+0xb6>
1000285e:	e7f1      	b.n	10002844 <y64_x32+0xb4>

10002860 <last0>:
10002860:	2709      	movs	r7, #9
10002862:	1b7f      	subs	r7, r7, r5
10002864:	40fe      	lsrs	r6, r7
10002866:	4664      	mov	r4, ip
10002868:	b2a2      	uxth	r2, r4
1000286a:	4372      	muls	r2, r6
1000286c:	1a80      	subs	r0, r0, r2
1000286e:	d200      	bcs.n	10002872 <last0+0x12>
10002870:	3901      	subs	r1, #1
10002872:	0c22      	lsrs	r2, r4, #16
10002874:	4372      	muls	r2, r6
10002876:	0c13      	lsrs	r3, r2, #16
10002878:	0412      	lsls	r2, r2, #16
1000287a:	1a82      	subs	r2, r0, r2
1000287c:	4199      	sbcs	r1, r3
1000287e:	000b      	movs	r3, r1
10002880:	4670      	mov	r0, lr
10002882:	3504      	adds	r5, #4
10002884:	3713      	adds	r7, #19
10002886:	0001      	movs	r1, r0
10002888:	40f9      	lsrs	r1, r7
1000288a:	40a8      	lsls	r0, r5
1000288c:	1980      	adds	r0, r0, r6
1000288e:	d300      	bcc.n	10002892 <last0+0x32>
10002890:	3101      	adds	r1, #1
10002892:	2b00      	cmp	r3, #0
10002894:	d102      	bne.n	1000289c <last0+0x3c>
10002896:	42a2      	cmp	r2, r4
10002898:	d20a      	bcs.n	100028b0 <last0+0x50>
1000289a:	bdf0      	pop	{r4, r5, r6, r7, pc}
1000289c:	3001      	adds	r0, #1
1000289e:	d300      	bcc.n	100028a2 <last0+0x42>
100028a0:	3101      	adds	r1, #1
100028a2:	1b12      	subs	r2, r2, r4
100028a4:	d2fa      	bcs.n	1000289c <last0+0x3c>
100028a6:	3b01      	subs	r3, #1
100028a8:	d1f8      	bne.n	1000289c <last0+0x3c>
100028aa:	42a2      	cmp	r2, r4
100028ac:	d200      	bcs.n	100028b0 <last0+0x50>
100028ae:	bdf0      	pop	{r4, r5, r6, r7, pc}
100028b0:	3001      	adds	r0, #1
100028b2:	d300      	bcc.n	100028b6 <last0+0x56>
100028b4:	3101      	adds	r1, #1
100028b6:	1b12      	subs	r2, r2, r4
100028b8:	e7f7      	b.n	100028aa <last0+0x4a>

100028ba <y64_x48>:
100028ba:	b5f0      	push	{r4, r5, r6, r7, lr}
100028bc:	0c1c      	lsrs	r4, r3, #16
100028be:	d000      	beq.n	100028c2 <y64_x48+0x8>
100028c0:	e080      	b.n	100029c4 <y64_x64>
100028c2:	b40c      	push	{r2, r3}
100028c4:	2500      	movs	r5, #0
100028c6:	0a1c      	lsrs	r4, r3, #8
100028c8:	d104      	bne.n	100028d4 <y64_x48+0x1a>
100028ca:	021b      	lsls	r3, r3, #8
100028cc:	0e16      	lsrs	r6, r2, #24
100028ce:	4333      	orrs	r3, r6
100028d0:	0212      	lsls	r2, r2, #8
100028d2:	3508      	adds	r5, #8
100028d4:	0b1c      	lsrs	r4, r3, #12
100028d6:	d104      	bne.n	100028e2 <y64_x48+0x28>
100028d8:	011b      	lsls	r3, r3, #4
100028da:	0f16      	lsrs	r6, r2, #28
100028dc:	4333      	orrs	r3, r6
100028de:	0112      	lsls	r2, r2, #4
100028e0:	3504      	adds	r5, #4
100028e2:	0b9c      	lsrs	r4, r3, #14
100028e4:	d104      	bne.n	100028f0 <y64_x48+0x36>
100028e6:	009b      	lsls	r3, r3, #2
100028e8:	0f96      	lsrs	r6, r2, #30
100028ea:	4333      	orrs	r3, r6
100028ec:	0092      	lsls	r2, r2, #2
100028ee:	3502      	adds	r5, #2
100028f0:	0bdc      	lsrs	r4, r3, #15
100028f2:	d102      	bne.n	100028fa <y64_x48+0x40>
100028f4:	1892      	adds	r2, r2, r2
100028f6:	415b      	adcs	r3, r3
100028f8:	3501      	adds	r5, #1
100028fa:	001c      	movs	r4, r3
100028fc:	1897      	adds	r7, r2, r2
100028fe:	4164      	adcs	r4, r4
10002900:	3401      	adds	r4, #1
10002902:	4f46      	ldr	r7, [pc, #280]	@ (10002a1c <y64_x64+0x58>)
10002904:	667c      	str	r4, [r7, #100]	@ 0x64
10002906:	4c46      	ldr	r4, [pc, #280]	@ (10002a20 <y64_x64+0x5c>)
10002908:	663c      	str	r4, [r7, #96]	@ 0x60
1000290a:	0c0e      	lsrs	r6, r1, #16
1000290c:	e7ff      	b.n	1000290e <y64_x48+0x54>
1000290e:	e7ff      	b.n	10002910 <y64_x48+0x56>
10002910:	e7ff      	b.n	10002912 <y64_x48+0x58>
10002912:	46c0      	nop			@ (mov r8, r8)
10002914:	6f3c      	ldr	r4, [r7, #112]	@ 0x70
10002916:	4366      	muls	r6, r4
10002918:	0c36      	lsrs	r6, r6, #16
1000291a:	0377      	lsls	r7, r6, #13
1000291c:	46be      	mov	lr, r7
1000291e:	b297      	uxth	r7, r2
10002920:	4377      	muls	r7, r6
10002922:	1bc0      	subs	r0, r0, r7
10002924:	d200      	bcs.n	10002928 <y64_x48+0x6e>
10002926:	3901      	subs	r1, #1
10002928:	1bc0      	subs	r0, r0, r7
1000292a:	d200      	bcs.n	1000292e <y64_x48+0x74>
1000292c:	3901      	subs	r1, #1
1000292e:	b29f      	uxth	r7, r3
10002930:	4377      	muls	r7, r6
10002932:	1bc9      	subs	r1, r1, r7
10002934:	1bc9      	subs	r1, r1, r7
10002936:	0c17      	lsrs	r7, r2, #16
10002938:	4377      	muls	r7, r6
1000293a:	047e      	lsls	r6, r7, #17
1000293c:	0bff      	lsrs	r7, r7, #15
1000293e:	1b80      	subs	r0, r0, r6
10002940:	41b9      	sbcs	r1, r7
10002942:	08ce      	lsrs	r6, r1, #3
10002944:	4366      	muls	r6, r4
10002946:	0c36      	lsrs	r6, r6, #16
10002948:	2d0c      	cmp	r5, #12
1000294a:	db33      	blt.n	100029b4 <last1>
1000294c:	44b6      	add	lr, r6
1000294e:	0b12      	lsrs	r2, r2, #12
10002950:	051f      	lsls	r7, r3, #20
10002952:	433a      	orrs	r2, r7
10002954:	0b1b      	lsrs	r3, r3, #12
10002956:	b297      	uxth	r7, r2
10002958:	4377      	muls	r7, r6
1000295a:	1bc0      	subs	r0, r0, r7
1000295c:	d200      	bcs.n	10002960 <y64_x48+0xa6>
1000295e:	3901      	subs	r1, #1
10002960:	b29f      	uxth	r7, r3
10002962:	4377      	muls	r7, r6
10002964:	1bc9      	subs	r1, r1, r7
10002966:	0c17      	lsrs	r7, r2, #16
10002968:	4377      	muls	r7, r6
1000296a:	043e      	lsls	r6, r7, #16
1000296c:	0c3f      	lsrs	r7, r7, #16
1000296e:	1b80      	subs	r0, r0, r6
10002970:	41b9      	sbcs	r1, r7
10002972:	0d86      	lsrs	r6, r0, #22
10002974:	028f      	lsls	r7, r1, #10
10002976:	433e      	orrs	r6, r7
10002978:	4366      	muls	r6, r4
1000297a:	2729      	movs	r7, #41	@ 0x29
1000297c:	1b7f      	subs	r7, r7, r5
1000297e:	40fe      	lsrs	r6, r7
10002980:	3d0c      	subs	r5, #12
10002982:	4677      	mov	r7, lr
10002984:	40af      	lsls	r7, r5
10002986:	19bf      	adds	r7, r7, r6
10002988:	bc30      	pop	{r4, r5}
1000298a:	b2a2      	uxth	r2, r4
1000298c:	b2ab      	uxth	r3, r5
1000298e:	4372      	muls	r2, r6
10002990:	4373      	muls	r3, r6
10002992:	1a80      	subs	r0, r0, r2
10002994:	4199      	sbcs	r1, r3
10002996:	0c22      	lsrs	r2, r4, #16
10002998:	4372      	muls	r2, r6
1000299a:	0c13      	lsrs	r3, r2, #16
1000299c:	0412      	lsls	r2, r2, #16
1000299e:	1a80      	subs	r0, r0, r2
100029a0:	4199      	sbcs	r1, r3
100029a2:	0002      	movs	r2, r0
100029a4:	000b      	movs	r3, r1
100029a6:	3701      	adds	r7, #1
100029a8:	1b00      	subs	r0, r0, r4
100029aa:	41a9      	sbcs	r1, r5
100029ac:	d2f9      	bcs.n	100029a2 <y64_x48+0xe8>
100029ae:	1e78      	subs	r0, r7, #1
100029b0:	2100      	movs	r1, #0
100029b2:	bdf0      	pop	{r4, r5, r6, r7, pc}

100029b4 <last1>:
100029b4:	270c      	movs	r7, #12
100029b6:	1b7f      	subs	r7, r7, r5
100029b8:	40fe      	lsrs	r6, r7
100029ba:	4677      	mov	r7, lr
100029bc:	0b7f      	lsrs	r7, r7, #13
100029be:	40af      	lsls	r7, r5
100029c0:	19ff      	adds	r7, r7, r7
100029c2:	e7e0      	b.n	10002986 <y64_x48+0xcc>

100029c4 <y64_x64>:
100029c4:	2400      	movs	r4, #0
100029c6:	1c5d      	adds	r5, r3, #1
100029c8:	d007      	beq.n	100029da <y64_x64+0x16>
100029ca:	4f14      	ldr	r7, [pc, #80]	@ (10002a1c <y64_x64+0x58>)
100029cc:	667d      	str	r5, [r7, #100]	@ 0x64
100029ce:	6639      	str	r1, [r7, #96]	@ 0x60
100029d0:	e7ff      	b.n	100029d2 <y64_x64+0xe>
100029d2:	e7ff      	b.n	100029d4 <y64_x64+0x10>
100029d4:	e7ff      	b.n	100029d6 <y64_x64+0x12>
100029d6:	e7ff      	b.n	100029d8 <y64_x64+0x14>
100029d8:	6f3c      	ldr	r4, [r7, #112]	@ 0x70
100029da:	b295      	uxth	r5, r2
100029dc:	b29e      	uxth	r6, r3
100029de:	4365      	muls	r5, r4
100029e0:	4366      	muls	r6, r4
100029e2:	1b40      	subs	r0, r0, r5
100029e4:	41b1      	sbcs	r1, r6
100029e6:	0c15      	lsrs	r5, r2, #16
100029e8:	0c1e      	lsrs	r6, r3, #16
100029ea:	4365      	muls	r5, r4
100029ec:	4366      	muls	r6, r4
100029ee:	0436      	lsls	r6, r6, #16
100029f0:	0c2f      	lsrs	r7, r5, #16
100029f2:	433e      	orrs	r6, r7
100029f4:	042d      	lsls	r5, r5, #16
100029f6:	1b40      	subs	r0, r0, r5
100029f8:	41b1      	sbcs	r1, r6
100029fa:	4299      	cmp	r1, r3
100029fc:	d204      	bcs.n	10002a08 <y64_x64+0x44>
100029fe:	0002      	movs	r2, r0
10002a00:	000b      	movs	r3, r1
10002a02:	0020      	movs	r0, r4
10002a04:	2100      	movs	r1, #0
10002a06:	bdf0      	pop	{r4, r5, r6, r7, pc}
10002a08:	d101      	bne.n	10002a0e <y64_x64+0x4a>
10002a0a:	4290      	cmp	r0, r2
10002a0c:	d3f7      	bcc.n	100029fe <y64_x64+0x3a>
10002a0e:	1a80      	subs	r0, r0, r2
10002a10:	4199      	sbcs	r1, r3
10002a12:	3401      	adds	r4, #1
10002a14:	4299      	cmp	r1, r3
10002a16:	d3f2      	bcc.n	100029fe <y64_x64+0x3a>
10002a18:	e7f6      	b.n	10002a08 <y64_x64+0x44>
10002a1a:	0000      	.short	0x0000
10002a1c:	d0000000 	.word	0xd0000000
10002a20:	ffffffff 	.word	0xffffffff

10002a24 <__wrap___aeabi_drsub>:
10002a24:	4048      	eors	r0, r1
10002a26:	4041      	eors	r1, r0
10002a28:	4048      	eors	r0, r1

10002a2a <__wrap___aeabi_dsub>:
10002a2a:	b418      	push	{r3, r4}
10002a2c:	4b13      	ldr	r3, [pc, #76]	@ (10002a7c <__wrap___aeabi_dmul+0xa>)
10002a2e:	685b      	ldr	r3, [r3, #4]
10002a30:	9301      	str	r3, [sp, #4]
10002a32:	bd08      	pop	{r3, pc}

10002a34 <__wrap___aeabi_dadd>:
10002a34:	b418      	push	{r3, r4}
10002a36:	4b11      	ldr	r3, [pc, #68]	@ (10002a7c <__wrap___aeabi_dmul+0xa>)
10002a38:	681b      	ldr	r3, [r3, #0]
10002a3a:	9301      	str	r3, [sp, #4]
10002a3c:	bd08      	pop	{r3, pc}

10002a3e <__wrap___aeabi_ddiv>:
10002a3e:	4694      	mov	ip, r2
10002a40:	4a0f      	ldr	r2, [pc, #60]	@ (10002a80 <__wrap___aeabi_dmul+0xe>)
10002a42:	6f92      	ldr	r2, [r2, #120]	@ 0x78
10002a44:	0892      	lsrs	r2, r2, #2
10002a46:	d205      	bcs.n	10002a54 <ddiv_save_state>
10002a48:	4662      	mov	r2, ip

10002a4a <ddiv_shim_call>:
10002a4a:	b418      	push	{r3, r4}
10002a4c:	4b0b      	ldr	r3, [pc, #44]	@ (10002a7c <__wrap___aeabi_dmul+0xa>)
10002a4e:	68db      	ldr	r3, [r3, #12]
10002a50:	9301      	str	r3, [sp, #4]
10002a52:	bd08      	pop	{r3, pc}

10002a54 <ddiv_save_state>:
10002a54:	4a0a      	ldr	r2, [pc, #40]	@ (10002a80 <__wrap___aeabi_dmul+0xe>)
10002a56:	b5f0      	push	{r4, r5, r6, r7, lr}
10002a58:	6e14      	ldr	r4, [r2, #96]	@ 0x60
10002a5a:	6e55      	ldr	r5, [r2, #100]	@ 0x64
10002a5c:	6f57      	ldr	r7, [r2, #116]	@ 0x74
10002a5e:	6f16      	ldr	r6, [r2, #112]	@ 0x70
10002a60:	4662      	mov	r2, ip
10002a62:	f7ff fff2 	bl	10002a4a <ddiv_shim_call>
10002a66:	4a06      	ldr	r2, [pc, #24]	@ (10002a80 <__wrap___aeabi_dmul+0xe>)
10002a68:	6614      	str	r4, [r2, #96]	@ 0x60
10002a6a:	6655      	str	r5, [r2, #100]	@ 0x64
10002a6c:	6757      	str	r7, [r2, #116]	@ 0x74
10002a6e:	6716      	str	r6, [r2, #112]	@ 0x70
10002a70:	bdf0      	pop	{r4, r5, r6, r7, pc}

10002a72 <__wrap___aeabi_dmul>:
10002a72:	b418      	push	{r3, r4}
10002a74:	4b01      	ldr	r3, [pc, #4]	@ (10002a7c <__wrap___aeabi_dmul+0xa>)
10002a76:	689b      	ldr	r3, [r3, #8]
10002a78:	9301      	str	r3, [sp, #4]
10002a7a:	bd08      	pop	{r3, pc}
10002a7c:	20002368 	.word	0x20002368
10002a80:	d0000000 	.word	0xd0000000

10002a84 <__wrap___aeabi_cdrcmple>:
10002a84:	b5ff      	push	{r0, r1, r2, r3, r4, r5, r6, r7, lr}
10002a86:	4050      	eors	r0, r2
10002a88:	4042      	eors	r2, r0
10002a8a:	4050      	eors	r0, r2
10002a8c:	4059      	eors	r1, r3
10002a8e:	404b      	eors	r3, r1
10002a90:	4059      	eors	r1, r3
10002a92:	e000      	b.n	10002a96 <__aeabi_dfcmple_guts>

10002a94 <__wrap___aeabi_cdcmpeq>:
10002a94:	b5ff      	push	{r0, r1, r2, r3, r4, r5, r6, r7, lr}

10002a96 <__aeabi_dfcmple_guts>:
10002a96:	4f15      	ldr	r7, [pc, #84]	@ (10002aec <__aeabi_dfcmple_guts+0x56>)
10002a98:	004c      	lsls	r4, r1, #1
10002a9a:	0d64      	lsrs	r4, r4, #21
10002a9c:	d003      	beq.n	10002aa6 <__aeabi_dfcmple_guts+0x10>
10002a9e:	42bc      	cmp	r4, r7
10002aa0:	d104      	bne.n	10002aac <__aeabi_dfcmple_guts+0x16>
10002aa2:	030c      	lsls	r4, r1, #12
10002aa4:	d814      	bhi.n	10002ad0 <__aeabi_dfcmple_guts+0x3a>
10002aa6:	2000      	movs	r0, #0
10002aa8:	0d09      	lsrs	r1, r1, #20
10002aaa:	0509      	lsls	r1, r1, #20
10002aac:	005c      	lsls	r4, r3, #1
10002aae:	0d64      	lsrs	r4, r4, #21
10002ab0:	d003      	beq.n	10002aba <__aeabi_dfcmple_guts+0x24>
10002ab2:	42bc      	cmp	r4, r7
10002ab4:	d104      	bne.n	10002ac0 <__aeabi_dfcmple_guts+0x2a>
10002ab6:	031c      	lsls	r4, r3, #12
10002ab8:	d80a      	bhi.n	10002ad0 <__aeabi_dfcmple_guts+0x3a>
10002aba:	2200      	movs	r2, #0
10002abc:	0d1b      	lsrs	r3, r3, #20
10002abe:	051b      	lsls	r3, r3, #20
10002ac0:	2601      	movs	r6, #1
10002ac2:	404b      	eors	r3, r1
10002ac4:	d409      	bmi.n	10002ada <__aeabi_dfcmple_guts+0x44>
10002ac6:	404b      	eors	r3, r1
10002ac8:	d503      	bpl.n	10002ad2 <__aeabi_dfcmple_guts+0x3c>
10002aca:	428b      	cmp	r3, r1
10002acc:	d100      	bne.n	10002ad0 <__aeabi_dfcmple_guts+0x3a>
10002ace:	4282      	cmp	r2, r0
10002ad0:	bdff      	pop	{r0, r1, r2, r3, r4, r5, r6, r7, pc}
10002ad2:	4299      	cmp	r1, r3
10002ad4:	d1fc      	bne.n	10002ad0 <__aeabi_dfcmple_guts+0x3a>
10002ad6:	4290      	cmp	r0, r2
10002ad8:	bdff      	pop	{r0, r1, r2, r3, r4, r5, r6, r7, pc}
10002ada:	430b      	orrs	r3, r1
10002adc:	18db      	adds	r3, r3, r3
10002ade:	4303      	orrs	r3, r0
10002ae0:	4313      	orrs	r3, r2
10002ae2:	d0f5      	beq.n	10002ad0 <__aeabi_dfcmple_guts+0x3a>
10002ae4:	43c9      	mvns	r1, r1
10002ae6:	1849      	adds	r1, r1, r1
10002ae8:	bdff      	pop	{r0, r1, r2, r3, r4, r5, r6, r7, pc}
10002aea:	0000      	.short	0x0000
10002aec:	000007ff 	.word	0x000007ff

10002af0 <__wrap___aeabi_dcmplt>:
10002af0:	b500      	push	{lr}
10002af2:	f7ff ffcf 	bl	10002a94 <__wrap___aeabi_cdcmpeq>
10002af6:	4180      	sbcs	r0, r0
10002af8:	bd00      	pop	{pc}
10002afa:	46c0      	nop			@ (mov r8, r8)

10002afc <__wrap___aeabi_dcmple>:
10002afc:	b500      	push	{lr}
10002afe:	f7ff ffc9 	bl	10002a94 <__wrap___aeabi_cdcmpeq>
10002b02:	d901      	bls.n	10002b08 <__wrap___aeabi_dcmple+0xc>
10002b04:	2000      	movs	r0, #0
10002b06:	bd00      	pop	{pc}
10002b08:	2001      	movs	r0, #1
10002b0a:	bd00      	pop	{pc}

10002b0c <__wrap___aeabi_dcmpge>:
10002b0c:	b500      	push	{lr}
10002b0e:	f7ff ffb9 	bl	10002a84 <__wrap___aeabi_cdrcmple>
10002b12:	d901      	bls.n	10002b18 <__wrap___aeabi_dcmpge+0xc>
10002b14:	2000      	movs	r0, #0
10002b16:	bd00      	pop	{pc}
10002b18:	2001      	movs	r0, #1
10002b1a:	bd00      	pop	{pc}

10002b1c <__wrap___aeabi_dcmpgt>:
10002b1c:	b500      	push	{lr}
10002b1e:	f7ff ffb1 	bl	10002a84 <__wrap___aeabi_cdrcmple>
10002b22:	4180      	sbcs	r0, r0
10002b24:	bd00      	pop	{pc}

10002b26 <__wrap___aeabi_dcmpun>:
10002b26:	2001      	movs	r0, #1
10002b28:	0540      	lsls	r0, r0, #21
10002b2a:	004a      	lsls	r2, r1, #1
10002b2c:	1812      	adds	r2, r2, r0
10002b2e:	d804      	bhi.n	10002b3a <__wrap___aeabi_dcmpun+0x14>
10002b30:	005a      	lsls	r2, r3, #1
10002b32:	1812      	adds	r2, r2, r0
10002b34:	d801      	bhi.n	10002b3a <__wrap___aeabi_dcmpun+0x14>
10002b36:	2000      	movs	r0, #0
10002b38:	4770      	bx	lr
10002b3a:	2001      	movs	r0, #1
10002b3c:	4770      	bx	lr
	...

10002b40 <__wrap___aeabi_ui2d>:
10002b40:	2100      	movs	r1, #0
10002b42:	2800      	cmp	r0, #0
10002b44:	d105      	bne.n	10002b52 <__wrap___aeabi_i2d+0xa>
10002b46:	4770      	bx	lr

10002b48 <__wrap___aeabi_i2d>:
10002b48:	17c1      	asrs	r1, r0, #31
10002b4a:	4048      	eors	r0, r1
10002b4c:	1a40      	subs	r0, r0, r1
10002b4e:	d0fa      	beq.n	10002b46 <__wrap___aeabi_ui2d+0x6>
10002b50:	07c9      	lsls	r1, r1, #31
10002b52:	b513      	push	{r0, r1, r4, lr}
10002b54:	4b06      	ldr	r3, [pc, #24]	@ (10002b70 <__wrap___aeabi_i2d+0x28>)
10002b56:	681b      	ldr	r3, [r3, #0]
10002b58:	4798      	blx	r3
10002b5a:	bc0c      	pop	{r2, r3}
10002b5c:	1c44      	adds	r4, r0, #1
10002b5e:	40a2      	lsls	r2, r4
10002b60:	0510      	lsls	r0, r2, #20
10002b62:	0b12      	lsrs	r2, r2, #12
10002b64:	4903      	ldr	r1, [pc, #12]	@ (10002b74 <__wrap___aeabi_i2d+0x2c>)
10002b66:	1b09      	subs	r1, r1, r4
10002b68:	0509      	lsls	r1, r1, #20
10002b6a:	4319      	orrs	r1, r3
10002b6c:	4311      	orrs	r1, r2
10002b6e:	bd10      	pop	{r4, pc}
10002b70:	20002468 	.word	0x20002468
10002b74:	0000041f 	.word	0x0000041f

10002b78 <__wrap___aeabi_d2iz>:
10002b78:	b510      	push	{r4, lr}
10002b7a:	004c      	lsls	r4, r1, #1
10002b7c:	0d62      	lsrs	r2, r4, #21
10002b7e:	2380      	movs	r3, #128	@ 0x80
10002b80:	18d2      	adds	r2, r2, r3
10002b82:	00db      	lsls	r3, r3, #3
10002b84:	1ad2      	subs	r2, r2, r3
10002b86:	055b      	lsls	r3, r3, #21
10002b88:	2a7e      	cmp	r2, #126	@ 0x7e
10002b8a:	dd10      	ble.n	10002bae <__wrap___aeabi_d2iz+0x36>
10002b8c:	3a9e      	subs	r2, #158	@ 0x9e
10002b8e:	da13      	bge.n	10002bb8 <__wrap___aeabi_d2iz+0x40>
10002b90:	17cc      	asrs	r4, r1, #31
10002b92:	0309      	lsls	r1, r1, #12
10002b94:	0849      	lsrs	r1, r1, #1
10002b96:	4319      	orrs	r1, r3
10002b98:	4252      	negs	r2, r2
10002b9a:	40d1      	lsrs	r1, r2
10002b9c:	0064      	lsls	r4, r4, #1
10002b9e:	3401      	adds	r4, #1
10002ba0:	3215      	adds	r2, #21
10002ba2:	2a20      	cmp	r2, #32
10002ba4:	da05      	bge.n	10002bb2 <__wrap___aeabi_d2iz+0x3a>
10002ba6:	40d0      	lsrs	r0, r2
10002ba8:	4308      	orrs	r0, r1
10002baa:	4360      	muls	r0, r4
10002bac:	bd10      	pop	{r4, pc}
10002bae:	2000      	movs	r0, #0
10002bb0:	bd10      	pop	{r4, pc}
10002bb2:	4608      	mov	r0, r1
10002bb4:	4360      	muls	r0, r4
10002bb6:	bd10      	pop	{r4, pc}
10002bb8:	0fc8      	lsrs	r0, r1, #31
10002bba:	18c0      	adds	r0, r0, r3
10002bbc:	3801      	subs	r0, #1
10002bbe:	bd10      	pop	{r4, pc}

10002bc0 <__wrap___aeabi_d2uiz>:
10002bc0:	b418      	push	{r3, r4}
10002bc2:	4b02      	ldr	r3, [pc, #8]	@ (10002bcc <__wrap___aeabi_d2uiz+0xc>)
10002bc4:	6a5b      	ldr	r3, [r3, #36]	@ 0x24
10002bc6:	9301      	str	r3, [sp, #4]
10002bc8:	bd08      	pop	{r3, pc}
10002bca:	0000      	.short	0x0000
10002bcc:	20002368 	.word	0x20002368

10002bd0 <missing_double_func_shim>:
10002bd0:	b510      	push	{r4, lr}
10002bd2:	4801      	ldr	r0, [pc, #4]	@ (10002bd8 <missing_double_func_shim+0x8>)
10002bd4:	f7fe f8ac 	bl	10000d30 <panic>
10002bd8:	10008790 	.word	0x10008790

10002bdc <__aeabi_double_init>:
10002bdc:	b570      	push	{r4, r5, r6, lr}
10002bde:	2313      	movs	r3, #19
10002be0:	781c      	ldrb	r4, [r3, #0]
10002be2:	2c01      	cmp	r4, #1
10002be4:	d012      	beq.n	10002c0c <__aeabi_double_init+0x30>
10002be6:	2c01      	cmp	r4, #1
10002be8:	dc12      	bgt.n	10002c10 <__aeabi_double_init+0x34>
10002bea:	4b21      	ldr	r3, [pc, #132]	@ (10002c70 <__aeabi_double_init+0x94>)
10002bec:	4a21      	ldr	r2, [pc, #132]	@ (10002c74 <__aeabi_double_init+0x98>)
10002bee:	6493      	str	r3, [r2, #72]	@ 0x48
10002bf0:	4821      	ldr	r0, [pc, #132]	@ (10002c78 <__aeabi_double_init+0x9c>)
10002bf2:	f7ff fb7d 	bl	100022f0 <rom_func_lookup>
10002bf6:	4b21      	ldr	r3, [pc, #132]	@ (10002c7c <__aeabi_double_init+0xa0>)
10002bf8:	6018      	str	r0, [r3, #0]
10002bfa:	bd70      	pop	{r4, r5, r6, pc}
10002bfc:	4920      	ldr	r1, [pc, #128]	@ (10002c80 <__aeabi_double_init+0xa4>)
10002bfe:	4a1d      	ldr	r2, [pc, #116]	@ (10002c74 <__aeabi_double_init+0x98>)
10002c00:	0098      	lsls	r0, r3, #2
10002c02:	5081      	str	r1, [r0, r2]
10002c04:	3301      	adds	r3, #1
10002c06:	2b1f      	cmp	r3, #31
10002c08:	d9f8      	bls.n	10002bfc <__aeabi_double_init+0x20>
10002c0a:	e7ec      	b.n	10002be6 <__aeabi_double_init+0xa>
10002c0c:	2300      	movs	r3, #0
10002c0e:	e7fa      	b.n	10002c06 <__aeabi_double_init+0x2a>
10002c10:	481c      	ldr	r0, [pc, #112]	@ (10002c84 <__aeabi_double_init+0xa8>)
10002c12:	f7ff fb75 	bl	10002300 <rom_data_lookup>
10002c16:	0005      	movs	r5, r0
10002c18:	481b      	ldr	r0, [pc, #108]	@ (10002c88 <__aeabi_double_init+0xac>)
10002c1a:	f7ff fb71 	bl	10002300 <rom_data_lookup>
10002c1e:	3802      	subs	r0, #2
10002c20:	7803      	ldrb	r3, [r0, #0]
10002c22:	009b      	lsls	r3, r3, #2
10002c24:	2b7f      	cmp	r3, #127	@ 0x7f
10002c26:	dd09      	ble.n	10002c3c <__aeabi_double_init+0x60>
10002c28:	4812      	ldr	r0, [pc, #72]	@ (10002c74 <__aeabi_double_init+0x98>)
10002c2a:	2280      	movs	r2, #128	@ 0x80
10002c2c:	0029      	movs	r1, r5
10002c2e:	f000 f8e5 	bl	10002dfc <__wrap___aeabi_memcpy>
10002c32:	2c02      	cmp	r4, #2
10002c34:	d008      	beq.n	10002c48 <__aeabi_double_init+0x6c>
10002c36:	2c02      	cmp	r4, #2
10002c38:	dcda      	bgt.n	10002bf0 <__aeabi_double_init+0x14>
10002c3a:	e7d6      	b.n	10002bea <__aeabi_double_init+0xe>
10002c3c:	4b13      	ldr	r3, [pc, #76]	@ (10002c8c <__aeabi_double_init+0xb0>)
10002c3e:	4a14      	ldr	r2, [pc, #80]	@ (10002c90 <__aeabi_double_init+0xb4>)
10002c40:	4814      	ldr	r0, [pc, #80]	@ (10002c94 <__aeabi_double_init+0xb8>)
10002c42:	2133      	movs	r1, #51	@ 0x33
10002c44:	f001 f9de 	bl	10004004 <__assert_func>
10002c48:	4b13      	ldr	r3, [pc, #76]	@ (10002c98 <__aeabi_double_init+0xbc>)
10002c4a:	881a      	ldrh	r2, [r3, #0]
10002c4c:	23b5      	movs	r3, #181	@ 0xb5
10002c4e:	021b      	lsls	r3, r3, #8
10002c50:	429a      	cmp	r2, r3
10002c52:	d109      	bne.n	10002c68 <__aeabi_double_init+0x8c>
10002c54:	4b11      	ldr	r3, [pc, #68]	@ (10002c9c <__aeabi_double_init+0xc0>)
10002c56:	881a      	ldrh	r2, [r3, #0]
10002c58:	4b11      	ldr	r3, [pc, #68]	@ (10002ca0 <__aeabi_double_init+0xc4>)
10002c5a:	429a      	cmp	r2, r3
10002c5c:	d104      	bne.n	10002c68 <__aeabi_double_init+0x8c>
10002c5e:	4b11      	ldr	r3, [pc, #68]	@ (10002ca4 <__aeabi_double_init+0xc8>)
10002c60:	881a      	ldrh	r2, [r3, #0]
10002c62:	4b11      	ldr	r3, [pc, #68]	@ (10002ca8 <__aeabi_double_init+0xcc>)
10002c64:	429a      	cmp	r2, r3
10002c66:	d0e6      	beq.n	10002c36 <__aeabi_double_init+0x5a>
10002c68:	2000      	movs	r0, #0
10002c6a:	f7fe f861 	bl	10000d30 <panic>
10002c6e:	46c0      	nop			@ (mov r8, r8)
10002c70:	10002cad 	.word	0x10002cad
10002c74:	20002368 	.word	0x20002368
10002c78:	0000334c 	.word	0x0000334c
10002c7c:	20002468 	.word	0x20002468
10002c80:	10002bd1 	.word	0x10002bd1
10002c84:	00004453 	.word	0x00004453
10002c88:	00004653 	.word	0x00004653
10002c8c:	100087a8 	.word	0x100087a8
10002c90:	10008fb4 	.word	0x10008fb4
10002c94:	100087ec 	.word	0x100087ec
10002c98:	00003854 	.word	0x00003854
10002c9c:	000038d8 	.word	0x000038d8
10002ca0:	00004649 	.word	0x00004649
10002ca4:	0000389c 	.word	0x0000389c
10002ca8:	00004659 	.word	0x00004659

10002cac <double_table_shim_on_use_helper>:
10002cac:	b507      	push	{r0, r1, r2, lr}
10002cae:	4660      	mov	r0, ip
10002cb0:	2800      	cmp	r0, #0
10002cb2:	d100      	bne.n	10002cb6 <double_table_shim_on_use_helper+0xa>
10002cb4:	be00      	bkpt	0x0000
10002cb6:	8801      	ldrh	r1, [r0, #0]
10002cb8:	0a0a      	lsrs	r2, r1, #8
10002cba:	3002      	adds	r0, #2
10002cbc:	2adf      	cmp	r2, #223	@ 0xdf
10002cbe:	d1fa      	bne.n	10002cb6 <double_table_shim_on_use_helper+0xa>
10002cc0:	b2c9      	uxtb	r1, r1
10002cc2:	0882      	lsrs	r2, r0, #2
10002cc4:	d304      	bcc.n	10002cd0 <double_table_shim_on_use_helper+0x24>
10002cc6:	8802      	ldrh	r2, [r0, #0]
10002cc8:	8840      	ldrh	r0, [r0, #2]
10002cca:	0400      	lsls	r0, r0, #16
10002ccc:	4310      	orrs	r0, r2
10002cce:	e000      	b.n	10002cd2 <double_table_shim_on_use_helper+0x26>
10002cd0:	6800      	ldr	r0, [r0, #0]
10002cd2:	4a02      	ldr	r2, [pc, #8]	@ (10002cdc <double_table_shim_on_use_helper+0x30>)
10002cd4:	5050      	str	r0, [r2, r1]
10002cd6:	9003      	str	r0, [sp, #12]
10002cd8:	bd07      	pop	{r0, r1, r2, pc}
10002cda:	0000      	.short	0x0000
10002cdc:	20002368 	.word	0x20002368

10002ce0 <__wrap___aeabi_lmul>:
10002ce0:	4351      	muls	r1, r2
10002ce2:	4343      	muls	r3, r0
10002ce4:	18c9      	adds	r1, r1, r3
10002ce6:	468c      	mov	ip, r1
10002ce8:	0c11      	lsrs	r1, r2, #16
10002cea:	b283      	uxth	r3, r0
10002cec:	434b      	muls	r3, r1
10002cee:	b410      	push	{r4}
10002cf0:	0c04      	lsrs	r4, r0, #16
10002cf2:	4361      	muls	r1, r4
10002cf4:	b292      	uxth	r2, r2
10002cf6:	b280      	uxth	r0, r0
10002cf8:	4350      	muls	r0, r2
10002cfa:	4362      	muls	r2, r4
10002cfc:	041c      	lsls	r4, r3, #16
10002cfe:	0c1b      	lsrs	r3, r3, #16
10002d00:	1900      	adds	r0, r0, r4
10002d02:	bc10      	pop	{r4}
10002d04:	4159      	adcs	r1, r3
10002d06:	0413      	lsls	r3, r2, #16
10002d08:	0c12      	lsrs	r2, r2, #16
10002d0a:	18c0      	adds	r0, r0, r3
10002d0c:	4151      	adcs	r1, r2
10002d0e:	4461      	add	r1, ip
10002d10:	4770      	bx	lr
	...

10002d14 <missing_float_func_shim>:
10002d14:	b510      	push	{r4, lr}
10002d16:	4801      	ldr	r0, [pc, #4]	@ (10002d1c <missing_float_func_shim+0x8>)
10002d18:	f7fe f80a 	bl	10000d30 <panic>
10002d1c:	1000893c 	.word	0x1000893c

10002d20 <__aeabi_float_init>:
10002d20:	b570      	push	{r4, r5, r6, lr}
10002d22:	2313      	movs	r3, #19
10002d24:	781e      	ldrb	r6, [r3, #0]
10002d26:	4818      	ldr	r0, [pc, #96]	@ (10002d88 <__aeabi_float_init+0x68>)
10002d28:	f7ff faea 	bl	10002300 <rom_data_lookup>
10002d2c:	0005      	movs	r5, r0
10002d2e:	2e01      	cmp	r6, #1
10002d30:	d011      	beq.n	10002d56 <__aeabi_float_init+0x36>
10002d32:	2e01      	cmp	r6, #1
10002d34:	dd09      	ble.n	10002d4a <__aeabi_float_init+0x2a>
10002d36:	1eab      	subs	r3, r5, #2
10002d38:	781b      	ldrb	r3, [r3, #0]
10002d3a:	009b      	lsls	r3, r3, #2
10002d3c:	2b7f      	cmp	r3, #127	@ 0x7f
10002d3e:	dd1d      	ble.n	10002d7c <__aeabi_float_init+0x5c>
10002d40:	4812      	ldr	r0, [pc, #72]	@ (10002d8c <__aeabi_float_init+0x6c>)
10002d42:	2280      	movs	r2, #128	@ 0x80
10002d44:	0029      	movs	r1, r5
10002d46:	f000 f859 	bl	10002dfc <__wrap___aeabi_memcpy>
10002d4a:	4811      	ldr	r0, [pc, #68]	@ (10002d90 <__aeabi_float_init+0x70>)
10002d4c:	f7ff fad0 	bl	100022f0 <rom_func_lookup>
10002d50:	4b10      	ldr	r3, [pc, #64]	@ (10002d94 <__aeabi_float_init+0x74>)
10002d52:	6018      	str	r0, [r3, #0]
10002d54:	bd70      	pop	{r4, r5, r6, pc}
10002d56:	480d      	ldr	r0, [pc, #52]	@ (10002d8c <__aeabi_float_init+0x6c>)
10002d58:	2254      	movs	r2, #84	@ 0x54
10002d5a:	0029      	movs	r1, r5
10002d5c:	f000 f84e 	bl	10002dfc <__wrap___aeabi_memcpy>
10002d60:	2300      	movs	r3, #0
10002d62:	e000      	b.n	10002d66 <__aeabi_float_init+0x46>
10002d64:	3301      	adds	r3, #1
10002d66:	2b1f      	cmp	r3, #31
10002d68:	d8e3      	bhi.n	10002d32 <__aeabi_float_init+0x12>
10002d6a:	4a08      	ldr	r2, [pc, #32]	@ (10002d8c <__aeabi_float_init+0x6c>)
10002d6c:	009c      	lsls	r4, r3, #2
10002d6e:	58a2      	ldr	r2, [r4, r2]
10002d70:	2a00      	cmp	r2, #0
10002d72:	d1f7      	bne.n	10002d64 <__aeabi_float_init+0x44>
10002d74:	4908      	ldr	r1, [pc, #32]	@ (10002d98 <__aeabi_float_init+0x78>)
10002d76:	4a05      	ldr	r2, [pc, #20]	@ (10002d8c <__aeabi_float_init+0x6c>)
10002d78:	50a1      	str	r1, [r4, r2]
10002d7a:	e7f3      	b.n	10002d64 <__aeabi_float_init+0x44>
10002d7c:	4b07      	ldr	r3, [pc, #28]	@ (10002d9c <__aeabi_float_init+0x7c>)
10002d7e:	4a08      	ldr	r2, [pc, #32]	@ (10002da0 <__aeabi_float_init+0x80>)
10002d80:	4808      	ldr	r0, [pc, #32]	@ (10002da4 <__aeabi_float_init+0x84>)
10002d82:	2142      	movs	r1, #66	@ 0x42
10002d84:	f001 f93e 	bl	10004004 <__assert_func>
10002d88:	00004653 	.word	0x00004653
10002d8c:	2000246c 	.word	0x2000246c
10002d90:	0000334c 	.word	0x0000334c
10002d94:	20002468 	.word	0x20002468
10002d98:	10002d15 	.word	0x10002d15
10002d9c:	10008840 	.word	0x10008840
10002da0:	10008fc8 	.word	0x10008fc8
10002da4:	10008874 	.word	0x10008874

10002da8 <check_alloc>:
10002da8:	b510      	push	{r4, lr}
10002daa:	2800      	cmp	r0, #0
10002dac:	d004      	beq.n	10002db8 <check_alloc+0x10>
10002dae:	1840      	adds	r0, r0, r1
10002db0:	4b03      	ldr	r3, [pc, #12]	@ (10002dc0 <check_alloc+0x18>)
10002db2:	4298      	cmp	r0, r3
10002db4:	d800      	bhi.n	10002db8 <check_alloc+0x10>
10002db6:	bd10      	pop	{r4, pc}
10002db8:	4802      	ldr	r0, [pc, #8]	@ (10002dc4 <check_alloc+0x1c>)
10002dba:	f7fd ffb9 	bl	10000d30 <panic>
10002dbe:	46c0      	nop			@ (mov r8, r8)
10002dc0:	20040000 	.word	0x20040000
10002dc4:	100088c8 	.word	0x100088c8

10002dc8 <__wrap_calloc>:
10002dc8:	b570      	push	{r4, r5, r6, lr}
10002dca:	0006      	movs	r6, r0
10002dcc:	000c      	movs	r4, r1
10002dce:	f004 fba1 	bl	10007514 <calloc>
10002dd2:	0005      	movs	r5, r0
10002dd4:	0021      	movs	r1, r4
10002dd6:	4371      	muls	r1, r6
10002dd8:	f7ff ffe6 	bl	10002da8 <check_alloc>
10002ddc:	0028      	movs	r0, r5
10002dde:	bd70      	pop	{r4, r5, r6, pc}

10002de0 <__aeabi_mem_init>:
10002de0:	4801      	ldr	r0, [pc, #4]	@ (10002de8 <__aeabi_mem_init+0x8>)
10002de2:	2104      	movs	r1, #4
10002de4:	4b01      	ldr	r3, [pc, #4]	@ (10002dec <__aeabi_mem_init+0xc>)
10002de6:	4718      	bx	r3
10002de8:	20000c40 	.word	0x20000c40
10002dec:	10002311 	.word	0x10002311

10002df0 <__wrap_memset>:
10002df0:	4b01      	ldr	r3, [pc, #4]	@ (10002df8 <__wrap_memset+0x8>)
10002df2:	681b      	ldr	r3, [r3, #0]
10002df4:	4718      	bx	r3
10002df6:	0000      	.short	0x0000
10002df8:	20000c40 	.word	0x20000c40

10002dfc <__wrap___aeabi_memcpy>:
10002dfc:	4b01      	ldr	r3, [pc, #4]	@ (10002e04 <__wrap___aeabi_memcpy+0x8>)
10002dfe:	685b      	ldr	r3, [r3, #4]
10002e00:	4718      	bx	r3
10002e02:	0000      	.short	0x0000
10002e04:	20000c40 	.word	0x20000c40

10002e08 <_out_null>:
10002e08:	4770      	bx	lr

10002e0a <_out_fct>:
10002e0a:	b510      	push	{r4, lr}
10002e0c:	2800      	cmp	r0, #0
10002e0e:	d002      	beq.n	10002e16 <_out_fct+0xc>
10002e10:	680b      	ldr	r3, [r1, #0]
10002e12:	6849      	ldr	r1, [r1, #4]
10002e14:	4798      	blx	r3
10002e16:	bd10      	pop	{r4, pc}

10002e18 <_atoi>:
10002e18:	0001      	movs	r1, r0
10002e1a:	2000      	movs	r0, #0
10002e1c:	e007      	b.n	10002e2e <_atoi+0x16>
10002e1e:	0083      	lsls	r3, r0, #2
10002e20:	181b      	adds	r3, r3, r0
10002e22:	005b      	lsls	r3, r3, #1
10002e24:	1c50      	adds	r0, r2, #1
10002e26:	6008      	str	r0, [r1, #0]
10002e28:	7810      	ldrb	r0, [r2, #0]
10002e2a:	18c0      	adds	r0, r0, r3
10002e2c:	3830      	subs	r0, #48	@ 0x30
10002e2e:	680a      	ldr	r2, [r1, #0]
10002e30:	7813      	ldrb	r3, [r2, #0]
10002e32:	3b30      	subs	r3, #48	@ 0x30
10002e34:	b2db      	uxtb	r3, r3
10002e36:	2b09      	cmp	r3, #9
10002e38:	d9f1      	bls.n	10002e1e <_atoi+0x6>
10002e3a:	4770      	bx	lr

10002e3c <_out_rev>:
10002e3c:	b5f0      	push	{r4, r5, r6, r7, lr}
10002e3e:	46de      	mov	lr, fp
10002e40:	4657      	mov	r7, sl
10002e42:	464e      	mov	r6, r9
10002e44:	4645      	mov	r5, r8
10002e46:	b5e0      	push	{r5, r6, r7, lr}
10002e48:	b083      	sub	sp, #12
10002e4a:	4693      	mov	fp, r2
10002e4c:	001f      	movs	r7, r3
10002e4e:	9b0c      	ldr	r3, [sp, #48]	@ 0x30
10002e50:	469a      	mov	sl, r3
10002e52:	9c0d      	ldr	r4, [sp, #52]	@ 0x34
10002e54:	9b0e      	ldr	r3, [sp, #56]	@ 0x38
10002e56:	4699      	mov	r9, r3
10002e58:	9b0f      	ldr	r3, [sp, #60]	@ 0x3c
10002e5a:	079b      	lsls	r3, r3, #30
10002e5c:	d003      	beq.n	10002e66 <_out_rev+0x2a>
10002e5e:	46b8      	mov	r8, r7
10002e60:	000f      	movs	r7, r1
10002e62:	0006      	movs	r6, r0
10002e64:	e022      	b.n	10002eac <_out_rev+0x70>
10002e66:	9201      	str	r2, [sp, #4]
10002e68:	46a3      	mov	fp, r4
10002e6a:	4688      	mov	r8, r1
10002e6c:	464e      	mov	r6, r9
10002e6e:	46b9      	mov	r9, r7
10002e70:	0007      	movs	r7, r0
10002e72:	42b4      	cmp	r4, r6
10002e74:	d207      	bcs.n	10002e86 <_out_rev+0x4a>
10002e76:	1c55      	adds	r5, r2, #1
10002e78:	464b      	mov	r3, r9
10002e7a:	4641      	mov	r1, r8
10002e7c:	2020      	movs	r0, #32
10002e7e:	47b8      	blx	r7
10002e80:	3401      	adds	r4, #1
10002e82:	002a      	movs	r2, r5
10002e84:	e7f5      	b.n	10002e72 <_out_rev+0x36>
10002e86:	003d      	movs	r5, r7
10002e88:	464f      	mov	r7, r9
10002e8a:	465c      	mov	r4, fp
10002e8c:	9b01      	ldr	r3, [sp, #4]
10002e8e:	469b      	mov	fp, r3
10002e90:	46b1      	mov	r9, r6
10002e92:	4646      	mov	r6, r8
10002e94:	46b8      	mov	r8, r7
10002e96:	0037      	movs	r7, r6
10002e98:	002e      	movs	r6, r5
10002e9a:	e007      	b.n	10002eac <_out_rev+0x70>
10002e9c:	3c01      	subs	r4, #1
10002e9e:	1c55      	adds	r5, r2, #1
10002ea0:	4653      	mov	r3, sl
10002ea2:	5d18      	ldrb	r0, [r3, r4]
10002ea4:	4643      	mov	r3, r8
10002ea6:	0039      	movs	r1, r7
10002ea8:	47b0      	blx	r6
10002eaa:	002a      	movs	r2, r5
10002eac:	2c00      	cmp	r4, #0
10002eae:	d1f5      	bne.n	10002e9c <_out_rev+0x60>
10002eb0:	0035      	movs	r5, r6
10002eb2:	003e      	movs	r6, r7
10002eb4:	4647      	mov	r7, r8
10002eb6:	9b0f      	ldr	r3, [sp, #60]	@ 0x3c
10002eb8:	079b      	lsls	r3, r3, #30
10002eba:	d407      	bmi.n	10002ecc <_out_rev+0x90>
10002ebc:	0010      	movs	r0, r2
10002ebe:	b003      	add	sp, #12
10002ec0:	bcf0      	pop	{r4, r5, r6, r7}
10002ec2:	46bb      	mov	fp, r7
10002ec4:	46b2      	mov	sl, r6
10002ec6:	46a9      	mov	r9, r5
10002ec8:	46a0      	mov	r8, r4
10002eca:	bdf0      	pop	{r4, r5, r6, r7, pc}
10002ecc:	46b0      	mov	r8, r6
10002ece:	464e      	mov	r6, r9
10002ed0:	46b9      	mov	r9, r7
10002ed2:	002f      	movs	r7, r5
10002ed4:	465d      	mov	r5, fp
10002ed6:	1b53      	subs	r3, r2, r5
10002ed8:	42b3      	cmp	r3, r6
10002eda:	d2ef      	bcs.n	10002ebc <_out_rev+0x80>
10002edc:	1c54      	adds	r4, r2, #1
10002ede:	464b      	mov	r3, r9
10002ee0:	4641      	mov	r1, r8
10002ee2:	2020      	movs	r0, #32
10002ee4:	47b8      	blx	r7
10002ee6:	0022      	movs	r2, r4
10002ee8:	e7f5      	b.n	10002ed6 <_out_rev+0x9a>

10002eea <_ntoa_format>:
10002eea:	b5f0      	push	{r4, r5, r6, r7, lr}
10002eec:	46ce      	mov	lr, r9
10002eee:	4647      	mov	r7, r8
10002ef0:	b580      	push	{r7, lr}
10002ef2:	b085      	sub	sp, #20
10002ef4:	4694      	mov	ip, r2
10002ef6:	4698      	mov	r8, r3
10002ef8:	9d0c      	ldr	r5, [sp, #48]	@ 0x30
10002efa:	9c0d      	ldr	r4, [sp, #52]	@ 0x34
10002efc:	ab0e      	add	r3, sp, #56	@ 0x38
10002efe:	781b      	ldrb	r3, [r3, #0]
10002f00:	4699      	mov	r9, r3
10002f02:	9a10      	ldr	r2, [sp, #64]	@ 0x40
10002f04:	9b11      	ldr	r3, [sp, #68]	@ 0x44
10002f06:	9e12      	ldr	r6, [sp, #72]	@ 0x48
10002f08:	07b7      	lsls	r7, r6, #30
10002f0a:	d41c      	bmi.n	10002f46 <_ntoa_format+0x5c>
10002f0c:	2b00      	cmp	r3, #0
10002f0e:	d00c      	beq.n	10002f2a <_ntoa_format+0x40>
10002f10:	07f7      	lsls	r7, r6, #31
10002f12:	d50a      	bpl.n	10002f2a <_ntoa_format+0x40>
10002f14:	464f      	mov	r7, r9
10002f16:	2f00      	cmp	r7, #0
10002f18:	d102      	bne.n	10002f20 <_ntoa_format+0x36>
10002f1a:	370c      	adds	r7, #12
10002f1c:	4237      	tst	r7, r6
10002f1e:	d004      	beq.n	10002f2a <_ntoa_format+0x40>
10002f20:	3b01      	subs	r3, #1
10002f22:	e002      	b.n	10002f2a <_ntoa_format+0x40>
10002f24:	2730      	movs	r7, #48	@ 0x30
10002f26:	552f      	strb	r7, [r5, r4]
10002f28:	3401      	adds	r4, #1
10002f2a:	4294      	cmp	r4, r2
10002f2c:	d201      	bcs.n	10002f32 <_ntoa_format+0x48>
10002f2e:	2c1f      	cmp	r4, #31
10002f30:	d9f8      	bls.n	10002f24 <_ntoa_format+0x3a>
10002f32:	07f7      	lsls	r7, r6, #31
10002f34:	d507      	bpl.n	10002f46 <_ntoa_format+0x5c>
10002f36:	429c      	cmp	r4, r3
10002f38:	d205      	bcs.n	10002f46 <_ntoa_format+0x5c>
10002f3a:	2c1f      	cmp	r4, #31
10002f3c:	d803      	bhi.n	10002f46 <_ntoa_format+0x5c>
10002f3e:	2730      	movs	r7, #48	@ 0x30
10002f40:	552f      	strb	r7, [r5, r4]
10002f42:	3401      	adds	r4, #1
10002f44:	e7f5      	b.n	10002f32 <_ntoa_format+0x48>
10002f46:	06f7      	lsls	r7, r6, #27
10002f48:	d512      	bpl.n	10002f70 <_ntoa_format+0x86>
10002f4a:	0577      	lsls	r7, r6, #21
10002f4c:	d405      	bmi.n	10002f5a <_ntoa_format+0x70>
10002f4e:	2c00      	cmp	r4, #0
10002f50:	d003      	beq.n	10002f5a <_ntoa_format+0x70>
10002f52:	4294      	cmp	r4, r2
10002f54:	d021      	beq.n	10002f9a <_ntoa_format+0xb0>
10002f56:	429c      	cmp	r4, r3
10002f58:	d01f      	beq.n	10002f9a <_ntoa_format+0xb0>
10002f5a:	9a0f      	ldr	r2, [sp, #60]	@ 0x3c
10002f5c:	2a10      	cmp	r2, #16
10002f5e:	d032      	beq.n	10002fc6 <_ntoa_format+0xdc>
10002f60:	9a0f      	ldr	r2, [sp, #60]	@ 0x3c
10002f62:	2a02      	cmp	r2, #2
10002f64:	d037      	beq.n	10002fd6 <_ntoa_format+0xec>
10002f66:	2c1f      	cmp	r4, #31
10002f68:	d80a      	bhi.n	10002f80 <_ntoa_format+0x96>
10002f6a:	2230      	movs	r2, #48	@ 0x30
10002f6c:	552a      	strb	r2, [r5, r4]
10002f6e:	3401      	adds	r4, #1
10002f70:	2c1f      	cmp	r4, #31
10002f72:	d805      	bhi.n	10002f80 <_ntoa_format+0x96>
10002f74:	464a      	mov	r2, r9
10002f76:	2a00      	cmp	r2, #0
10002f78:	d033      	beq.n	10002fe2 <_ntoa_format+0xf8>
10002f7a:	222d      	movs	r2, #45	@ 0x2d
10002f7c:	552a      	strb	r2, [r5, r4]
10002f7e:	3401      	adds	r4, #1
10002f80:	9603      	str	r6, [sp, #12]
10002f82:	9302      	str	r3, [sp, #8]
10002f84:	9401      	str	r4, [sp, #4]
10002f86:	9500      	str	r5, [sp, #0]
10002f88:	4643      	mov	r3, r8
10002f8a:	4662      	mov	r2, ip
10002f8c:	f7ff ff56 	bl	10002e3c <_out_rev>
10002f90:	b005      	add	sp, #20
10002f92:	bcc0      	pop	{r6, r7}
10002f94:	46b9      	mov	r9, r7
10002f96:	46b0      	mov	r8, r6
10002f98:	bdf0      	pop	{r4, r5, r6, r7, pc}
10002f9a:	1e62      	subs	r2, r4, #1
10002f9c:	2c01      	cmp	r4, #1
10002f9e:	d010      	beq.n	10002fc2 <_ntoa_format+0xd8>
10002fa0:	9f0f      	ldr	r7, [sp, #60]	@ 0x3c
10002fa2:	2f10      	cmp	r7, #16
10002fa4:	d00b      	beq.n	10002fbe <_ntoa_format+0xd4>
10002fa6:	0014      	movs	r4, r2
10002fa8:	9a0f      	ldr	r2, [sp, #60]	@ 0x3c
10002faa:	2a10      	cmp	r2, #16
10002fac:	d1d8      	bne.n	10002f60 <_ntoa_format+0x76>
10002fae:	06b2      	lsls	r2, r6, #26
10002fb0:	d5d6      	bpl.n	10002f60 <_ntoa_format+0x76>
10002fb2:	2c1f      	cmp	r4, #31
10002fb4:	d8d4      	bhi.n	10002f60 <_ntoa_format+0x76>
10002fb6:	2258      	movs	r2, #88	@ 0x58
10002fb8:	552a      	strb	r2, [r5, r4]
10002fba:	3401      	adds	r4, #1
10002fbc:	e7d3      	b.n	10002f66 <_ntoa_format+0x7c>
10002fbe:	3c02      	subs	r4, #2
10002fc0:	e7cb      	b.n	10002f5a <_ntoa_format+0x70>
10002fc2:	0014      	movs	r4, r2
10002fc4:	e7c9      	b.n	10002f5a <_ntoa_format+0x70>
10002fc6:	06b2      	lsls	r2, r6, #26
10002fc8:	d4ee      	bmi.n	10002fa8 <_ntoa_format+0xbe>
10002fca:	2c1f      	cmp	r4, #31
10002fcc:	d8ec      	bhi.n	10002fa8 <_ntoa_format+0xbe>
10002fce:	2278      	movs	r2, #120	@ 0x78
10002fd0:	552a      	strb	r2, [r5, r4]
10002fd2:	3401      	adds	r4, #1
10002fd4:	e7c7      	b.n	10002f66 <_ntoa_format+0x7c>
10002fd6:	2c1f      	cmp	r4, #31
10002fd8:	d8d2      	bhi.n	10002f80 <_ntoa_format+0x96>
10002fda:	3260      	adds	r2, #96	@ 0x60
10002fdc:	552a      	strb	r2, [r5, r4]
10002fde:	3401      	adds	r4, #1
10002fe0:	e7c1      	b.n	10002f66 <_ntoa_format+0x7c>
10002fe2:	0772      	lsls	r2, r6, #29
10002fe4:	d503      	bpl.n	10002fee <_ntoa_format+0x104>
10002fe6:	222b      	movs	r2, #43	@ 0x2b
10002fe8:	552a      	strb	r2, [r5, r4]
10002fea:	3401      	adds	r4, #1
10002fec:	e7c8      	b.n	10002f80 <_ntoa_format+0x96>
10002fee:	0732      	lsls	r2, r6, #28
10002ff0:	d5c6      	bpl.n	10002f80 <_ntoa_format+0x96>
10002ff2:	2220      	movs	r2, #32
10002ff4:	552a      	strb	r2, [r5, r4]
10002ff6:	3401      	adds	r4, #1
10002ff8:	e7c2      	b.n	10002f80 <_ntoa_format+0x96>

10002ffa <_ntoa_long>:
10002ffa:	b5f0      	push	{r4, r5, r6, r7, lr}
10002ffc:	46de      	mov	lr, fp
10002ffe:	4657      	mov	r7, sl
10003000:	464e      	mov	r6, r9
10003002:	4645      	mov	r5, r8
10003004:	b5e0      	push	{r5, r6, r7, lr}
10003006:	b093      	sub	sp, #76	@ 0x4c
10003008:	4681      	mov	r9, r0
1000300a:	468a      	mov	sl, r1
1000300c:	9208      	str	r2, [sp, #32]
1000300e:	9309      	str	r3, [sp, #36]	@ 0x24
10003010:	ab1c      	add	r3, sp, #112	@ 0x70
10003012:	cb10      	ldmia	r3!, {r4}
10003014:	781b      	ldrb	r3, [r3, #0]
10003016:	469b      	mov	fp, r3
10003018:	9d1e      	ldr	r5, [sp, #120]	@ 0x78
1000301a:	9b21      	ldr	r3, [sp, #132]	@ 0x84
1000301c:	4698      	mov	r8, r3
1000301e:	2c00      	cmp	r4, #0
10003020:	d103      	bne.n	1000302a <_ntoa_long+0x30>
10003022:	2310      	movs	r3, #16
10003024:	4642      	mov	r2, r8
10003026:	439a      	bics	r2, r3
10003028:	4690      	mov	r8, r2
1000302a:	2380      	movs	r3, #128	@ 0x80
1000302c:	00db      	lsls	r3, r3, #3
1000302e:	4646      	mov	r6, r8
10003030:	401e      	ands	r6, r3
10003032:	4642      	mov	r2, r8
10003034:	421a      	tst	r2, r3
10003036:	d012      	beq.n	1000305e <_ntoa_long+0x64>
10003038:	2c00      	cmp	r4, #0
1000303a:	d022      	beq.n	10003082 <_ntoa_long+0x88>
1000303c:	2600      	movs	r6, #0
1000303e:	e00e      	b.n	1000305e <_ntoa_long+0x64>
10003040:	3330      	adds	r3, #48	@ 0x30
10003042:	b2d9      	uxtb	r1, r3
10003044:	1c77      	adds	r7, r6, #1
10003046:	ab0a      	add	r3, sp, #40	@ 0x28
10003048:	5599      	strb	r1, [r3, r6]
1000304a:	0029      	movs	r1, r5
1000304c:	0020      	movs	r0, r4
1000304e:	f7ff fab1 	bl	100025b4 <__wrap___aeabi_uidiv>
10003052:	42ac      	cmp	r4, r5
10003054:	d316      	bcc.n	10003084 <_ntoa_long+0x8a>
10003056:	2f1f      	cmp	r7, #31
10003058:	d814      	bhi.n	10003084 <_ntoa_long+0x8a>
1000305a:	003e      	movs	r6, r7
1000305c:	0004      	movs	r4, r0
1000305e:	0029      	movs	r1, r5
10003060:	0020      	movs	r0, r4
10003062:	f7ff faa7 	bl	100025b4 <__wrap___aeabi_uidiv>
10003066:	b2cb      	uxtb	r3, r1
10003068:	2b09      	cmp	r3, #9
1000306a:	d9e9      	bls.n	10003040 <_ntoa_long+0x46>
1000306c:	4642      	mov	r2, r8
1000306e:	0692      	lsls	r2, r2, #26
10003070:	d505      	bpl.n	1000307e <_ntoa_long+0x84>
10003072:	2141      	movs	r1, #65	@ 0x41
10003074:	18c9      	adds	r1, r1, r3
10003076:	b2c9      	uxtb	r1, r1
10003078:	390a      	subs	r1, #10
1000307a:	b2c9      	uxtb	r1, r1
1000307c:	e7e2      	b.n	10003044 <_ntoa_long+0x4a>
1000307e:	2161      	movs	r1, #97	@ 0x61
10003080:	e7f8      	b.n	10003074 <_ntoa_long+0x7a>
10003082:	0027      	movs	r7, r4
10003084:	4643      	mov	r3, r8
10003086:	9306      	str	r3, [sp, #24]
10003088:	9b20      	ldr	r3, [sp, #128]	@ 0x80
1000308a:	9305      	str	r3, [sp, #20]
1000308c:	9b1f      	ldr	r3, [sp, #124]	@ 0x7c
1000308e:	9304      	str	r3, [sp, #16]
10003090:	9503      	str	r5, [sp, #12]
10003092:	465b      	mov	r3, fp
10003094:	9302      	str	r3, [sp, #8]
10003096:	9701      	str	r7, [sp, #4]
10003098:	ab0a      	add	r3, sp, #40	@ 0x28
1000309a:	9300      	str	r3, [sp, #0]
1000309c:	9b09      	ldr	r3, [sp, #36]	@ 0x24
1000309e:	9a08      	ldr	r2, [sp, #32]
100030a0:	4651      	mov	r1, sl
100030a2:	4648      	mov	r0, r9
100030a4:	f7ff ff21 	bl	10002eea <_ntoa_format>
100030a8:	b013      	add	sp, #76	@ 0x4c
100030aa:	bcf0      	pop	{r4, r5, r6, r7}
100030ac:	46bb      	mov	fp, r7
100030ae:	46b2      	mov	sl, r6
100030b0:	46a9      	mov	r9, r5
100030b2:	46a0      	mov	r8, r4
100030b4:	bdf0      	pop	{r4, r5, r6, r7, pc}

100030b6 <_ntoa_long_long>:
100030b6:	b5f0      	push	{r4, r5, r6, r7, lr}
100030b8:	46de      	mov	lr, fp
100030ba:	4657      	mov	r7, sl
100030bc:	464e      	mov	r6, r9
100030be:	4645      	mov	r5, r8
100030c0:	b5e0      	push	{r5, r6, r7, lr}
100030c2:	b097      	sub	sp, #92	@ 0x5c
100030c4:	900a      	str	r0, [sp, #40]	@ 0x28
100030c6:	910b      	str	r1, [sp, #44]	@ 0x2c
100030c8:	920c      	str	r2, [sp, #48]	@ 0x30
100030ca:	469a      	mov	sl, r3
100030cc:	9b20      	ldr	r3, [sp, #128]	@ 0x80
100030ce:	4699      	mov	r9, r3
100030d0:	9f21      	ldr	r7, [sp, #132]	@ 0x84
100030d2:	aa22      	add	r2, sp, #136	@ 0x88
100030d4:	7813      	ldrb	r3, [r2, #0]
100030d6:	469b      	mov	fp, r3
100030d8:	9b24      	ldr	r3, [sp, #144]	@ 0x90
100030da:	9309      	str	r3, [sp, #36]	@ 0x24
100030dc:	9c25      	ldr	r4, [sp, #148]	@ 0x94
100030de:	9b28      	ldr	r3, [sp, #160]	@ 0xa0
100030e0:	4698      	mov	r8, r3
100030e2:	464a      	mov	r2, r9
100030e4:	433a      	orrs	r2, r7
100030e6:	d102      	bne.n	100030ee <_ntoa_long_long+0x38>
100030e8:	3210      	adds	r2, #16
100030ea:	4393      	bics	r3, r2
100030ec:	4698      	mov	r8, r3
100030ee:	2280      	movs	r2, #128	@ 0x80
100030f0:	00d2      	lsls	r2, r2, #3
100030f2:	4645      	mov	r5, r8
100030f4:	4015      	ands	r5, r2
100030f6:	4643      	mov	r3, r8
100030f8:	4213      	tst	r3, r2
100030fa:	d00a      	beq.n	10003112 <_ntoa_long_long+0x5c>
100030fc:	464a      	mov	r2, r9
100030fe:	433a      	orrs	r2, r7
10003100:	d041      	beq.n	10003186 <_ntoa_long_long+0xd0>
10003102:	2500      	movs	r5, #0
10003104:	002e      	movs	r6, r5
10003106:	4653      	mov	r3, sl
10003108:	930d      	str	r3, [sp, #52]	@ 0x34
1000310a:	464d      	mov	r5, r9
1000310c:	9b09      	ldr	r3, [sp, #36]	@ 0x24
1000310e:	469a      	mov	sl, r3
10003110:	e01b      	b.n	1000314a <_ntoa_long_long+0x94>
10003112:	002e      	movs	r6, r5
10003114:	4653      	mov	r3, sl
10003116:	930d      	str	r3, [sp, #52]	@ 0x34
10003118:	464d      	mov	r5, r9
1000311a:	9b09      	ldr	r3, [sp, #36]	@ 0x24
1000311c:	469a      	mov	sl, r3
1000311e:	e014      	b.n	1000314a <_ntoa_long_long+0x94>
10003120:	3330      	adds	r3, #48	@ 0x30
10003122:	b2da      	uxtb	r2, r3
10003124:	1c73      	adds	r3, r6, #1
10003126:	4699      	mov	r9, r3
10003128:	ab0e      	add	r3, sp, #56	@ 0x38
1000312a:	559a      	strb	r2, [r3, r6]
1000312c:	4652      	mov	r2, sl
1000312e:	0023      	movs	r3, r4
10003130:	0028      	movs	r0, r5
10003132:	0039      	movs	r1, r7
10003134:	f7ff fa7c 	bl	10002630 <__wrap___aeabi_uldivmod>
10003138:	42bc      	cmp	r4, r7
1000313a:	d826      	bhi.n	1000318a <_ntoa_long_long+0xd4>
1000313c:	d019      	beq.n	10003172 <_ntoa_long_long+0xbc>
1000313e:	464b      	mov	r3, r9
10003140:	2b1f      	cmp	r3, #31
10003142:	d81c      	bhi.n	1000317e <_ntoa_long_long+0xc8>
10003144:	464e      	mov	r6, r9
10003146:	0005      	movs	r5, r0
10003148:	000f      	movs	r7, r1
1000314a:	4652      	mov	r2, sl
1000314c:	0023      	movs	r3, r4
1000314e:	0028      	movs	r0, r5
10003150:	0039      	movs	r1, r7
10003152:	f7ff fa6d 	bl	10002630 <__wrap___aeabi_uldivmod>
10003156:	b2d3      	uxtb	r3, r2
10003158:	2b09      	cmp	r3, #9
1000315a:	d9e1      	bls.n	10003120 <_ntoa_long_long+0x6a>
1000315c:	4642      	mov	r2, r8
1000315e:	0692      	lsls	r2, r2, #26
10003160:	d505      	bpl.n	1000316e <_ntoa_long_long+0xb8>
10003162:	2241      	movs	r2, #65	@ 0x41
10003164:	18d2      	adds	r2, r2, r3
10003166:	b2d2      	uxtb	r2, r2
10003168:	3a0a      	subs	r2, #10
1000316a:	b2d2      	uxtb	r2, r2
1000316c:	e7da      	b.n	10003124 <_ntoa_long_long+0x6e>
1000316e:	2261      	movs	r2, #97	@ 0x61
10003170:	e7f8      	b.n	10003164 <_ntoa_long_long+0xae>
10003172:	45aa      	cmp	sl, r5
10003174:	d9e3      	bls.n	1000313e <_ntoa_long_long+0x88>
10003176:	464e      	mov	r6, r9
10003178:	9b0d      	ldr	r3, [sp, #52]	@ 0x34
1000317a:	469a      	mov	sl, r3
1000317c:	e008      	b.n	10003190 <_ntoa_long_long+0xda>
1000317e:	464e      	mov	r6, r9
10003180:	9b0d      	ldr	r3, [sp, #52]	@ 0x34
10003182:	469a      	mov	sl, r3
10003184:	e004      	b.n	10003190 <_ntoa_long_long+0xda>
10003186:	2600      	movs	r6, #0
10003188:	e002      	b.n	10003190 <_ntoa_long_long+0xda>
1000318a:	464e      	mov	r6, r9
1000318c:	9b0d      	ldr	r3, [sp, #52]	@ 0x34
1000318e:	469a      	mov	sl, r3
10003190:	4643      	mov	r3, r8
10003192:	9306      	str	r3, [sp, #24]
10003194:	9b27      	ldr	r3, [sp, #156]	@ 0x9c
10003196:	9305      	str	r3, [sp, #20]
10003198:	9b26      	ldr	r3, [sp, #152]	@ 0x98
1000319a:	9304      	str	r3, [sp, #16]
1000319c:	9b09      	ldr	r3, [sp, #36]	@ 0x24
1000319e:	9303      	str	r3, [sp, #12]
100031a0:	465b      	mov	r3, fp
100031a2:	9302      	str	r3, [sp, #8]
100031a4:	9601      	str	r6, [sp, #4]
100031a6:	ab0e      	add	r3, sp, #56	@ 0x38
100031a8:	9300      	str	r3, [sp, #0]
100031aa:	4653      	mov	r3, sl
100031ac:	9a0c      	ldr	r2, [sp, #48]	@ 0x30
100031ae:	990b      	ldr	r1, [sp, #44]	@ 0x2c
100031b0:	980a      	ldr	r0, [sp, #40]	@ 0x28
100031b2:	f7ff fe9a 	bl	10002eea <_ntoa_format>
100031b6:	b017      	add	sp, #92	@ 0x5c
100031b8:	bcf0      	pop	{r4, r5, r6, r7}
100031ba:	46bb      	mov	fp, r7
100031bc:	46b2      	mov	sl, r6
100031be:	46a9      	mov	r9, r5
100031c0:	46a0      	mov	r8, r4
100031c2:	bdf0      	pop	{r4, r5, r6, r7, pc}

100031c4 <_etoa>:
100031c4:	b5f0      	push	{r4, r5, r6, r7, lr}
100031c6:	46de      	mov	lr, fp
100031c8:	4657      	mov	r7, sl
100031ca:	464e      	mov	r6, r9
100031cc:	4645      	mov	r5, r8
100031ce:	b5e0      	push	{r5, r6, r7, lr}
100031d0:	b091      	sub	sp, #68	@ 0x44
100031d2:	4680      	mov	r8, r0
100031d4:	4689      	mov	r9, r1
100031d6:	920c      	str	r2, [sp, #48]	@ 0x30
100031d8:	469a      	mov	sl, r3
100031da:	9c1a      	ldr	r4, [sp, #104]	@ 0x68
100031dc:	9d1b      	ldr	r5, [sp, #108]	@ 0x6c
100031de:	0022      	movs	r2, r4
100031e0:	002b      	movs	r3, r5
100031e2:	0020      	movs	r0, r4
100031e4:	0029      	movs	r1, r5
100031e6:	f7ff fc9e 	bl	10002b26 <__wrap___aeabi_dcmpun>
100031ea:	2800      	cmp	r0, #0
100031ec:	d000      	beq.n	100031f0 <_etoa+0x2c>
100031ee:	e0ec      	b.n	100033ca <_etoa+0x206>
100031f0:	2201      	movs	r2, #1
100031f2:	4252      	negs	r2, r2
100031f4:	4bd4      	ldr	r3, [pc, #848]	@ (10003548 <_etoa+0x384>)
100031f6:	0020      	movs	r0, r4
100031f8:	0029      	movs	r1, r5
100031fa:	f7ff fc8f 	bl	10002b1c <__wrap___aeabi_dcmpgt>
100031fe:	2800      	cmp	r0, #0
10003200:	d000      	beq.n	10003204 <_etoa+0x40>
10003202:	e0e2      	b.n	100033ca <_etoa+0x206>
10003204:	2201      	movs	r2, #1
10003206:	4252      	negs	r2, r2
10003208:	4bd0      	ldr	r3, [pc, #832]	@ (1000354c <_etoa+0x388>)
1000320a:	0020      	movs	r0, r4
1000320c:	0029      	movs	r1, r5
1000320e:	f7ff fc6f 	bl	10002af0 <__wrap___aeabi_dcmplt>
10003212:	2800      	cmp	r0, #0
10003214:	d000      	beq.n	10003218 <_etoa+0x54>
10003216:	e0d8      	b.n	100033ca <_etoa+0x206>
10003218:	2200      	movs	r2, #0
1000321a:	2300      	movs	r3, #0
1000321c:	0020      	movs	r0, r4
1000321e:	0029      	movs	r1, r5
10003220:	f7ff fc66 	bl	10002af0 <__wrap___aeabi_dcmplt>
10003224:	2800      	cmp	r0, #0
10003226:	d000      	beq.n	1000322a <_etoa+0x66>
10003228:	e0e4      	b.n	100033f4 <_etoa+0x230>
1000322a:	9406      	str	r4, [sp, #24]
1000322c:	9507      	str	r5, [sp, #28]
1000322e:	2380      	movs	r3, #128	@ 0x80
10003230:	00db      	lsls	r3, r3, #3
10003232:	9a1e      	ldr	r2, [sp, #120]	@ 0x78
10003234:	401a      	ands	r2, r3
10003236:	920d      	str	r2, [sp, #52]	@ 0x34
10003238:	9a1e      	ldr	r2, [sp, #120]	@ 0x78
1000323a:	421a      	tst	r2, r3
1000323c:	d101      	bne.n	10003242 <_etoa+0x7e>
1000323e:	2306      	movs	r3, #6
10003240:	931c      	str	r3, [sp, #112]	@ 0x70
10003242:	9806      	ldr	r0, [sp, #24]
10003244:	9907      	ldr	r1, [sp, #28]
10003246:	0002      	movs	r2, r0
10003248:	000b      	movs	r3, r1
1000324a:	9208      	str	r2, [sp, #32]
1000324c:	9309      	str	r3, [sp, #36]	@ 0x24
1000324e:	0003      	movs	r3, r0
10003250:	000a      	movs	r2, r1
10003252:	4302      	orrs	r2, r0
10003254:	d100      	bne.n	10003258 <_etoa+0x94>
10003256:	e0d9      	b.n	1000340c <_etoa+0x248>
10003258:	0d08      	lsrs	r0, r1, #20
1000325a:	0540      	lsls	r0, r0, #21
1000325c:	0d40      	lsrs	r0, r0, #21
1000325e:	4ebc      	ldr	r6, [pc, #752]	@ (10003550 <_etoa+0x38c>)
10003260:	46b4      	mov	ip, r6
10003262:	4460      	add	r0, ip
10003264:	030a      	lsls	r2, r1, #12
10003266:	0b12      	lsrs	r2, r2, #12
10003268:	001e      	movs	r6, r3
1000326a:	4bba      	ldr	r3, [pc, #744]	@ (10003554 <_etoa+0x390>)
1000326c:	4313      	orrs	r3, r2
1000326e:	001f      	movs	r7, r3
10003270:	f7ff fc6a 	bl	10002b48 <__wrap___aeabi_i2d>
10003274:	4ab8      	ldr	r2, [pc, #736]	@ (10003558 <_etoa+0x394>)
10003276:	4bb9      	ldr	r3, [pc, #740]	@ (1000355c <_etoa+0x398>)
10003278:	f7ff fbfb 	bl	10002a72 <__wrap___aeabi_dmul>
1000327c:	4ab8      	ldr	r2, [pc, #736]	@ (10003560 <_etoa+0x39c>)
1000327e:	4bb9      	ldr	r3, [pc, #740]	@ (10003564 <_etoa+0x3a0>)
10003280:	f7ff fbd8 	bl	10002a34 <__wrap___aeabi_dadd>
10003284:	9008      	str	r0, [sp, #32]
10003286:	9109      	str	r1, [sp, #36]	@ 0x24
10003288:	2200      	movs	r2, #0
1000328a:	4bb7      	ldr	r3, [pc, #732]	@ (10003568 <_etoa+0x3a4>)
1000328c:	0030      	movs	r0, r6
1000328e:	0039      	movs	r1, r7
10003290:	f7ff fbcb 	bl	10002a2a <__wrap___aeabi_dsub>
10003294:	4ab5      	ldr	r2, [pc, #724]	@ (1000356c <_etoa+0x3a8>)
10003296:	4bb6      	ldr	r3, [pc, #728]	@ (10003570 <_etoa+0x3ac>)
10003298:	f7ff fbeb 	bl	10002a72 <__wrap___aeabi_dmul>
1000329c:	0002      	movs	r2, r0
1000329e:	000b      	movs	r3, r1
100032a0:	9808      	ldr	r0, [sp, #32]
100032a2:	9909      	ldr	r1, [sp, #36]	@ 0x24
100032a4:	f7ff fbc6 	bl	10002a34 <__wrap___aeabi_dadd>
100032a8:	f7ff fc66 	bl	10002b78 <__wrap___aeabi_d2iz>
100032ac:	4683      	mov	fp, r0
100032ae:	f7ff fc4b 	bl	10002b48 <__wrap___aeabi_i2d>
100032b2:	0006      	movs	r6, r0
100032b4:	000f      	movs	r7, r1
100032b6:	4aaf      	ldr	r2, [pc, #700]	@ (10003574 <_etoa+0x3b0>)
100032b8:	4baf      	ldr	r3, [pc, #700]	@ (10003578 <_etoa+0x3b4>)
100032ba:	f7ff fbda 	bl	10002a72 <__wrap___aeabi_dmul>
100032be:	2200      	movs	r2, #0
100032c0:	4bae      	ldr	r3, [pc, #696]	@ (1000357c <_etoa+0x3b8>)
100032c2:	f7ff fbb7 	bl	10002a34 <__wrap___aeabi_dadd>
100032c6:	f7ff fc57 	bl	10002b78 <__wrap___aeabi_d2iz>
100032ca:	9008      	str	r0, [sp, #32]
100032cc:	4aac      	ldr	r2, [pc, #688]	@ (10003580 <_etoa+0x3bc>)
100032ce:	4bad      	ldr	r3, [pc, #692]	@ (10003584 <_etoa+0x3c0>)
100032d0:	0030      	movs	r0, r6
100032d2:	0039      	movs	r1, r7
100032d4:	f7ff fbcd 	bl	10002a72 <__wrap___aeabi_dmul>
100032d8:	0006      	movs	r6, r0
100032da:	000f      	movs	r7, r1
100032dc:	9808      	ldr	r0, [sp, #32]
100032de:	f7ff fc33 	bl	10002b48 <__wrap___aeabi_i2d>
100032e2:	4aa9      	ldr	r2, [pc, #676]	@ (10003588 <_etoa+0x3c4>)
100032e4:	4ba9      	ldr	r3, [pc, #676]	@ (1000358c <_etoa+0x3c8>)
100032e6:	f7ff fbc4 	bl	10002a72 <__wrap___aeabi_dmul>
100032ea:	0002      	movs	r2, r0
100032ec:	000b      	movs	r3, r1
100032ee:	0030      	movs	r0, r6
100032f0:	0039      	movs	r1, r7
100032f2:	f7ff fb9a 	bl	10002a2a <__wrap___aeabi_dsub>
100032f6:	0006      	movs	r6, r0
100032f8:	000f      	movs	r7, r1
100032fa:	0002      	movs	r2, r0
100032fc:	000b      	movs	r3, r1
100032fe:	f7ff fbb8 	bl	10002a72 <__wrap___aeabi_dmul>
10003302:	900a      	str	r0, [sp, #40]	@ 0x28
10003304:	910b      	str	r1, [sp, #44]	@ 0x2c
10003306:	9b08      	ldr	r3, [sp, #32]
10003308:	4aa1      	ldr	r2, [pc, #644]	@ (10003590 <_etoa+0x3cc>)
1000330a:	4694      	mov	ip, r2
1000330c:	4463      	add	r3, ip
1000330e:	2100      	movs	r1, #0
10003310:	2200      	movs	r2, #0
10003312:	9108      	str	r1, [sp, #32]
10003314:	9209      	str	r2, [sp, #36]	@ 0x24
10003316:	051b      	lsls	r3, r3, #20
10003318:	9309      	str	r3, [sp, #36]	@ 0x24
1000331a:	2300      	movs	r3, #0
1000331c:	9308      	str	r3, [sp, #32]
1000331e:	0032      	movs	r2, r6
10003320:	003b      	movs	r3, r7
10003322:	0030      	movs	r0, r6
10003324:	0039      	movs	r1, r7
10003326:	f7ff fb85 	bl	10002a34 <__wrap___aeabi_dadd>
1000332a:	900e      	str	r0, [sp, #56]	@ 0x38
1000332c:	910f      	str	r1, [sp, #60]	@ 0x3c
1000332e:	0032      	movs	r2, r6
10003330:	003b      	movs	r3, r7
10003332:	2000      	movs	r0, #0
10003334:	2180      	movs	r1, #128	@ 0x80
10003336:	05c9      	lsls	r1, r1, #23
10003338:	f7ff fb77 	bl	10002a2a <__wrap___aeabi_dsub>
1000333c:	0006      	movs	r6, r0
1000333e:	000f      	movs	r7, r1
10003340:	2200      	movs	r2, #0
10003342:	4b94      	ldr	r3, [pc, #592]	@ (10003594 <_etoa+0x3d0>)
10003344:	980a      	ldr	r0, [sp, #40]	@ 0x28
10003346:	990b      	ldr	r1, [sp, #44]	@ 0x2c
10003348:	f7ff fb79 	bl	10002a3e <__wrap___aeabi_ddiv>
1000334c:	2200      	movs	r2, #0
1000334e:	4b92      	ldr	r3, [pc, #584]	@ (10003598 <_etoa+0x3d4>)
10003350:	f7ff fb70 	bl	10002a34 <__wrap___aeabi_dadd>
10003354:	0002      	movs	r2, r0
10003356:	000b      	movs	r3, r1
10003358:	980a      	ldr	r0, [sp, #40]	@ 0x28
1000335a:	990b      	ldr	r1, [sp, #44]	@ 0x2c
1000335c:	f7ff fb6f 	bl	10002a3e <__wrap___aeabi_ddiv>
10003360:	2200      	movs	r2, #0
10003362:	4b8e      	ldr	r3, [pc, #568]	@ (1000359c <_etoa+0x3d8>)
10003364:	f7ff fb66 	bl	10002a34 <__wrap___aeabi_dadd>
10003368:	0002      	movs	r2, r0
1000336a:	000b      	movs	r3, r1
1000336c:	980a      	ldr	r0, [sp, #40]	@ 0x28
1000336e:	990b      	ldr	r1, [sp, #44]	@ 0x2c
10003370:	f7ff fb65 	bl	10002a3e <__wrap___aeabi_ddiv>
10003374:	0002      	movs	r2, r0
10003376:	000b      	movs	r3, r1
10003378:	0030      	movs	r0, r6
1000337a:	0039      	movs	r1, r7
1000337c:	f7ff fb5a 	bl	10002a34 <__wrap___aeabi_dadd>
10003380:	0002      	movs	r2, r0
10003382:	000b      	movs	r3, r1
10003384:	980e      	ldr	r0, [sp, #56]	@ 0x38
10003386:	990f      	ldr	r1, [sp, #60]	@ 0x3c
10003388:	f7ff fb59 	bl	10002a3e <__wrap___aeabi_ddiv>
1000338c:	2200      	movs	r2, #0
1000338e:	4b71      	ldr	r3, [pc, #452]	@ (10003554 <_etoa+0x390>)
10003390:	f7ff fb50 	bl	10002a34 <__wrap___aeabi_dadd>
10003394:	9a08      	ldr	r2, [sp, #32]
10003396:	9b09      	ldr	r3, [sp, #36]	@ 0x24
10003398:	f7ff fb6b 	bl	10002a72 <__wrap___aeabi_dmul>
1000339c:	0006      	movs	r6, r0
1000339e:	000f      	movs	r7, r1
100033a0:	9608      	str	r6, [sp, #32]
100033a2:	9709      	str	r7, [sp, #36]	@ 0x24
100033a4:	9a06      	ldr	r2, [sp, #24]
100033a6:	9b07      	ldr	r3, [sp, #28]
100033a8:	f7ff fbb8 	bl	10002b1c <__wrap___aeabi_dcmpgt>
100033ac:	2800      	cmp	r0, #0
100033ae:	d02f      	beq.n	10003410 <_etoa+0x24c>
100033b0:	2301      	movs	r3, #1
100033b2:	425b      	negs	r3, r3
100033b4:	469c      	mov	ip, r3
100033b6:	44e3      	add	fp, ip
100033b8:	2200      	movs	r2, #0
100033ba:	4b77      	ldr	r3, [pc, #476]	@ (10003598 <_etoa+0x3d4>)
100033bc:	0030      	movs	r0, r6
100033be:	0039      	movs	r1, r7
100033c0:	f7ff fb3d 	bl	10002a3e <__wrap___aeabi_ddiv>
100033c4:	9008      	str	r0, [sp, #32]
100033c6:	9109      	str	r1, [sp, #36]	@ 0x24
100033c8:	e022      	b.n	10003410 <_etoa+0x24c>
100033ca:	9b1e      	ldr	r3, [sp, #120]	@ 0x78
100033cc:	9304      	str	r3, [sp, #16]
100033ce:	9b1d      	ldr	r3, [sp, #116]	@ 0x74
100033d0:	9303      	str	r3, [sp, #12]
100033d2:	9b1c      	ldr	r3, [sp, #112]	@ 0x70
100033d4:	9302      	str	r3, [sp, #8]
100033d6:	9400      	str	r4, [sp, #0]
100033d8:	9501      	str	r5, [sp, #4]
100033da:	4653      	mov	r3, sl
100033dc:	9a0c      	ldr	r2, [sp, #48]	@ 0x30
100033de:	4649      	mov	r1, r9
100033e0:	4640      	mov	r0, r8
100033e2:	f000 f8ff 	bl	100035e4 <_ftoa>
100033e6:	b011      	add	sp, #68	@ 0x44
100033e8:	bcf0      	pop	{r4, r5, r6, r7}
100033ea:	46bb      	mov	fp, r7
100033ec:	46b2      	mov	sl, r6
100033ee:	46a9      	mov	r9, r5
100033f0:	46a0      	mov	r8, r4
100033f2:	bdf0      	pop	{r4, r5, r6, r7, pc}
100033f4:	2100      	movs	r1, #0
100033f6:	2200      	movs	r2, #0
100033f8:	9106      	str	r1, [sp, #24]
100033fa:	9207      	str	r2, [sp, #28]
100033fc:	9406      	str	r4, [sp, #24]
100033fe:	2380      	movs	r3, #128	@ 0x80
10003400:	061b      	lsls	r3, r3, #24
10003402:	469c      	mov	ip, r3
10003404:	44ac      	add	ip, r5
10003406:	4663      	mov	r3, ip
10003408:	9307      	str	r3, [sp, #28]
1000340a:	e710      	b.n	1000322e <_etoa+0x6a>
1000340c:	2300      	movs	r3, #0
1000340e:	469b      	mov	fp, r3
10003410:	465b      	mov	r3, fp
10003412:	3363      	adds	r3, #99	@ 0x63
10003414:	2bc6      	cmp	r3, #198	@ 0xc6
10003416:	d820      	bhi.n	1000345a <_etoa+0x296>
10003418:	2604      	movs	r6, #4
1000341a:	9b1e      	ldr	r3, [sp, #120]	@ 0x78
1000341c:	051b      	lsls	r3, r3, #20
1000341e:	d528      	bpl.n	10003472 <_etoa+0x2ae>
10003420:	9a08      	ldr	r2, [sp, #32]
10003422:	9b09      	ldr	r3, [sp, #36]	@ 0x24
10003424:	0019      	movs	r1, r3
10003426:	4311      	orrs	r1, r2
10003428:	d00f      	beq.n	1000344a <_etoa+0x286>
1000342a:	4a5d      	ldr	r2, [pc, #372]	@ (100035a0 <_etoa+0x3dc>)
1000342c:	4b5d      	ldr	r3, [pc, #372]	@ (100035a4 <_etoa+0x3e0>)
1000342e:	9806      	ldr	r0, [sp, #24]
10003430:	9907      	ldr	r1, [sp, #28]
10003432:	f7ff fb6b 	bl	10002b0c <__wrap___aeabi_dcmpge>
10003436:	2800      	cmp	r0, #0
10003438:	d07a      	beq.n	10003530 <_etoa+0x36c>
1000343a:	2200      	movs	r2, #0
1000343c:	4b5a      	ldr	r3, [pc, #360]	@ (100035a8 <_etoa+0x3e4>)
1000343e:	9806      	ldr	r0, [sp, #24]
10003440:	9907      	ldr	r1, [sp, #28]
10003442:	f7ff fb55 	bl	10002af0 <__wrap___aeabi_dcmplt>
10003446:	2800      	cmp	r0, #0
10003448:	d072      	beq.n	10003530 <_etoa+0x36c>
1000344a:	9b1c      	ldr	r3, [sp, #112]	@ 0x70
1000344c:	455b      	cmp	r3, fp
1000344e:	dd06      	ble.n	1000345e <_etoa+0x29a>
10003450:	465a      	mov	r2, fp
10003452:	1a9b      	subs	r3, r3, r2
10003454:	3b01      	subs	r3, #1
10003456:	931c      	str	r3, [sp, #112]	@ 0x70
10003458:	e003      	b.n	10003462 <_etoa+0x29e>
1000345a:	2605      	movs	r6, #5
1000345c:	e7dd      	b.n	1000341a <_etoa+0x256>
1000345e:	2300      	movs	r3, #0
10003460:	931c      	str	r3, [sp, #112]	@ 0x70
10003462:	2380      	movs	r3, #128	@ 0x80
10003464:	00db      	lsls	r3, r3, #3
10003466:	9a1e      	ldr	r2, [sp, #120]	@ 0x78
10003468:	431a      	orrs	r2, r3
1000346a:	921e      	str	r2, [sp, #120]	@ 0x78
1000346c:	2600      	movs	r6, #0
1000346e:	2300      	movs	r3, #0
10003470:	469b      	mov	fp, r3
10003472:	9b1d      	ldr	r3, [sp, #116]	@ 0x74
10003474:	429e      	cmp	r6, r3
10003476:	d265      	bcs.n	10003544 <_etoa+0x380>
10003478:	1b9f      	subs	r7, r3, r6
1000347a:	2302      	movs	r3, #2
1000347c:	9a1e      	ldr	r2, [sp, #120]	@ 0x78
1000347e:	401a      	ands	r2, r3
10003480:	920a      	str	r2, [sp, #40]	@ 0x28
10003482:	9a1e      	ldr	r2, [sp, #120]	@ 0x78
10003484:	4213      	tst	r3, r2
10003486:	d002      	beq.n	1000348e <_etoa+0x2ca>
10003488:	2e00      	cmp	r6, #0
1000348a:	d000      	beq.n	1000348e <_etoa+0x2ca>
1000348c:	2700      	movs	r7, #0
1000348e:	465b      	mov	r3, fp
10003490:	2b00      	cmp	r3, #0
10003492:	d007      	beq.n	100034a4 <_etoa+0x2e0>
10003494:	9a08      	ldr	r2, [sp, #32]
10003496:	9b09      	ldr	r3, [sp, #36]	@ 0x24
10003498:	9806      	ldr	r0, [sp, #24]
1000349a:	9907      	ldr	r1, [sp, #28]
1000349c:	f7ff facf 	bl	10002a3e <__wrap___aeabi_ddiv>
100034a0:	9006      	str	r0, [sp, #24]
100034a2:	9107      	str	r1, [sp, #28]
100034a4:	2200      	movs	r2, #0
100034a6:	2300      	movs	r3, #0
100034a8:	0020      	movs	r0, r4
100034aa:	0029      	movs	r1, r5
100034ac:	f7ff fb20 	bl	10002af0 <__wrap___aeabi_dcmplt>
100034b0:	2800      	cmp	r0, #0
100034b2:	d000      	beq.n	100034b6 <_etoa+0x2f2>
100034b4:	e07c      	b.n	100035b0 <_etoa+0x3ec>
100034b6:	4b3d      	ldr	r3, [pc, #244]	@ (100035ac <_etoa+0x3e8>)
100034b8:	9a1e      	ldr	r2, [sp, #120]	@ 0x78
100034ba:	4013      	ands	r3, r2
100034bc:	9304      	str	r3, [sp, #16]
100034be:	9703      	str	r7, [sp, #12]
100034c0:	9b1c      	ldr	r3, [sp, #112]	@ 0x70
100034c2:	9302      	str	r3, [sp, #8]
100034c4:	9b06      	ldr	r3, [sp, #24]
100034c6:	9c07      	ldr	r4, [sp, #28]
100034c8:	9300      	str	r3, [sp, #0]
100034ca:	9401      	str	r4, [sp, #4]
100034cc:	4653      	mov	r3, sl
100034ce:	9a0c      	ldr	r2, [sp, #48]	@ 0x30
100034d0:	4649      	mov	r1, r9
100034d2:	4640      	mov	r0, r8
100034d4:	f000 f886 	bl	100035e4 <_ftoa>
100034d8:	2e00      	cmp	r6, #0
100034da:	d100      	bne.n	100034de <_etoa+0x31a>
100034dc:	e783      	b.n	100033e6 <_etoa+0x222>
100034de:	9b1e      	ldr	r3, [sp, #120]	@ 0x78
100034e0:	069b      	lsls	r3, r3, #26
100034e2:	d571      	bpl.n	100035c8 <_etoa+0x404>
100034e4:	2545      	movs	r5, #69	@ 0x45
100034e6:	1c44      	adds	r4, r0, #1
100034e8:	4653      	mov	r3, sl
100034ea:	0002      	movs	r2, r0
100034ec:	4649      	mov	r1, r9
100034ee:	0028      	movs	r0, r5
100034f0:	47c0      	blx	r8
100034f2:	465a      	mov	r2, fp
100034f4:	17d3      	asrs	r3, r2, #31
100034f6:	18d2      	adds	r2, r2, r3
100034f8:	405a      	eors	r2, r3
100034fa:	2305      	movs	r3, #5
100034fc:	9305      	str	r3, [sp, #20]
100034fe:	3e01      	subs	r6, #1
10003500:	9604      	str	r6, [sp, #16]
10003502:	2300      	movs	r3, #0
10003504:	9303      	str	r3, [sp, #12]
10003506:	330a      	adds	r3, #10
10003508:	9302      	str	r3, [sp, #8]
1000350a:	465b      	mov	r3, fp
1000350c:	0fdb      	lsrs	r3, r3, #31
1000350e:	9301      	str	r3, [sp, #4]
10003510:	9200      	str	r2, [sp, #0]
10003512:	4653      	mov	r3, sl
10003514:	0022      	movs	r2, r4
10003516:	4649      	mov	r1, r9
10003518:	4640      	mov	r0, r8
1000351a:	f7ff fd6e 	bl	10002ffa <_ntoa_long>
1000351e:	9b0a      	ldr	r3, [sp, #40]	@ 0x28
10003520:	2b00      	cmp	r3, #0
10003522:	d100      	bne.n	10003526 <_etoa+0x362>
10003524:	e75f      	b.n	100033e6 <_etoa+0x222>
10003526:	0002      	movs	r2, r0
10003528:	4647      	mov	r7, r8
1000352a:	9e0c      	ldr	r6, [sp, #48]	@ 0x30
1000352c:	9d1d      	ldr	r5, [sp, #116]	@ 0x74
1000352e:	e053      	b.n	100035d8 <_etoa+0x414>
10003530:	9b1c      	ldr	r3, [sp, #112]	@ 0x70
10003532:	2b00      	cmp	r3, #0
10003534:	d09d      	beq.n	10003472 <_etoa+0x2ae>
10003536:	9b0d      	ldr	r3, [sp, #52]	@ 0x34
10003538:	2b00      	cmp	r3, #0
1000353a:	d09a      	beq.n	10003472 <_etoa+0x2ae>
1000353c:	9b1c      	ldr	r3, [sp, #112]	@ 0x70
1000353e:	3b01      	subs	r3, #1
10003540:	931c      	str	r3, [sp, #112]	@ 0x70
10003542:	e796      	b.n	10003472 <_etoa+0x2ae>
10003544:	2700      	movs	r7, #0
10003546:	e798      	b.n	1000347a <_etoa+0x2b6>
10003548:	7fefffff 	.word	0x7fefffff
1000354c:	ffefffff 	.word	0xffefffff
10003550:	fffffc01 	.word	0xfffffc01
10003554:	3ff00000 	.word	0x3ff00000
10003558:	509f79fb 	.word	0x509f79fb
1000355c:	3fd34413 	.word	0x3fd34413
10003560:	8b60c8b3 	.word	0x8b60c8b3
10003564:	3fc68a28 	.word	0x3fc68a28
10003568:	3ff80000 	.word	0x3ff80000
1000356c:	636f4361 	.word	0x636f4361
10003570:	3fd287a7 	.word	0x3fd287a7
10003574:	0979a371 	.word	0x0979a371
10003578:	400a934f 	.word	0x400a934f
1000357c:	3fe00000 	.word	0x3fe00000
10003580:	bbb55516 	.word	0xbbb55516
10003584:	40026bb1 	.word	0x40026bb1
10003588:	fefa39ef 	.word	0xfefa39ef
1000358c:	3fe62e42 	.word	0x3fe62e42
10003590:	000003ff 	.word	0x000003ff
10003594:	402c0000 	.word	0x402c0000
10003598:	40240000 	.word	0x40240000
1000359c:	40180000 	.word	0x40180000
100035a0:	eb1c432d 	.word	0xeb1c432d
100035a4:	3f1a36e2 	.word	0x3f1a36e2
100035a8:	412e8480 	.word	0x412e8480
100035ac:	fffff7ff 	.word	0xfffff7ff
100035b0:	9c06      	ldr	r4, [sp, #24]
100035b2:	9d07      	ldr	r5, [sp, #28]
100035b4:	0022      	movs	r2, r4
100035b6:	0029      	movs	r1, r5
100035b8:	2080      	movs	r0, #128	@ 0x80
100035ba:	0600      	lsls	r0, r0, #24
100035bc:	4684      	mov	ip, r0
100035be:	4461      	add	r1, ip
100035c0:	000b      	movs	r3, r1
100035c2:	9206      	str	r2, [sp, #24]
100035c4:	9307      	str	r3, [sp, #28]
100035c6:	e776      	b.n	100034b6 <_etoa+0x2f2>
100035c8:	2565      	movs	r5, #101	@ 0x65
100035ca:	e78c      	b.n	100034e6 <_etoa+0x322>
100035cc:	1c54      	adds	r4, r2, #1
100035ce:	4653      	mov	r3, sl
100035d0:	4649      	mov	r1, r9
100035d2:	2020      	movs	r0, #32
100035d4:	47b8      	blx	r7
100035d6:	0022      	movs	r2, r4
100035d8:	1b93      	subs	r3, r2, r6
100035da:	42ab      	cmp	r3, r5
100035dc:	d3f6      	bcc.n	100035cc <_etoa+0x408>
100035de:	0010      	movs	r0, r2
100035e0:	e701      	b.n	100033e6 <_etoa+0x222>
100035e2:	46c0      	nop			@ (mov r8, r8)

100035e4 <_ftoa>:
100035e4:	b5f0      	push	{r4, r5, r6, r7, lr}
100035e6:	46de      	mov	lr, fp
100035e8:	4657      	mov	r7, sl
100035ea:	464e      	mov	r6, r9
100035ec:	4645      	mov	r5, r8
100035ee:	b5e0      	push	{r5, r6, r7, lr}
100035f0:	b095      	sub	sp, #84	@ 0x54
100035f2:	9006      	str	r0, [sp, #24]
100035f4:	9107      	str	r1, [sp, #28]
100035f6:	4693      	mov	fp, r2
100035f8:	4699      	mov	r9, r3
100035fa:	9f20      	ldr	r7, [sp, #128]	@ 0x80
100035fc:	9a1e      	ldr	r2, [sp, #120]	@ 0x78
100035fe:	9b1f      	ldr	r3, [sp, #124]	@ 0x7c
10003600:	0010      	movs	r0, r2
10003602:	0019      	movs	r1, r3
10003604:	f7ff fa8f 	bl	10002b26 <__wrap___aeabi_dcmpun>
10003608:	2800      	cmp	r0, #0
1000360a:	d131      	bne.n	10003670 <_ftoa+0x8c>
1000360c:	2201      	movs	r2, #1
1000360e:	4252      	negs	r2, r2
10003610:	4bbf      	ldr	r3, [pc, #764]	@ (10003910 <_ftoa+0x32c>)
10003612:	981e      	ldr	r0, [sp, #120]	@ 0x78
10003614:	991f      	ldr	r1, [sp, #124]	@ 0x7c
10003616:	f7ff fa6b 	bl	10002af0 <__wrap___aeabi_dcmplt>
1000361a:	2800      	cmp	r0, #0
1000361c:	d137      	bne.n	1000368e <_ftoa+0xaa>
1000361e:	2201      	movs	r2, #1
10003620:	4252      	negs	r2, r2
10003622:	4bbc      	ldr	r3, [pc, #752]	@ (10003914 <_ftoa+0x330>)
10003624:	981e      	ldr	r0, [sp, #120]	@ 0x78
10003626:	991f      	ldr	r1, [sp, #124]	@ 0x7c
10003628:	f7ff fa78 	bl	10002b1c <__wrap___aeabi_dcmpgt>
1000362c:	2800      	cmp	r0, #0
1000362e:	d13d      	bne.n	100036ac <_ftoa+0xc8>
10003630:	2200      	movs	r2, #0
10003632:	4bb9      	ldr	r3, [pc, #740]	@ (10003918 <_ftoa+0x334>)
10003634:	981e      	ldr	r0, [sp, #120]	@ 0x78
10003636:	991f      	ldr	r1, [sp, #124]	@ 0x7c
10003638:	f7ff fa70 	bl	10002b1c <__wrap___aeabi_dcmpgt>
1000363c:	2800      	cmp	r0, #0
1000363e:	d150      	bne.n	100036e2 <_ftoa+0xfe>
10003640:	2200      	movs	r2, #0
10003642:	4bb6      	ldr	r3, [pc, #728]	@ (1000391c <_ftoa+0x338>)
10003644:	981e      	ldr	r0, [sp, #120]	@ 0x78
10003646:	991f      	ldr	r1, [sp, #124]	@ 0x7c
10003648:	f7ff fa52 	bl	10002af0 <__wrap___aeabi_dcmplt>
1000364c:	2800      	cmp	r0, #0
1000364e:	d148      	bne.n	100036e2 <_ftoa+0xfe>
10003650:	2200      	movs	r2, #0
10003652:	2300      	movs	r3, #0
10003654:	981e      	ldr	r0, [sp, #120]	@ 0x78
10003656:	991f      	ldr	r1, [sp, #124]	@ 0x7c
10003658:	f7ff fa4a 	bl	10002af0 <__wrap___aeabi_dcmplt>
1000365c:	2800      	cmp	r0, #0
1000365e:	d150      	bne.n	10003702 <_ftoa+0x11e>
10003660:	2300      	movs	r3, #0
10003662:	4698      	mov	r8, r3
10003664:	9b22      	ldr	r3, [sp, #136]	@ 0x88
10003666:	055b      	lsls	r3, r3, #21
10003668:	d400      	bmi.n	1000366c <_ftoa+0x88>
1000366a:	e0b6      	b.n	100037da <_ftoa+0x1f6>
1000366c:	2400      	movs	r4, #0
1000366e:	e058      	b.n	10003722 <_ftoa+0x13e>
10003670:	9b22      	ldr	r3, [sp, #136]	@ 0x88
10003672:	9303      	str	r3, [sp, #12]
10003674:	9b21      	ldr	r3, [sp, #132]	@ 0x84
10003676:	9302      	str	r3, [sp, #8]
10003678:	2303      	movs	r3, #3
1000367a:	9301      	str	r3, [sp, #4]
1000367c:	4ba8      	ldr	r3, [pc, #672]	@ (10003920 <_ftoa+0x33c>)
1000367e:	9300      	str	r3, [sp, #0]
10003680:	464b      	mov	r3, r9
10003682:	465a      	mov	r2, fp
10003684:	9907      	ldr	r1, [sp, #28]
10003686:	9806      	ldr	r0, [sp, #24]
10003688:	f7ff fbd8 	bl	10002e3c <_out_rev>
1000368c:	e10e      	b.n	100038ac <_ftoa+0x2c8>
1000368e:	9b22      	ldr	r3, [sp, #136]	@ 0x88
10003690:	9303      	str	r3, [sp, #12]
10003692:	9b21      	ldr	r3, [sp, #132]	@ 0x84
10003694:	9302      	str	r3, [sp, #8]
10003696:	2304      	movs	r3, #4
10003698:	9301      	str	r3, [sp, #4]
1000369a:	4ba2      	ldr	r3, [pc, #648]	@ (10003924 <_ftoa+0x340>)
1000369c:	9300      	str	r3, [sp, #0]
1000369e:	464b      	mov	r3, r9
100036a0:	465a      	mov	r2, fp
100036a2:	9907      	ldr	r1, [sp, #28]
100036a4:	9806      	ldr	r0, [sp, #24]
100036a6:	f7ff fbc9 	bl	10002e3c <_out_rev>
100036aa:	e0ff      	b.n	100038ac <_ftoa+0x2c8>
100036ac:	2304      	movs	r3, #4
100036ae:	9a22      	ldr	r2, [sp, #136]	@ 0x88
100036b0:	401a      	ands	r2, r3
100036b2:	9922      	ldr	r1, [sp, #136]	@ 0x88
100036b4:	420b      	tst	r3, r1
100036b6:	d010      	beq.n	100036da <_ftoa+0xf6>
100036b8:	4b9b      	ldr	r3, [pc, #620]	@ (10003928 <_ftoa+0x344>)
100036ba:	2a00      	cmp	r2, #0
100036bc:	d00f      	beq.n	100036de <_ftoa+0xfa>
100036be:	2204      	movs	r2, #4
100036c0:	9922      	ldr	r1, [sp, #136]	@ 0x88
100036c2:	9103      	str	r1, [sp, #12]
100036c4:	9921      	ldr	r1, [sp, #132]	@ 0x84
100036c6:	9102      	str	r1, [sp, #8]
100036c8:	9201      	str	r2, [sp, #4]
100036ca:	9300      	str	r3, [sp, #0]
100036cc:	464b      	mov	r3, r9
100036ce:	465a      	mov	r2, fp
100036d0:	9907      	ldr	r1, [sp, #28]
100036d2:	9806      	ldr	r0, [sp, #24]
100036d4:	f7ff fbb2 	bl	10002e3c <_out_rev>
100036d8:	e0e8      	b.n	100038ac <_ftoa+0x2c8>
100036da:	4b94      	ldr	r3, [pc, #592]	@ (1000392c <_ftoa+0x348>)
100036dc:	e7ed      	b.n	100036ba <_ftoa+0xd6>
100036de:	2203      	movs	r2, #3
100036e0:	e7ee      	b.n	100036c0 <_ftoa+0xdc>
100036e2:	9b22      	ldr	r3, [sp, #136]	@ 0x88
100036e4:	9304      	str	r3, [sp, #16]
100036e6:	9b21      	ldr	r3, [sp, #132]	@ 0x84
100036e8:	9303      	str	r3, [sp, #12]
100036ea:	9702      	str	r7, [sp, #8]
100036ec:	9b1e      	ldr	r3, [sp, #120]	@ 0x78
100036ee:	9c1f      	ldr	r4, [sp, #124]	@ 0x7c
100036f0:	9300      	str	r3, [sp, #0]
100036f2:	9401      	str	r4, [sp, #4]
100036f4:	464b      	mov	r3, r9
100036f6:	465a      	mov	r2, fp
100036f8:	9907      	ldr	r1, [sp, #28]
100036fa:	9806      	ldr	r0, [sp, #24]
100036fc:	f7ff fd62 	bl	100031c4 <_etoa>
10003700:	e0d4      	b.n	100038ac <_ftoa+0x2c8>
10003702:	9a1e      	ldr	r2, [sp, #120]	@ 0x78
10003704:	9b1f      	ldr	r3, [sp, #124]	@ 0x7c
10003706:	2000      	movs	r0, #0
10003708:	2100      	movs	r1, #0
1000370a:	f7ff f98e 	bl	10002a2a <__wrap___aeabi_dsub>
1000370e:	901e      	str	r0, [sp, #120]	@ 0x78
10003710:	911f      	str	r1, [sp, #124]	@ 0x7c
10003712:	2301      	movs	r3, #1
10003714:	4698      	mov	r8, r3
10003716:	e7a5      	b.n	10003664 <_ftoa+0x80>
10003718:	ab0c      	add	r3, sp, #48	@ 0x30
1000371a:	2230      	movs	r2, #48	@ 0x30
1000371c:	551a      	strb	r2, [r3, r4]
1000371e:	3f01      	subs	r7, #1
10003720:	3401      	adds	r4, #1
10003722:	2c1f      	cmp	r4, #31
10003724:	d801      	bhi.n	1000372a <_ftoa+0x146>
10003726:	2f09      	cmp	r7, #9
10003728:	d8f6      	bhi.n	10003718 <_ftoa+0x134>
1000372a:	981e      	ldr	r0, [sp, #120]	@ 0x78
1000372c:	991f      	ldr	r1, [sp, #124]	@ 0x7c
1000372e:	f7ff fa23 	bl	10002b78 <__wrap___aeabi_d2iz>
10003732:	0005      	movs	r5, r0
10003734:	f7ff fa08 	bl	10002b48 <__wrap___aeabi_i2d>
10003738:	0002      	movs	r2, r0
1000373a:	000b      	movs	r3, r1
1000373c:	981e      	ldr	r0, [sp, #120]	@ 0x78
1000373e:	991f      	ldr	r1, [sp, #124]	@ 0x7c
10003740:	f7ff f973 	bl	10002a2a <__wrap___aeabi_dsub>
10003744:	4b7a      	ldr	r3, [pc, #488]	@ (10003930 <_ftoa+0x34c>)
10003746:	00fa      	lsls	r2, r7, #3
10003748:	189b      	adds	r3, r3, r2
1000374a:	681a      	ldr	r2, [r3, #0]
1000374c:	685b      	ldr	r3, [r3, #4]
1000374e:	920a      	str	r2, [sp, #40]	@ 0x28
10003750:	930b      	str	r3, [sp, #44]	@ 0x2c
10003752:	f7ff f98e 	bl	10002a72 <__wrap___aeabi_dmul>
10003756:	9008      	str	r0, [sp, #32]
10003758:	9109      	str	r1, [sp, #36]	@ 0x24
1000375a:	f7ff fa31 	bl	10002bc0 <__wrap___aeabi_d2uiz>
1000375e:	0006      	movs	r6, r0
10003760:	f7ff f9ee 	bl	10002b40 <__wrap___aeabi_ui2d>
10003764:	0002      	movs	r2, r0
10003766:	000b      	movs	r3, r1
10003768:	9808      	ldr	r0, [sp, #32]
1000376a:	9909      	ldr	r1, [sp, #36]	@ 0x24
1000376c:	f7ff f95d 	bl	10002a2a <__wrap___aeabi_dsub>
10003770:	9008      	str	r0, [sp, #32]
10003772:	9109      	str	r1, [sp, #36]	@ 0x24
10003774:	2200      	movs	r2, #0
10003776:	4b6f      	ldr	r3, [pc, #444]	@ (10003934 <_ftoa+0x350>)
10003778:	f7ff f9d0 	bl	10002b1c <__wrap___aeabi_dcmpgt>
1000377c:	2800      	cmp	r0, #0
1000377e:	d02e      	beq.n	100037de <_ftoa+0x1fa>
10003780:	3601      	adds	r6, #1
10003782:	0030      	movs	r0, r6
10003784:	f7ff f9dc 	bl	10002b40 <__wrap___aeabi_ui2d>
10003788:	0002      	movs	r2, r0
1000378a:	000b      	movs	r3, r1
1000378c:	980a      	ldr	r0, [sp, #40]	@ 0x28
1000378e:	990b      	ldr	r1, [sp, #44]	@ 0x2c
10003790:	f7ff f9b4 	bl	10002afc <__wrap___aeabi_dcmple>
10003794:	2800      	cmp	r0, #0
10003796:	d001      	beq.n	1000379c <_ftoa+0x1b8>
10003798:	3501      	adds	r5, #1
1000379a:	2600      	movs	r6, #0
1000379c:	2f00      	cmp	r7, #0
1000379e:	d12c      	bne.n	100037fa <_ftoa+0x216>
100037a0:	0028      	movs	r0, r5
100037a2:	f7ff f9d1 	bl	10002b48 <__wrap___aeabi_i2d>
100037a6:	0002      	movs	r2, r0
100037a8:	000b      	movs	r3, r1
100037aa:	981e      	ldr	r0, [sp, #120]	@ 0x78
100037ac:	991f      	ldr	r1, [sp, #124]	@ 0x7c
100037ae:	f7ff f93c 	bl	10002a2a <__wrap___aeabi_dsub>
100037b2:	0006      	movs	r6, r0
100037b4:	000f      	movs	r7, r1
100037b6:	2200      	movs	r2, #0
100037b8:	4b5e      	ldr	r3, [pc, #376]	@ (10003934 <_ftoa+0x350>)
100037ba:	f7ff f999 	bl	10002af0 <__wrap___aeabi_dcmplt>
100037be:	2800      	cmp	r0, #0
100037c0:	d146      	bne.n	10003850 <_ftoa+0x26c>
100037c2:	2200      	movs	r2, #0
100037c4:	4b5b      	ldr	r3, [pc, #364]	@ (10003934 <_ftoa+0x350>)
100037c6:	0030      	movs	r0, r6
100037c8:	0039      	movs	r1, r7
100037ca:	f7ff f9a7 	bl	10002b1c <__wrap___aeabi_dcmpgt>
100037ce:	2800      	cmp	r0, #0
100037d0:	d13e      	bne.n	10003850 <_ftoa+0x26c>
100037d2:	07eb      	lsls	r3, r5, #31
100037d4:	d53c      	bpl.n	10003850 <_ftoa+0x26c>
100037d6:	3501      	adds	r5, #1
100037d8:	e03a      	b.n	10003850 <_ftoa+0x26c>
100037da:	2706      	movs	r7, #6
100037dc:	e746      	b.n	1000366c <_ftoa+0x88>
100037de:	2200      	movs	r2, #0
100037e0:	4b54      	ldr	r3, [pc, #336]	@ (10003934 <_ftoa+0x350>)
100037e2:	9808      	ldr	r0, [sp, #32]
100037e4:	9909      	ldr	r1, [sp, #36]	@ 0x24
100037e6:	f7ff f983 	bl	10002af0 <__wrap___aeabi_dcmplt>
100037ea:	2800      	cmp	r0, #0
100037ec:	d1d6      	bne.n	1000379c <_ftoa+0x1b8>
100037ee:	2e00      	cmp	r6, #0
100037f0:	d001      	beq.n	100037f6 <_ftoa+0x212>
100037f2:	07f3      	lsls	r3, r6, #31
100037f4:	d5d2      	bpl.n	1000379c <_ftoa+0x1b8>
100037f6:	3601      	adds	r6, #1
100037f8:	e7d0      	b.n	1000379c <_ftoa+0x1b8>
100037fa:	46aa      	mov	sl, r5
100037fc:	2c1f      	cmp	r4, #31
100037fe:	d811      	bhi.n	10003824 <_ftoa+0x240>
10003800:	3f01      	subs	r7, #1
10003802:	210a      	movs	r1, #10
10003804:	0030      	movs	r0, r6
10003806:	f7fe fed5 	bl	100025b4 <__wrap___aeabi_uidiv>
1000380a:	1c65      	adds	r5, r4, #1
1000380c:	3130      	adds	r1, #48	@ 0x30
1000380e:	ab0c      	add	r3, sp, #48	@ 0x30
10003810:	5519      	strb	r1, [r3, r4]
10003812:	210a      	movs	r1, #10
10003814:	0030      	movs	r0, r6
10003816:	f7fe fecd 	bl	100025b4 <__wrap___aeabi_uidiv>
1000381a:	2e09      	cmp	r6, #9
1000381c:	d90e      	bls.n	1000383c <_ftoa+0x258>
1000381e:	0006      	movs	r6, r0
10003820:	002c      	movs	r4, r5
10003822:	e7eb      	b.n	100037fc <_ftoa+0x218>
10003824:	4655      	mov	r5, sl
10003826:	2c1f      	cmp	r4, #31
10003828:	d80c      	bhi.n	10003844 <_ftoa+0x260>
1000382a:	1e7b      	subs	r3, r7, #1
1000382c:	2f00      	cmp	r7, #0
1000382e:	d009      	beq.n	10003844 <_ftoa+0x260>
10003830:	aa0c      	add	r2, sp, #48	@ 0x30
10003832:	2130      	movs	r1, #48	@ 0x30
10003834:	5511      	strb	r1, [r2, r4]
10003836:	001f      	movs	r7, r3
10003838:	3401      	adds	r4, #1
1000383a:	e7f4      	b.n	10003826 <_ftoa+0x242>
1000383c:	002b      	movs	r3, r5
1000383e:	4655      	mov	r5, sl
10003840:	001c      	movs	r4, r3
10003842:	e7f0      	b.n	10003826 <_ftoa+0x242>
10003844:	2c1f      	cmp	r4, #31
10003846:	d803      	bhi.n	10003850 <_ftoa+0x26c>
10003848:	ab0c      	add	r3, sp, #48	@ 0x30
1000384a:	222e      	movs	r2, #46	@ 0x2e
1000384c:	551a      	strb	r2, [r3, r4]
1000384e:	3401      	adds	r4, #1
10003850:	2c1f      	cmp	r4, #31
10003852:	d810      	bhi.n	10003876 <_ftoa+0x292>
10003854:	210a      	movs	r1, #10
10003856:	0028      	movs	r0, r5
10003858:	f7fe fe84 	bl	10002564 <__wrap___aeabi_idiv>
1000385c:	1c66      	adds	r6, r4, #1
1000385e:	3130      	adds	r1, #48	@ 0x30
10003860:	ab0c      	add	r3, sp, #48	@ 0x30
10003862:	5519      	strb	r1, [r3, r4]
10003864:	210a      	movs	r1, #10
10003866:	0028      	movs	r0, r5
10003868:	f7fe fe7c 	bl	10002564 <__wrap___aeabi_idiv>
1000386c:	1e05      	subs	r5, r0, #0
1000386e:	d001      	beq.n	10003874 <_ftoa+0x290>
10003870:	0034      	movs	r4, r6
10003872:	e7ed      	b.n	10003850 <_ftoa+0x26c>
10003874:	0034      	movs	r4, r6
10003876:	2303      	movs	r3, #3
10003878:	9a22      	ldr	r2, [sp, #136]	@ 0x88
1000387a:	4013      	ands	r3, r2
1000387c:	2b01      	cmp	r3, #1
1000387e:	d01c      	beq.n	100038ba <_ftoa+0x2d6>
10003880:	2c1f      	cmp	r4, #31
10003882:	d806      	bhi.n	10003892 <_ftoa+0x2ae>
10003884:	4643      	mov	r3, r8
10003886:	2b00      	cmp	r3, #0
10003888:	d032      	beq.n	100038f0 <_ftoa+0x30c>
1000388a:	ab0c      	add	r3, sp, #48	@ 0x30
1000388c:	222d      	movs	r2, #45	@ 0x2d
1000388e:	551a      	strb	r2, [r3, r4]
10003890:	3401      	adds	r4, #1
10003892:	9b22      	ldr	r3, [sp, #136]	@ 0x88
10003894:	9303      	str	r3, [sp, #12]
10003896:	9b21      	ldr	r3, [sp, #132]	@ 0x84
10003898:	9302      	str	r3, [sp, #8]
1000389a:	9401      	str	r4, [sp, #4]
1000389c:	ab0c      	add	r3, sp, #48	@ 0x30
1000389e:	9300      	str	r3, [sp, #0]
100038a0:	464b      	mov	r3, r9
100038a2:	465a      	mov	r2, fp
100038a4:	9907      	ldr	r1, [sp, #28]
100038a6:	9806      	ldr	r0, [sp, #24]
100038a8:	f7ff fac8 	bl	10002e3c <_out_rev>
100038ac:	b015      	add	sp, #84	@ 0x54
100038ae:	bcf0      	pop	{r4, r5, r6, r7}
100038b0:	46bb      	mov	fp, r7
100038b2:	46b2      	mov	sl, r6
100038b4:	46a9      	mov	r9, r5
100038b6:	46a0      	mov	r8, r4
100038b8:	bdf0      	pop	{r4, r5, r6, r7, pc}
100038ba:	9b21      	ldr	r3, [sp, #132]	@ 0x84
100038bc:	2b00      	cmp	r3, #0
100038be:	d013      	beq.n	100038e8 <_ftoa+0x304>
100038c0:	4643      	mov	r3, r8
100038c2:	2b00      	cmp	r3, #0
100038c4:	d102      	bne.n	100038cc <_ftoa+0x2e8>
100038c6:	330c      	adds	r3, #12
100038c8:	4213      	tst	r3, r2
100038ca:	d00f      	beq.n	100038ec <_ftoa+0x308>
100038cc:	9b21      	ldr	r3, [sp, #132]	@ 0x84
100038ce:	3b01      	subs	r3, #1
100038d0:	9321      	str	r3, [sp, #132]	@ 0x84
100038d2:	0019      	movs	r1, r3
100038d4:	e003      	b.n	100038de <_ftoa+0x2fa>
100038d6:	ab0c      	add	r3, sp, #48	@ 0x30
100038d8:	2230      	movs	r2, #48	@ 0x30
100038da:	551a      	strb	r2, [r3, r4]
100038dc:	3401      	adds	r4, #1
100038de:	428c      	cmp	r4, r1
100038e0:	d2ce      	bcs.n	10003880 <_ftoa+0x29c>
100038e2:	2c1f      	cmp	r4, #31
100038e4:	d9f7      	bls.n	100038d6 <_ftoa+0x2f2>
100038e6:	e7cb      	b.n	10003880 <_ftoa+0x29c>
100038e8:	9921      	ldr	r1, [sp, #132]	@ 0x84
100038ea:	e7f8      	b.n	100038de <_ftoa+0x2fa>
100038ec:	9921      	ldr	r1, [sp, #132]	@ 0x84
100038ee:	e7f6      	b.n	100038de <_ftoa+0x2fa>
100038f0:	9b22      	ldr	r3, [sp, #136]	@ 0x88
100038f2:	075b      	lsls	r3, r3, #29
100038f4:	d504      	bpl.n	10003900 <_ftoa+0x31c>
100038f6:	ab0c      	add	r3, sp, #48	@ 0x30
100038f8:	222b      	movs	r2, #43	@ 0x2b
100038fa:	551a      	strb	r2, [r3, r4]
100038fc:	3401      	adds	r4, #1
100038fe:	e7c8      	b.n	10003892 <_ftoa+0x2ae>
10003900:	9b22      	ldr	r3, [sp, #136]	@ 0x88
10003902:	071b      	lsls	r3, r3, #28
10003904:	d5c5      	bpl.n	10003892 <_ftoa+0x2ae>
10003906:	ab0c      	add	r3, sp, #48	@ 0x30
10003908:	2220      	movs	r2, #32
1000390a:	551a      	strb	r2, [r3, r4]
1000390c:	3401      	adds	r4, #1
1000390e:	e7c0      	b.n	10003892 <_ftoa+0x2ae>
10003910:	ffefffff 	.word	0xffefffff
10003914:	7fefffff 	.word	0x7fefffff
10003918:	41cdcd65 	.word	0x41cdcd65
1000391c:	c1cdcd65 	.word	0xc1cdcd65
10003920:	10008924 	.word	0x10008924
10003924:	10008928 	.word	0x10008928
10003928:	10008918 	.word	0x10008918
1000392c:	10008920 	.word	0x10008920
10003930:	100091d8 	.word	0x100091d8
10003934:	3fe00000 	.word	0x3fe00000

10003938 <_vsnprintf>:
10003938:	b5f0      	push	{r4, r5, r6, r7, lr}
1000393a:	46de      	mov	lr, fp
1000393c:	4657      	mov	r7, sl
1000393e:	464e      	mov	r6, r9
10003940:	4645      	mov	r5, r8
10003942:	b5e0      	push	{r5, r6, r7, lr}
10003944:	b093      	sub	sp, #76	@ 0x4c
10003946:	4682      	mov	sl, r0
10003948:	4688      	mov	r8, r1
1000394a:	4693      	mov	fp, r2
1000394c:	9311      	str	r3, [sp, #68]	@ 0x44
1000394e:	2900      	cmp	r1, #0
10003950:	d100      	bne.n	10003954 <_vsnprintf+0x1c>
10003952:	e30d      	b.n	10003f70 <_vsnprintf+0x638>
10003954:	2500      	movs	r5, #0
10003956:	4656      	mov	r6, sl
10003958:	9b11      	ldr	r3, [sp, #68]	@ 0x44
1000395a:	7818      	ldrb	r0, [r3, #0]
1000395c:	2800      	cmp	r0, #0
1000395e:	d100      	bne.n	10003962 <_vsnprintf+0x2a>
10003960:	e309      	b.n	10003f76 <_vsnprintf+0x63e>
10003962:	2825      	cmp	r0, #37	@ 0x25
10003964:	d009      	beq.n	1000397a <_vsnprintf+0x42>
10003966:	1c6c      	adds	r4, r5, #1
10003968:	465b      	mov	r3, fp
1000396a:	002a      	movs	r2, r5
1000396c:	4641      	mov	r1, r8
1000396e:	47b0      	blx	r6
10003970:	9b11      	ldr	r3, [sp, #68]	@ 0x44
10003972:	3301      	adds	r3, #1
10003974:	9311      	str	r3, [sp, #68]	@ 0x44
10003976:	0025      	movs	r5, r4
10003978:	e7ee      	b.n	10003958 <_vsnprintf+0x20>
1000397a:	3301      	adds	r3, #1
1000397c:	9311      	str	r3, [sp, #68]	@ 0x44
1000397e:	2700      	movs	r7, #0
10003980:	e020      	b.n	100039c4 <_vsnprintf+0x8c>
10003982:	2301      	movs	r3, #1
10003984:	431f      	orrs	r7, r3
10003986:	3201      	adds	r2, #1
10003988:	9211      	str	r2, [sp, #68]	@ 0x44
1000398a:	2401      	movs	r4, #1
1000398c:	e018      	b.n	100039c0 <_vsnprintf+0x88>
1000398e:	2302      	movs	r3, #2
10003990:	431f      	orrs	r7, r3
10003992:	3201      	adds	r2, #1
10003994:	9211      	str	r2, [sp, #68]	@ 0x44
10003996:	2401      	movs	r4, #1
10003998:	e012      	b.n	100039c0 <_vsnprintf+0x88>
1000399a:	2304      	movs	r3, #4
1000399c:	431f      	orrs	r7, r3
1000399e:	3201      	adds	r2, #1
100039a0:	9211      	str	r2, [sp, #68]	@ 0x44
100039a2:	2401      	movs	r4, #1
100039a4:	e00c      	b.n	100039c0 <_vsnprintf+0x88>
100039a6:	2308      	movs	r3, #8
100039a8:	431f      	orrs	r7, r3
100039aa:	3201      	adds	r2, #1
100039ac:	9211      	str	r2, [sp, #68]	@ 0x44
100039ae:	2401      	movs	r4, #1
100039b0:	e006      	b.n	100039c0 <_vsnprintf+0x88>
100039b2:	2310      	movs	r3, #16
100039b4:	431f      	orrs	r7, r3
100039b6:	3201      	adds	r2, #1
100039b8:	9211      	str	r2, [sp, #68]	@ 0x44
100039ba:	2401      	movs	r4, #1
100039bc:	e000      	b.n	100039c0 <_vsnprintf+0x88>
100039be:	2400      	movs	r4, #0
100039c0:	2c00      	cmp	r4, #0
100039c2:	d009      	beq.n	100039d8 <_vsnprintf+0xa0>
100039c4:	9a11      	ldr	r2, [sp, #68]	@ 0x44
100039c6:	7813      	ldrb	r3, [r2, #0]
100039c8:	3b20      	subs	r3, #32
100039ca:	b2d9      	uxtb	r1, r3
100039cc:	2910      	cmp	r1, #16
100039ce:	d8f6      	bhi.n	100039be <_vsnprintf+0x86>
100039d0:	008b      	lsls	r3, r1, #2
100039d2:	49c8      	ldr	r1, [pc, #800]	@ (10003cf4 <_vsnprintf+0x3bc>)
100039d4:	58cb      	ldr	r3, [r1, r3]
100039d6:	469f      	mov	pc, r3
100039d8:	9b11      	ldr	r3, [sp, #68]	@ 0x44
100039da:	781a      	ldrb	r2, [r3, #0]
100039dc:	0013      	movs	r3, r2
100039de:	3b30      	subs	r3, #48	@ 0x30
100039e0:	b2db      	uxtb	r3, r3
100039e2:	2b09      	cmp	r3, #9
100039e4:	d910      	bls.n	10003a08 <_vsnprintf+0xd0>
100039e6:	2a2a      	cmp	r2, #42	@ 0x2a
100039e8:	d013      	beq.n	10003a12 <_vsnprintf+0xda>
100039ea:	940b      	str	r4, [sp, #44]	@ 0x2c
100039ec:	9b11      	ldr	r3, [sp, #68]	@ 0x44
100039ee:	781a      	ldrb	r2, [r3, #0]
100039f0:	2a2e      	cmp	r2, #46	@ 0x2e
100039f2:	d01e      	beq.n	10003a32 <_vsnprintf+0xfa>
100039f4:	9a11      	ldr	r2, [sp, #68]	@ 0x44
100039f6:	7813      	ldrb	r3, [r2, #0]
100039f8:	3b68      	subs	r3, #104	@ 0x68
100039fa:	b2d9      	uxtb	r1, r3
100039fc:	2912      	cmp	r1, #18
100039fe:	d859      	bhi.n	10003ab4 <_vsnprintf+0x17c>
10003a00:	008b      	lsls	r3, r1, #2
10003a02:	49bd      	ldr	r1, [pc, #756]	@ (10003cf8 <_vsnprintf+0x3c0>)
10003a04:	58cb      	ldr	r3, [r1, r3]
10003a06:	469f      	mov	pc, r3
10003a08:	a811      	add	r0, sp, #68	@ 0x44
10003a0a:	f7ff fa05 	bl	10002e18 <_atoi>
10003a0e:	900b      	str	r0, [sp, #44]	@ 0x2c
10003a10:	e7ec      	b.n	100039ec <_vsnprintf+0xb4>
10003a12:	9b1c      	ldr	r3, [sp, #112]	@ 0x70
10003a14:	1d1a      	adds	r2, r3, #4
10003a16:	921c      	str	r2, [sp, #112]	@ 0x70
10003a18:	681b      	ldr	r3, [r3, #0]
10003a1a:	2b00      	cmp	r3, #0
10003a1c:	db04      	blt.n	10003a28 <_vsnprintf+0xf0>
10003a1e:	930b      	str	r3, [sp, #44]	@ 0x2c
10003a20:	9b11      	ldr	r3, [sp, #68]	@ 0x44
10003a22:	3301      	adds	r3, #1
10003a24:	9311      	str	r3, [sp, #68]	@ 0x44
10003a26:	e7e1      	b.n	100039ec <_vsnprintf+0xb4>
10003a28:	2202      	movs	r2, #2
10003a2a:	4317      	orrs	r7, r2
10003a2c:	425b      	negs	r3, r3
10003a2e:	930b      	str	r3, [sp, #44]	@ 0x2c
10003a30:	e7f6      	b.n	10003a20 <_vsnprintf+0xe8>
10003a32:	2280      	movs	r2, #128	@ 0x80
10003a34:	00d2      	lsls	r2, r2, #3
10003a36:	4317      	orrs	r7, r2
10003a38:	1c5a      	adds	r2, r3, #1
10003a3a:	9211      	str	r2, [sp, #68]	@ 0x44
10003a3c:	785a      	ldrb	r2, [r3, #1]
10003a3e:	0013      	movs	r3, r2
10003a40:	3b30      	subs	r3, #48	@ 0x30
10003a42:	b2db      	uxtb	r3, r3
10003a44:	2b09      	cmp	r3, #9
10003a46:	d90b      	bls.n	10003a60 <_vsnprintf+0x128>
10003a48:	2a2a      	cmp	r2, #42	@ 0x2a
10003a4a:	d1d3      	bne.n	100039f4 <_vsnprintf+0xbc>
10003a4c:	9b1c      	ldr	r3, [sp, #112]	@ 0x70
10003a4e:	1d1a      	adds	r2, r3, #4
10003a50:	921c      	str	r2, [sp, #112]	@ 0x70
10003a52:	681c      	ldr	r4, [r3, #0]
10003a54:	2c00      	cmp	r4, #0
10003a56:	db08      	blt.n	10003a6a <_vsnprintf+0x132>
10003a58:	9b11      	ldr	r3, [sp, #68]	@ 0x44
10003a5a:	3301      	adds	r3, #1
10003a5c:	9311      	str	r3, [sp, #68]	@ 0x44
10003a5e:	e7c9      	b.n	100039f4 <_vsnprintf+0xbc>
10003a60:	a811      	add	r0, sp, #68	@ 0x44
10003a62:	f7ff f9d9 	bl	10002e18 <_atoi>
10003a66:	0004      	movs	r4, r0
10003a68:	e7c4      	b.n	100039f4 <_vsnprintf+0xbc>
10003a6a:	2400      	movs	r4, #0
10003a6c:	e7f4      	b.n	10003a58 <_vsnprintf+0x120>
10003a6e:	2380      	movs	r3, #128	@ 0x80
10003a70:	005b      	lsls	r3, r3, #1
10003a72:	433b      	orrs	r3, r7
10003a74:	1c51      	adds	r1, r2, #1
10003a76:	9111      	str	r1, [sp, #68]	@ 0x44
10003a78:	7851      	ldrb	r1, [r2, #1]
10003a7a:	296c      	cmp	r1, #108	@ 0x6c
10003a7c:	d001      	beq.n	10003a82 <_vsnprintf+0x14a>
10003a7e:	001f      	movs	r7, r3
10003a80:	e018      	b.n	10003ab4 <_vsnprintf+0x17c>
10003a82:	23c0      	movs	r3, #192	@ 0xc0
10003a84:	009b      	lsls	r3, r3, #2
10003a86:	431f      	orrs	r7, r3
10003a88:	3202      	adds	r2, #2
10003a8a:	9211      	str	r2, [sp, #68]	@ 0x44
10003a8c:	e012      	b.n	10003ab4 <_vsnprintf+0x17c>
10003a8e:	2380      	movs	r3, #128	@ 0x80
10003a90:	433b      	orrs	r3, r7
10003a92:	1c51      	adds	r1, r2, #1
10003a94:	9111      	str	r1, [sp, #68]	@ 0x44
10003a96:	7851      	ldrb	r1, [r2, #1]
10003a98:	2968      	cmp	r1, #104	@ 0x68
10003a9a:	d001      	beq.n	10003aa0 <_vsnprintf+0x168>
10003a9c:	001f      	movs	r7, r3
10003a9e:	e009      	b.n	10003ab4 <_vsnprintf+0x17c>
10003aa0:	23c0      	movs	r3, #192	@ 0xc0
10003aa2:	431f      	orrs	r7, r3
10003aa4:	3202      	adds	r2, #2
10003aa6:	9211      	str	r2, [sp, #68]	@ 0x44
10003aa8:	e004      	b.n	10003ab4 <_vsnprintf+0x17c>
10003aaa:	2380      	movs	r3, #128	@ 0x80
10003aac:	005b      	lsls	r3, r3, #1
10003aae:	431f      	orrs	r7, r3
10003ab0:	3201      	adds	r2, #1
10003ab2:	9211      	str	r2, [sp, #68]	@ 0x44
10003ab4:	9b11      	ldr	r3, [sp, #68]	@ 0x44
10003ab6:	7818      	ldrb	r0, [r3, #0]
10003ab8:	2867      	cmp	r0, #103	@ 0x67
10003aba:	d818      	bhi.n	10003aee <_vsnprintf+0x1b6>
10003abc:	2825      	cmp	r0, #37	@ 0x25
10003abe:	d200      	bcs.n	10003ac2 <_vsnprintf+0x18a>
10003ac0:	e24c      	b.n	10003f5c <_vsnprintf+0x624>
10003ac2:	0003      	movs	r3, r0
10003ac4:	3b25      	subs	r3, #37	@ 0x25
10003ac6:	b2da      	uxtb	r2, r3
10003ac8:	2a42      	cmp	r2, #66	@ 0x42
10003aca:	d900      	bls.n	10003ace <_vsnprintf+0x196>
10003acc:	e246      	b.n	10003f5c <_vsnprintf+0x624>
10003ace:	0093      	lsls	r3, r2, #2
10003ad0:	4a8a      	ldr	r2, [pc, #552]	@ (10003cfc <_vsnprintf+0x3c4>)
10003ad2:	58d3      	ldr	r3, [r2, r3]
10003ad4:	469f      	mov	pc, r3
10003ad6:	2380      	movs	r3, #128	@ 0x80
10003ad8:	009b      	lsls	r3, r3, #2
10003ada:	431f      	orrs	r7, r3
10003adc:	3201      	adds	r2, #1
10003ade:	9211      	str	r2, [sp, #68]	@ 0x44
10003ae0:	e7e8      	b.n	10003ab4 <_vsnprintf+0x17c>
10003ae2:	2380      	movs	r3, #128	@ 0x80
10003ae4:	005b      	lsls	r3, r3, #1
10003ae6:	431f      	orrs	r7, r3
10003ae8:	3201      	adds	r2, #1
10003aea:	9211      	str	r2, [sp, #68]	@ 0x44
10003aec:	e7e2      	b.n	10003ab4 <_vsnprintf+0x17c>
10003aee:	2878      	cmp	r0, #120	@ 0x78
10003af0:	d900      	bls.n	10003af4 <_vsnprintf+0x1bc>
10003af2:	e233      	b.n	10003f5c <_vsnprintf+0x624>
10003af4:	2869      	cmp	r0, #105	@ 0x69
10003af6:	d200      	bcs.n	10003afa <_vsnprintf+0x1c2>
10003af8:	e230      	b.n	10003f5c <_vsnprintf+0x624>
10003afa:	0002      	movs	r2, r0
10003afc:	3a69      	subs	r2, #105	@ 0x69
10003afe:	b2d2      	uxtb	r2, r2
10003b00:	2301      	movs	r3, #1
10003b02:	4093      	lsls	r3, r2
10003b04:	4a7e      	ldr	r2, [pc, #504]	@ (10003d00 <_vsnprintf+0x3c8>)
10003b06:	4213      	tst	r3, r2
10003b08:	d111      	bne.n	10003b2e <_vsnprintf+0x1f6>
10003b0a:	061a      	lsls	r2, r3, #24
10003b0c:	d500      	bpl.n	10003b10 <_vsnprintf+0x1d8>
10003b0e:	e200      	b.n	10003f12 <_vsnprintf+0x5da>
10003b10:	055b      	lsls	r3, r3, #21
10003b12:	d400      	bmi.n	10003b16 <_vsnprintf+0x1de>
10003b14:	e222      	b.n	10003f5c <_vsnprintf+0x624>
10003b16:	9b1c      	ldr	r3, [sp, #112]	@ 0x70
10003b18:	1d1a      	adds	r2, r3, #4
10003b1a:	921c      	str	r2, [sp, #112]	@ 0x70
10003b1c:	681b      	ldr	r3, [r3, #0]
10003b1e:	469a      	mov	sl, r3
10003b20:	2c00      	cmp	r4, #0
10003b22:	d000      	beq.n	10003b26 <_vsnprintf+0x1ee>
10003b24:	e1b2      	b.n	10003e8c <_vsnprintf+0x554>
10003b26:	2201      	movs	r2, #1
10003b28:	4252      	negs	r2, r2
10003b2a:	4653      	mov	r3, sl
10003b2c:	e18e      	b.n	10003e4c <_vsnprintf+0x514>
10003b2e:	286f      	cmp	r0, #111	@ 0x6f
10003b30:	d00e      	beq.n	10003b50 <_vsnprintf+0x218>
10003b32:	d806      	bhi.n	10003b42 <_vsnprintf+0x20a>
10003b34:	2858      	cmp	r0, #88	@ 0x58
10003b36:	d03d      	beq.n	10003bb4 <_vsnprintf+0x27c>
10003b38:	2862      	cmp	r0, #98	@ 0x62
10003b3a:	d104      	bne.n	10003b46 <_vsnprintf+0x20e>
10003b3c:	2302      	movs	r3, #2
10003b3e:	469c      	mov	ip, r3
10003b40:	e008      	b.n	10003b54 <_vsnprintf+0x21c>
10003b42:	2878      	cmp	r0, #120	@ 0x78
10003b44:	d039      	beq.n	10003bba <_vsnprintf+0x282>
10003b46:	2310      	movs	r3, #16
10003b48:	439f      	bics	r7, r3
10003b4a:	3b06      	subs	r3, #6
10003b4c:	469c      	mov	ip, r3
10003b4e:	e001      	b.n	10003b54 <_vsnprintf+0x21c>
10003b50:	2308      	movs	r3, #8
10003b52:	469c      	mov	ip, r3
10003b54:	2858      	cmp	r0, #88	@ 0x58
10003b56:	d033      	beq.n	10003bc0 <_vsnprintf+0x288>
10003b58:	2869      	cmp	r0, #105	@ 0x69
10003b5a:	d003      	beq.n	10003b64 <_vsnprintf+0x22c>
10003b5c:	2864      	cmp	r0, #100	@ 0x64
10003b5e:	d001      	beq.n	10003b64 <_vsnprintf+0x22c>
10003b60:	220c      	movs	r2, #12
10003b62:	4397      	bics	r7, r2
10003b64:	057a      	lsls	r2, r7, #21
10003b66:	d501      	bpl.n	10003b6c <_vsnprintf+0x234>
10003b68:	2201      	movs	r2, #1
10003b6a:	4397      	bics	r7, r2
10003b6c:	2869      	cmp	r0, #105	@ 0x69
10003b6e:	d02a      	beq.n	10003bc6 <_vsnprintf+0x28e>
10003b70:	2864      	cmp	r0, #100	@ 0x64
10003b72:	d028      	beq.n	10003bc6 <_vsnprintf+0x28e>
10003b74:	05ba      	lsls	r2, r7, #22
10003b76:	d500      	bpl.n	10003b7a <_vsnprintf+0x242>
10003b78:	e09f      	b.n	10003cba <_vsnprintf+0x382>
10003b7a:	05fa      	lsls	r2, r7, #23
10003b7c:	d500      	bpl.n	10003b80 <_vsnprintf+0x248>
10003b7e:	e0c1      	b.n	10003d04 <_vsnprintf+0x3cc>
10003b80:	067a      	lsls	r2, r7, #25
10003b82:	d400      	bmi.n	10003b86 <_vsnprintf+0x24e>
10003b84:	e0d3      	b.n	10003d2e <_vsnprintf+0x3f6>
10003b86:	9a1c      	ldr	r2, [sp, #112]	@ 0x70
10003b88:	1d11      	adds	r1, r2, #4
10003b8a:	911c      	str	r1, [sp, #112]	@ 0x70
10003b8c:	6811      	ldr	r1, [r2, #0]
10003b8e:	22ff      	movs	r2, #255	@ 0xff
10003b90:	400a      	ands	r2, r1
10003b92:	9705      	str	r7, [sp, #20]
10003b94:	9b0b      	ldr	r3, [sp, #44]	@ 0x2c
10003b96:	9304      	str	r3, [sp, #16]
10003b98:	9403      	str	r4, [sp, #12]
10003b9a:	4663      	mov	r3, ip
10003b9c:	9302      	str	r3, [sp, #8]
10003b9e:	2300      	movs	r3, #0
10003ba0:	9301      	str	r3, [sp, #4]
10003ba2:	9200      	str	r2, [sp, #0]
10003ba4:	465b      	mov	r3, fp
10003ba6:	002a      	movs	r2, r5
10003ba8:	4641      	mov	r1, r8
10003baa:	0030      	movs	r0, r6
10003bac:	f7ff fa25 	bl	10002ffa <_ntoa_long>
10003bb0:	0005      	movs	r5, r0
10003bb2:	e027      	b.n	10003c04 <_vsnprintf+0x2cc>
10003bb4:	2310      	movs	r3, #16
10003bb6:	469c      	mov	ip, r3
10003bb8:	e7cc      	b.n	10003b54 <_vsnprintf+0x21c>
10003bba:	2310      	movs	r3, #16
10003bbc:	469c      	mov	ip, r3
10003bbe:	e7c9      	b.n	10003b54 <_vsnprintf+0x21c>
10003bc0:	2220      	movs	r2, #32
10003bc2:	4317      	orrs	r7, r2
10003bc4:	e7c8      	b.n	10003b58 <_vsnprintf+0x220>
10003bc6:	05ba      	lsls	r2, r7, #22
10003bc8:	d420      	bmi.n	10003c0c <_vsnprintf+0x2d4>
10003bca:	05fa      	lsls	r2, r7, #23
10003bcc:	d450      	bmi.n	10003c70 <_vsnprintf+0x338>
10003bce:	067a      	lsls	r2, r7, #25
10003bd0:	d566      	bpl.n	10003ca0 <_vsnprintf+0x368>
10003bd2:	9a1c      	ldr	r2, [sp, #112]	@ 0x70
10003bd4:	1d11      	adds	r1, r2, #4
10003bd6:	911c      	str	r1, [sp, #112]	@ 0x70
10003bd8:	6811      	ldr	r1, [r2, #0]
10003bda:	22ff      	movs	r2, #255	@ 0xff
10003bdc:	400a      	ands	r2, r1
10003bde:	17d0      	asrs	r0, r2, #31
10003be0:	1811      	adds	r1, r2, r0
10003be2:	4041      	eors	r1, r0
10003be4:	9705      	str	r7, [sp, #20]
10003be6:	9b0b      	ldr	r3, [sp, #44]	@ 0x2c
10003be8:	9304      	str	r3, [sp, #16]
10003bea:	9403      	str	r4, [sp, #12]
10003bec:	4663      	mov	r3, ip
10003bee:	9302      	str	r3, [sp, #8]
10003bf0:	0fd2      	lsrs	r2, r2, #31
10003bf2:	9201      	str	r2, [sp, #4]
10003bf4:	9100      	str	r1, [sp, #0]
10003bf6:	465b      	mov	r3, fp
10003bf8:	002a      	movs	r2, r5
10003bfa:	4641      	mov	r1, r8
10003bfc:	0030      	movs	r0, r6
10003bfe:	f7ff f9fc 	bl	10002ffa <_ntoa_long>
10003c02:	0005      	movs	r5, r0
10003c04:	9b11      	ldr	r3, [sp, #68]	@ 0x44
10003c06:	3301      	adds	r3, #1
10003c08:	9311      	str	r3, [sp, #68]	@ 0x44
10003c0a:	e6a5      	b.n	10003958 <_vsnprintf+0x20>
10003c0c:	9a1c      	ldr	r2, [sp, #112]	@ 0x70
10003c0e:	3207      	adds	r2, #7
10003c10:	2107      	movs	r1, #7
10003c12:	438a      	bics	r2, r1
10003c14:	0011      	movs	r1, r2
10003c16:	3108      	adds	r1, #8
10003c18:	911c      	str	r1, [sp, #112]	@ 0x70
10003c1a:	6811      	ldr	r1, [r2, #0]
10003c1c:	6853      	ldr	r3, [r2, #4]
10003c1e:	4699      	mov	r9, r3
10003c20:	17db      	asrs	r3, r3, #31
10003c22:	930c      	str	r3, [sp, #48]	@ 0x30
10003c24:	930d      	str	r3, [sp, #52]	@ 0x34
10003c26:	9a0c      	ldr	r2, [sp, #48]	@ 0x30
10003c28:	9b0d      	ldr	r3, [sp, #52]	@ 0x34
10003c2a:	0010      	movs	r0, r2
10003c2c:	4048      	eors	r0, r1
10003c2e:	900e      	str	r0, [sp, #56]	@ 0x38
10003c30:	464a      	mov	r2, r9
10003c32:	4053      	eors	r3, r2
10003c34:	930f      	str	r3, [sp, #60]	@ 0x3c
10003c36:	980e      	ldr	r0, [sp, #56]	@ 0x38
10003c38:	990f      	ldr	r1, [sp, #60]	@ 0x3c
10003c3a:	9a0c      	ldr	r2, [sp, #48]	@ 0x30
10003c3c:	9b0d      	ldr	r3, [sp, #52]	@ 0x34
10003c3e:	1a80      	subs	r0, r0, r2
10003c40:	4199      	sbcs	r1, r3
10003c42:	900e      	str	r0, [sp, #56]	@ 0x38
10003c44:	910f      	str	r1, [sp, #60]	@ 0x3c
10003c46:	9708      	str	r7, [sp, #32]
10003c48:	9b0b      	ldr	r3, [sp, #44]	@ 0x2c
10003c4a:	9307      	str	r3, [sp, #28]
10003c4c:	9406      	str	r4, [sp, #24]
10003c4e:	4663      	mov	r3, ip
10003c50:	9304      	str	r3, [sp, #16]
10003c52:	2300      	movs	r3, #0
10003c54:	9305      	str	r3, [sp, #20]
10003c56:	464b      	mov	r3, r9
10003c58:	0fda      	lsrs	r2, r3, #31
10003c5a:	9202      	str	r2, [sp, #8]
10003c5c:	9000      	str	r0, [sp, #0]
10003c5e:	9101      	str	r1, [sp, #4]
10003c60:	465b      	mov	r3, fp
10003c62:	002a      	movs	r2, r5
10003c64:	4641      	mov	r1, r8
10003c66:	0030      	movs	r0, r6
10003c68:	f7ff fa25 	bl	100030b6 <_ntoa_long_long>
10003c6c:	0005      	movs	r5, r0
10003c6e:	e7c9      	b.n	10003c04 <_vsnprintf+0x2cc>
10003c70:	9a1c      	ldr	r2, [sp, #112]	@ 0x70
10003c72:	1d11      	adds	r1, r2, #4
10003c74:	911c      	str	r1, [sp, #112]	@ 0x70
10003c76:	6812      	ldr	r2, [r2, #0]
10003c78:	17d0      	asrs	r0, r2, #31
10003c7a:	1811      	adds	r1, r2, r0
10003c7c:	4041      	eors	r1, r0
10003c7e:	9705      	str	r7, [sp, #20]
10003c80:	9b0b      	ldr	r3, [sp, #44]	@ 0x2c
10003c82:	9304      	str	r3, [sp, #16]
10003c84:	9403      	str	r4, [sp, #12]
10003c86:	4663      	mov	r3, ip
10003c88:	9302      	str	r3, [sp, #8]
10003c8a:	0fd2      	lsrs	r2, r2, #31
10003c8c:	9201      	str	r2, [sp, #4]
10003c8e:	9100      	str	r1, [sp, #0]
10003c90:	465b      	mov	r3, fp
10003c92:	002a      	movs	r2, r5
10003c94:	4641      	mov	r1, r8
10003c96:	0030      	movs	r0, r6
10003c98:	f7ff f9af 	bl	10002ffa <_ntoa_long>
10003c9c:	0005      	movs	r5, r0
10003c9e:	e7b1      	b.n	10003c04 <_vsnprintf+0x2cc>
10003ca0:	063a      	lsls	r2, r7, #24
10003ca2:	d505      	bpl.n	10003cb0 <_vsnprintf+0x378>
10003ca4:	9a1c      	ldr	r2, [sp, #112]	@ 0x70
10003ca6:	1d11      	adds	r1, r2, #4
10003ca8:	911c      	str	r1, [sp, #112]	@ 0x70
10003caa:	2300      	movs	r3, #0
10003cac:	5ed2      	ldrsh	r2, [r2, r3]
10003cae:	e796      	b.n	10003bde <_vsnprintf+0x2a6>
10003cb0:	9a1c      	ldr	r2, [sp, #112]	@ 0x70
10003cb2:	1d11      	adds	r1, r2, #4
10003cb4:	911c      	str	r1, [sp, #112]	@ 0x70
10003cb6:	6812      	ldr	r2, [r2, #0]
10003cb8:	e791      	b.n	10003bde <_vsnprintf+0x2a6>
10003cba:	9a1c      	ldr	r2, [sp, #112]	@ 0x70
10003cbc:	3207      	adds	r2, #7
10003cbe:	2107      	movs	r1, #7
10003cc0:	438a      	bics	r2, r1
10003cc2:	0011      	movs	r1, r2
10003cc4:	3108      	adds	r1, #8
10003cc6:	911c      	str	r1, [sp, #112]	@ 0x70
10003cc8:	9708      	str	r7, [sp, #32]
10003cca:	9b0b      	ldr	r3, [sp, #44]	@ 0x2c
10003ccc:	9307      	str	r3, [sp, #28]
10003cce:	9406      	str	r4, [sp, #24]
10003cd0:	4663      	mov	r3, ip
10003cd2:	9304      	str	r3, [sp, #16]
10003cd4:	2300      	movs	r3, #0
10003cd6:	9305      	str	r3, [sp, #20]
10003cd8:	9302      	str	r3, [sp, #8]
10003cda:	6853      	ldr	r3, [r2, #4]
10003cdc:	6812      	ldr	r2, [r2, #0]
10003cde:	9200      	str	r2, [sp, #0]
10003ce0:	9301      	str	r3, [sp, #4]
10003ce2:	465b      	mov	r3, fp
10003ce4:	002a      	movs	r2, r5
10003ce6:	4641      	mov	r1, r8
10003ce8:	0030      	movs	r0, r6
10003cea:	f7ff f9e4 	bl	100030b6 <_ntoa_long_long>
10003cee:	0005      	movs	r5, r0
10003cf0:	e788      	b.n	10003c04 <_vsnprintf+0x2cc>
10003cf2:	46c0      	nop			@ (mov r8, r8)
10003cf4:	1000903c 	.word	0x1000903c
10003cf8:	10009080 	.word	0x10009080
10003cfc:	100090cc 	.word	0x100090cc
10003d00:	00009041 	.word	0x00009041
10003d04:	9a1c      	ldr	r2, [sp, #112]	@ 0x70
10003d06:	1d11      	adds	r1, r2, #4
10003d08:	911c      	str	r1, [sp, #112]	@ 0x70
10003d0a:	9705      	str	r7, [sp, #20]
10003d0c:	9b0b      	ldr	r3, [sp, #44]	@ 0x2c
10003d0e:	9304      	str	r3, [sp, #16]
10003d10:	9403      	str	r4, [sp, #12]
10003d12:	4663      	mov	r3, ip
10003d14:	9302      	str	r3, [sp, #8]
10003d16:	2300      	movs	r3, #0
10003d18:	9301      	str	r3, [sp, #4]
10003d1a:	6813      	ldr	r3, [r2, #0]
10003d1c:	9300      	str	r3, [sp, #0]
10003d1e:	465b      	mov	r3, fp
10003d20:	002a      	movs	r2, r5
10003d22:	4641      	mov	r1, r8
10003d24:	0030      	movs	r0, r6
10003d26:	f7ff f968 	bl	10002ffa <_ntoa_long>
10003d2a:	0005      	movs	r5, r0
10003d2c:	e76a      	b.n	10003c04 <_vsnprintf+0x2cc>
10003d2e:	063a      	lsls	r2, r7, #24
10003d30:	d506      	bpl.n	10003d40 <_vsnprintf+0x408>
10003d32:	9a1c      	ldr	r2, [sp, #112]	@ 0x70
10003d34:	1d11      	adds	r1, r2, #4
10003d36:	911c      	str	r1, [sp, #112]	@ 0x70
10003d38:	6812      	ldr	r2, [r2, #0]
10003d3a:	0412      	lsls	r2, r2, #16
10003d3c:	0c12      	lsrs	r2, r2, #16
10003d3e:	e728      	b.n	10003b92 <_vsnprintf+0x25a>
10003d40:	9a1c      	ldr	r2, [sp, #112]	@ 0x70
10003d42:	1d11      	adds	r1, r2, #4
10003d44:	911c      	str	r1, [sp, #112]	@ 0x70
10003d46:	6812      	ldr	r2, [r2, #0]
10003d48:	e723      	b.n	10003b92 <_vsnprintf+0x25a>
10003d4a:	2846      	cmp	r0, #70	@ 0x46
10003d4c:	d019      	beq.n	10003d82 <_vsnprintf+0x44a>
10003d4e:	9b1c      	ldr	r3, [sp, #112]	@ 0x70
10003d50:	3307      	adds	r3, #7
10003d52:	2207      	movs	r2, #7
10003d54:	4393      	bics	r3, r2
10003d56:	001a      	movs	r2, r3
10003d58:	3208      	adds	r2, #8
10003d5a:	921c      	str	r2, [sp, #112]	@ 0x70
10003d5c:	9704      	str	r7, [sp, #16]
10003d5e:	9a0b      	ldr	r2, [sp, #44]	@ 0x2c
10003d60:	9203      	str	r2, [sp, #12]
10003d62:	9402      	str	r4, [sp, #8]
10003d64:	681a      	ldr	r2, [r3, #0]
10003d66:	685b      	ldr	r3, [r3, #4]
10003d68:	9200      	str	r2, [sp, #0]
10003d6a:	9301      	str	r3, [sp, #4]
10003d6c:	465b      	mov	r3, fp
10003d6e:	002a      	movs	r2, r5
10003d70:	4641      	mov	r1, r8
10003d72:	0030      	movs	r0, r6
10003d74:	f7ff fc36 	bl	100035e4 <_ftoa>
10003d78:	0005      	movs	r5, r0
10003d7a:	9b11      	ldr	r3, [sp, #68]	@ 0x44
10003d7c:	3301      	adds	r3, #1
10003d7e:	9311      	str	r3, [sp, #68]	@ 0x44
10003d80:	e5ea      	b.n	10003958 <_vsnprintf+0x20>
10003d82:	2320      	movs	r3, #32
10003d84:	431f      	orrs	r7, r3
10003d86:	e7e2      	b.n	10003d4e <_vsnprintf+0x416>
10003d88:	2867      	cmp	r0, #103	@ 0x67
10003d8a:	d001      	beq.n	10003d90 <_vsnprintf+0x458>
10003d8c:	2847      	cmp	r0, #71	@ 0x47
10003d8e:	d102      	bne.n	10003d96 <_vsnprintf+0x45e>
10003d90:	2380      	movs	r3, #128	@ 0x80
10003d92:	011b      	lsls	r3, r3, #4
10003d94:	431f      	orrs	r7, r3
10003d96:	2845      	cmp	r0, #69	@ 0x45
10003d98:	d001      	beq.n	10003d9e <_vsnprintf+0x466>
10003d9a:	2847      	cmp	r0, #71	@ 0x47
10003d9c:	d101      	bne.n	10003da2 <_vsnprintf+0x46a>
10003d9e:	2320      	movs	r3, #32
10003da0:	431f      	orrs	r7, r3
10003da2:	9b1c      	ldr	r3, [sp, #112]	@ 0x70
10003da4:	3307      	adds	r3, #7
10003da6:	2207      	movs	r2, #7
10003da8:	4393      	bics	r3, r2
10003daa:	001a      	movs	r2, r3
10003dac:	3208      	adds	r2, #8
10003dae:	921c      	str	r2, [sp, #112]	@ 0x70
10003db0:	9704      	str	r7, [sp, #16]
10003db2:	9a0b      	ldr	r2, [sp, #44]	@ 0x2c
10003db4:	9203      	str	r2, [sp, #12]
10003db6:	9402      	str	r4, [sp, #8]
10003db8:	681a      	ldr	r2, [r3, #0]
10003dba:	685b      	ldr	r3, [r3, #4]
10003dbc:	9200      	str	r2, [sp, #0]
10003dbe:	9301      	str	r3, [sp, #4]
10003dc0:	465b      	mov	r3, fp
10003dc2:	002a      	movs	r2, r5
10003dc4:	4641      	mov	r1, r8
10003dc6:	0030      	movs	r0, r6
10003dc8:	f7ff f9fc 	bl	100031c4 <_etoa>
10003dcc:	0005      	movs	r5, r0
10003dce:	9b11      	ldr	r3, [sp, #68]	@ 0x44
10003dd0:	3301      	adds	r3, #1
10003dd2:	9311      	str	r3, [sp, #68]	@ 0x44
10003dd4:	e5c0      	b.n	10003958 <_vsnprintf+0x20>
10003dd6:	2302      	movs	r3, #2
10003dd8:	001a      	movs	r2, r3
10003dda:	403a      	ands	r2, r7
10003ddc:	4691      	mov	r9, r2
10003dde:	423b      	tst	r3, r7
10003de0:	d01d      	beq.n	10003e1e <_vsnprintf+0x4e6>
10003de2:	2401      	movs	r4, #1
10003de4:	9b1c      	ldr	r3, [sp, #112]	@ 0x70
10003de6:	1d1a      	adds	r2, r3, #4
10003de8:	921c      	str	r2, [sp, #112]	@ 0x70
10003dea:	1c6f      	adds	r7, r5, #1
10003dec:	7818      	ldrb	r0, [r3, #0]
10003dee:	465b      	mov	r3, fp
10003df0:	002a      	movs	r2, r5
10003df2:	4641      	mov	r1, r8
10003df4:	47b0      	blx	r6
10003df6:	464b      	mov	r3, r9
10003df8:	2b00      	cmp	r3, #0
10003dfa:	d114      	bne.n	10003e26 <_vsnprintf+0x4ee>
10003dfc:	9b11      	ldr	r3, [sp, #68]	@ 0x44
10003dfe:	3301      	adds	r3, #1
10003e00:	9311      	str	r3, [sp, #68]	@ 0x44
10003e02:	003d      	movs	r5, r7
10003e04:	e5a8      	b.n	10003958 <_vsnprintf+0x20>
10003e06:	1c57      	adds	r7, r2, #1
10003e08:	465b      	mov	r3, fp
10003e0a:	4641      	mov	r1, r8
10003e0c:	2020      	movs	r0, #32
10003e0e:	47b0      	blx	r6
10003e10:	0023      	movs	r3, r4
10003e12:	003a      	movs	r2, r7
10003e14:	1c5c      	adds	r4, r3, #1
10003e16:	429d      	cmp	r5, r3
10003e18:	d8f5      	bhi.n	10003e06 <_vsnprintf+0x4ce>
10003e1a:	0015      	movs	r5, r2
10003e1c:	e7e2      	b.n	10003de4 <_vsnprintf+0x4ac>
10003e1e:	2301      	movs	r3, #1
10003e20:	002a      	movs	r2, r5
10003e22:	9d0b      	ldr	r5, [sp, #44]	@ 0x2c
10003e24:	e7f6      	b.n	10003e14 <_vsnprintf+0x4dc>
10003e26:	003a      	movs	r2, r7
10003e28:	46b1      	mov	r9, r6
10003e2a:	9e0b      	ldr	r6, [sp, #44]	@ 0x2c
10003e2c:	e006      	b.n	10003e3c <_vsnprintf+0x504>
10003e2e:	1c57      	adds	r7, r2, #1
10003e30:	465b      	mov	r3, fp
10003e32:	4641      	mov	r1, r8
10003e34:	2020      	movs	r0, #32
10003e36:	47c8      	blx	r9
10003e38:	002c      	movs	r4, r5
10003e3a:	003a      	movs	r2, r7
10003e3c:	1c65      	adds	r5, r4, #1
10003e3e:	42a6      	cmp	r6, r4
10003e40:	d8f5      	bhi.n	10003e2e <_vsnprintf+0x4f6>
10003e42:	0017      	movs	r7, r2
10003e44:	464e      	mov	r6, r9
10003e46:	e7d9      	b.n	10003dfc <_vsnprintf+0x4c4>
10003e48:	3301      	adds	r3, #1
10003e4a:	000a      	movs	r2, r1
10003e4c:	7819      	ldrb	r1, [r3, #0]
10003e4e:	2900      	cmp	r1, #0
10003e50:	d002      	beq.n	10003e58 <_vsnprintf+0x520>
10003e52:	1e51      	subs	r1, r2, #1
10003e54:	2a00      	cmp	r2, #0
10003e56:	d1f7      	bne.n	10003e48 <_vsnprintf+0x510>
10003e58:	4652      	mov	r2, sl
10003e5a:	1a9b      	subs	r3, r3, r2
10003e5c:	2280      	movs	r2, #128	@ 0x80
10003e5e:	00d2      	lsls	r2, r2, #3
10003e60:	0039      	movs	r1, r7
10003e62:	4011      	ands	r1, r2
10003e64:	4689      	mov	r9, r1
10003e66:	4217      	tst	r7, r2
10003e68:	d002      	beq.n	10003e70 <_vsnprintf+0x538>
10003e6a:	42a3      	cmp	r3, r4
10003e6c:	d900      	bls.n	10003e70 <_vsnprintf+0x538>
10003e6e:	0023      	movs	r3, r4
10003e70:	2202      	movs	r2, #2
10003e72:	0011      	movs	r1, r2
10003e74:	4039      	ands	r1, r7
10003e76:	9110      	str	r1, [sp, #64]	@ 0x40
10003e78:	423a      	tst	r2, r7
10003e7a:	d009      	beq.n	10003e90 <_vsnprintf+0x558>
10003e7c:	002a      	movs	r2, r5
10003e7e:	0025      	movs	r5, r4
10003e80:	4657      	mov	r7, sl
10003e82:	469a      	mov	sl, r3
10003e84:	0033      	movs	r3, r6
10003e86:	464e      	mov	r6, r9
10003e88:	4699      	mov	r9, r3
10003e8a:	e021      	b.n	10003ed0 <_vsnprintf+0x598>
10003e8c:	0022      	movs	r2, r4
10003e8e:	e64c      	b.n	10003b2a <_vsnprintf+0x1f2>
10003e90:	002a      	movs	r2, r5
10003e92:	4645      	mov	r5, r8
10003e94:	46a0      	mov	r8, r4
10003e96:	e006      	b.n	10003ea6 <_vsnprintf+0x56e>
10003e98:	1c54      	adds	r4, r2, #1
10003e9a:	465b      	mov	r3, fp
10003e9c:	0029      	movs	r1, r5
10003e9e:	2020      	movs	r0, #32
10003ea0:	47b0      	blx	r6
10003ea2:	003b      	movs	r3, r7
10003ea4:	0022      	movs	r2, r4
10003ea6:	1c5f      	adds	r7, r3, #1
10003ea8:	990b      	ldr	r1, [sp, #44]	@ 0x2c
10003eaa:	4299      	cmp	r1, r3
10003eac:	d8f4      	bhi.n	10003e98 <_vsnprintf+0x560>
10003eae:	4644      	mov	r4, r8
10003eb0:	46a8      	mov	r8, r5
10003eb2:	003b      	movs	r3, r7
10003eb4:	0025      	movs	r5, r4
10003eb6:	4657      	mov	r7, sl
10003eb8:	469a      	mov	sl, r3
10003eba:	0033      	movs	r3, r6
10003ebc:	464e      	mov	r6, r9
10003ebe:	4699      	mov	r9, r3
10003ec0:	e006      	b.n	10003ed0 <_vsnprintf+0x598>
10003ec2:	001d      	movs	r5, r3
10003ec4:	3701      	adds	r7, #1
10003ec6:	1c54      	adds	r4, r2, #1
10003ec8:	465b      	mov	r3, fp
10003eca:	4641      	mov	r1, r8
10003ecc:	47c8      	blx	r9
10003ece:	0022      	movs	r2, r4
10003ed0:	7838      	ldrb	r0, [r7, #0]
10003ed2:	2800      	cmp	r0, #0
10003ed4:	d004      	beq.n	10003ee0 <_vsnprintf+0x5a8>
10003ed6:	2e00      	cmp	r6, #0
10003ed8:	d0f4      	beq.n	10003ec4 <_vsnprintf+0x58c>
10003eda:	1e6b      	subs	r3, r5, #1
10003edc:	2d00      	cmp	r5, #0
10003ede:	d1f0      	bne.n	10003ec2 <_vsnprintf+0x58a>
10003ee0:	0015      	movs	r5, r2
10003ee2:	4653      	mov	r3, sl
10003ee4:	464e      	mov	r6, r9
10003ee6:	9a10      	ldr	r2, [sp, #64]	@ 0x40
10003ee8:	2a00      	cmp	r2, #0
10003eea:	d103      	bne.n	10003ef4 <_vsnprintf+0x5bc>
10003eec:	9b11      	ldr	r3, [sp, #68]	@ 0x44
10003eee:	3301      	adds	r3, #1
10003ef0:	9311      	str	r3, [sp, #68]	@ 0x44
10003ef2:	e531      	b.n	10003958 <_vsnprintf+0x20>
10003ef4:	9f0b      	ldr	r7, [sp, #44]	@ 0x2c
10003ef6:	002a      	movs	r2, r5
10003ef8:	e006      	b.n	10003f08 <_vsnprintf+0x5d0>
10003efa:	1c55      	adds	r5, r2, #1
10003efc:	465b      	mov	r3, fp
10003efe:	4641      	mov	r1, r8
10003f00:	2020      	movs	r0, #32
10003f02:	47b0      	blx	r6
10003f04:	0023      	movs	r3, r4
10003f06:	002a      	movs	r2, r5
10003f08:	1c5c      	adds	r4, r3, #1
10003f0a:	429f      	cmp	r7, r3
10003f0c:	d8f5      	bhi.n	10003efa <_vsnprintf+0x5c2>
10003f0e:	0015      	movs	r5, r2
10003f10:	e7ec      	b.n	10003eec <_vsnprintf+0x5b4>
10003f12:	2321      	movs	r3, #33	@ 0x21
10003f14:	433b      	orrs	r3, r7
10003f16:	9a1c      	ldr	r2, [sp, #112]	@ 0x70
10003f18:	1d11      	adds	r1, r2, #4
10003f1a:	911c      	str	r1, [sp, #112]	@ 0x70
10003f1c:	6812      	ldr	r2, [r2, #0]
10003f1e:	9305      	str	r3, [sp, #20]
10003f20:	2308      	movs	r3, #8
10003f22:	9304      	str	r3, [sp, #16]
10003f24:	9403      	str	r4, [sp, #12]
10003f26:	3308      	adds	r3, #8
10003f28:	9302      	str	r3, [sp, #8]
10003f2a:	2300      	movs	r3, #0
10003f2c:	9301      	str	r3, [sp, #4]
10003f2e:	9200      	str	r2, [sp, #0]
10003f30:	465b      	mov	r3, fp
10003f32:	002a      	movs	r2, r5
10003f34:	4641      	mov	r1, r8
10003f36:	0030      	movs	r0, r6
10003f38:	f7ff f85f 	bl	10002ffa <_ntoa_long>
10003f3c:	0005      	movs	r5, r0
10003f3e:	9b11      	ldr	r3, [sp, #68]	@ 0x44
10003f40:	3301      	adds	r3, #1
10003f42:	9311      	str	r3, [sp, #68]	@ 0x44
10003f44:	e508      	b.n	10003958 <_vsnprintf+0x20>
10003f46:	1c6c      	adds	r4, r5, #1
10003f48:	465b      	mov	r3, fp
10003f4a:	002a      	movs	r2, r5
10003f4c:	4641      	mov	r1, r8
10003f4e:	2025      	movs	r0, #37	@ 0x25
10003f50:	47b0      	blx	r6
10003f52:	9b11      	ldr	r3, [sp, #68]	@ 0x44
10003f54:	3301      	adds	r3, #1
10003f56:	9311      	str	r3, [sp, #68]	@ 0x44
10003f58:	0025      	movs	r5, r4
10003f5a:	e4fd      	b.n	10003958 <_vsnprintf+0x20>
10003f5c:	1c6c      	adds	r4, r5, #1
10003f5e:	465b      	mov	r3, fp
10003f60:	002a      	movs	r2, r5
10003f62:	4641      	mov	r1, r8
10003f64:	47b0      	blx	r6
10003f66:	9b11      	ldr	r3, [sp, #68]	@ 0x44
10003f68:	3301      	adds	r3, #1
10003f6a:	9311      	str	r3, [sp, #68]	@ 0x44
10003f6c:	0025      	movs	r5, r4
10003f6e:	e4f3      	b.n	10003958 <_vsnprintf+0x20>
10003f70:	4b0a      	ldr	r3, [pc, #40]	@ (10003f9c <_vsnprintf+0x664>)
10003f72:	469a      	mov	sl, r3
10003f74:	e4ee      	b.n	10003954 <_vsnprintf+0x1c>
10003f76:	46b2      	mov	sl, r6
10003f78:	455d      	cmp	r5, fp
10003f7a:	d30d      	bcc.n	10003f98 <_vsnprintf+0x660>
10003f7c:	465b      	mov	r3, fp
10003f7e:	1e5a      	subs	r2, r3, #1
10003f80:	465b      	mov	r3, fp
10003f82:	4641      	mov	r1, r8
10003f84:	2000      	movs	r0, #0
10003f86:	47d0      	blx	sl
10003f88:	0028      	movs	r0, r5
10003f8a:	b013      	add	sp, #76	@ 0x4c
10003f8c:	bcf0      	pop	{r4, r5, r6, r7}
10003f8e:	46bb      	mov	fp, r7
10003f90:	46b2      	mov	sl, r6
10003f92:	46a9      	mov	r9, r5
10003f94:	46a0      	mov	r8, r4
10003f96:	bdf0      	pop	{r4, r5, r6, r7, pc}
10003f98:	002a      	movs	r2, r5
10003f9a:	e7f1      	b.n	10003f80 <_vsnprintf+0x648>
10003f9c:	10002e09 	.word	0x10002e09

10003fa0 <vfctprintf>:
10003fa0:	b500      	push	{lr}
10003fa2:	b085      	sub	sp, #20
10003fa4:	9002      	str	r0, [sp, #8]
10003fa6:	9103      	str	r1, [sp, #12]
10003fa8:	2101      	movs	r1, #1
10003faa:	4804      	ldr	r0, [pc, #16]	@ (10003fbc <vfctprintf+0x1c>)
10003fac:	9300      	str	r3, [sp, #0]
10003fae:	0013      	movs	r3, r2
10003fb0:	424a      	negs	r2, r1
10003fb2:	a902      	add	r1, sp, #8
10003fb4:	f7ff fcc0 	bl	10003938 <_vsnprintf>
10003fb8:	b005      	add	sp, #20
10003fba:	bd00      	pop	{pc}
10003fbc:	10002e0b 	.word	0x10002e0b

10003fc0 <_exit>:
10003fc0:	be00      	bkpt	0x0000
10003fc2:	e7fd      	b.n	10003fc0 <_exit>

10003fc4 <_sbrk>:
10003fc4:	0003      	movs	r3, r0
10003fc6:	4a0a      	ldr	r2, [pc, #40]	@ (10003ff0 <_sbrk+0x2c>)
10003fc8:	6812      	ldr	r2, [r2, #0]
10003fca:	2a00      	cmp	r2, #0
10003fcc:	d008      	beq.n	10003fe0 <_sbrk+0x1c>
10003fce:	4a08      	ldr	r2, [pc, #32]	@ (10003ff0 <_sbrk+0x2c>)
10003fd0:	6810      	ldr	r0, [r2, #0]
10003fd2:	18c3      	adds	r3, r0, r3
10003fd4:	4a07      	ldr	r2, [pc, #28]	@ (10003ff4 <_sbrk+0x30>)
10003fd6:	429a      	cmp	r2, r3
10003fd8:	d306      	bcc.n	10003fe8 <_sbrk+0x24>
10003fda:	4a05      	ldr	r2, [pc, #20]	@ (10003ff0 <_sbrk+0x2c>)
10003fdc:	6013      	str	r3, [r2, #0]
10003fde:	4770      	bx	lr
10003fe0:	4a03      	ldr	r2, [pc, #12]	@ (10003ff0 <_sbrk+0x2c>)
10003fe2:	4905      	ldr	r1, [pc, #20]	@ (10003ff8 <_sbrk+0x34>)
10003fe4:	6011      	str	r1, [r2, #0]
10003fe6:	e7f2      	b.n	10003fce <_sbrk+0xa>
10003fe8:	2001      	movs	r0, #1
10003fea:	4240      	negs	r0, r0
10003fec:	e7f7      	b.n	10003fde <_sbrk+0x1a>
10003fee:	46c0      	nop			@ (mov r8, r8)
10003ff0:	20001f2c 	.word	0x20001f2c
10003ff4:	20040000 	.word	0x20040000
10003ff8:	200025b4 	.word	0x200025b4

10003ffc <exit>:
10003ffc:	b510      	push	{r4, lr}
10003ffe:	f7ff ffdf 	bl	10003fc0 <_exit>
	...

10004004 <__assert_func>:
10004004:	b530      	push	{r4, r5, lr}
10004006:	b083      	sub	sp, #12
10004008:	000d      	movs	r5, r1
1000400a:	0019      	movs	r1, r3
1000400c:	2a00      	cmp	r2, #0
1000400e:	d00b      	beq.n	10004028 <__assert_func+0x24>
10004010:	4b07      	ldr	r3, [pc, #28]	@ (10004030 <__assert_func+0x2c>)
10004012:	4c08      	ldr	r4, [pc, #32]	@ (10004034 <__assert_func+0x30>)
10004014:	9201      	str	r2, [sp, #4]
10004016:	9300      	str	r3, [sp, #0]
10004018:	002b      	movs	r3, r5
1000401a:	0002      	movs	r2, r0
1000401c:	0020      	movs	r0, r4
1000401e:	f000 f961 	bl	100042e4 <__wrap_printf>
10004022:	2001      	movs	r0, #1
10004024:	f7ff ffcc 	bl	10003fc0 <_exit>
10004028:	4b03      	ldr	r3, [pc, #12]	@ (10004038 <__assert_func+0x34>)
1000402a:	001a      	movs	r2, r3
1000402c:	e7f1      	b.n	10004012 <__assert_func+0xe>
1000402e:	46c0      	nop			@ (mov r8, r8)
10004030:	10008930 	.word	0x10008930
10004034:	10008940 	.word	0x10008940
10004038:	1000893c 	.word	0x1000893c

1000403c <runtime_init>:
1000403c:	b510      	push	{r4, lr}
1000403e:	f3ef 8305 	mrs	r3, IPSR
10004042:	2b00      	cmp	r3, #0
10004044:	d000      	beq.n	10004048 <runtime_init+0xc>
10004046:	be00      	bkpt	0x0000
10004048:	f7fe f9b2 	bl	100023b0 <runtime_run_initializers>
1000404c:	4c03      	ldr	r4, [pc, #12]	@ (1000405c <runtime_init+0x20>)
1000404e:	e001      	b.n	10004054 <runtime_init+0x18>
10004050:	cc08      	ldmia	r4!, {r3}
10004052:	4798      	blx	r3
10004054:	4b02      	ldr	r3, [pc, #8]	@ (10004060 <runtime_init+0x24>)
10004056:	429c      	cmp	r4, r3
10004058:	d3fa      	bcc.n	10004050 <runtime_init+0x14>
1000405a:	bd10      	pop	{r4, pc}
1000405c:	1000809c 	.word	0x1000809c
10004060:	100080a8 	.word	0x100080a8

10004064 <stdio_out_chars_no_crlf>:
10004064:	b510      	push	{r4, lr}
10004066:	0003      	movs	r3, r0
10004068:	0008      	movs	r0, r1
1000406a:	0011      	movs	r1, r2
1000406c:	681b      	ldr	r3, [r3, #0]
1000406e:	4798      	blx	r3
10004070:	bd10      	pop	{r4, pc}
	...

10004074 <stdio_out_chars_crlf>:
10004074:	b5f8      	push	{r3, r4, r5, r6, r7, lr}
10004076:	0007      	movs	r7, r0
10004078:	000d      	movs	r5, r1
1000407a:	0016      	movs	r6, r2
1000407c:	7d43      	ldrb	r3, [r0, #21]
1000407e:	2b00      	cmp	r3, #0
10004080:	d002      	beq.n	10004088 <stdio_out_chars_crlf+0x14>
10004082:	2400      	movs	r4, #0
10004084:	2000      	movs	r0, #0
10004086:	e00c      	b.n	100040a2 <stdio_out_chars_crlf+0x2e>
10004088:	6803      	ldr	r3, [r0, #0]
1000408a:	0011      	movs	r1, r2
1000408c:	0028      	movs	r0, r5
1000408e:	4798      	blx	r3
10004090:	e02d      	b.n	100040ee <stdio_out_chars_crlf+0x7a>
10004092:	7d3b      	ldrb	r3, [r7, #20]
10004094:	e010      	b.n	100040b8 <stdio_out_chars_crlf+0x44>
10004096:	683b      	ldr	r3, [r7, #0]
10004098:	4815      	ldr	r0, [pc, #84]	@ (100040f0 <stdio_out_chars_crlf+0x7c>)
1000409a:	2102      	movs	r1, #2
1000409c:	4798      	blx	r3
1000409e:	1c60      	adds	r0, r4, #1
100040a0:	3401      	adds	r4, #1
100040a2:	42b4      	cmp	r4, r6
100040a4:	da14      	bge.n	100040d0 <stdio_out_chars_crlf+0x5c>
100040a6:	2c00      	cmp	r4, #0
100040a8:	ddf3      	ble.n	10004092 <stdio_out_chars_crlf+0x1e>
100040aa:	192b      	adds	r3, r5, r4
100040ac:	3b01      	subs	r3, #1
100040ae:	781b      	ldrb	r3, [r3, #0]
100040b0:	3b0d      	subs	r3, #13
100040b2:	425a      	negs	r2, r3
100040b4:	4153      	adcs	r3, r2
100040b6:	b2db      	uxtb	r3, r3
100040b8:	5d2a      	ldrb	r2, [r5, r4]
100040ba:	2a0a      	cmp	r2, #10
100040bc:	d1f0      	bne.n	100040a0 <stdio_out_chars_crlf+0x2c>
100040be:	2b00      	cmp	r3, #0
100040c0:	d1ee      	bne.n	100040a0 <stdio_out_chars_crlf+0x2c>
100040c2:	42a0      	cmp	r0, r4
100040c4:	dae7      	bge.n	10004096 <stdio_out_chars_crlf+0x22>
100040c6:	683b      	ldr	r3, [r7, #0]
100040c8:	1a21      	subs	r1, r4, r0
100040ca:	1828      	adds	r0, r5, r0
100040cc:	4798      	blx	r3
100040ce:	e7e2      	b.n	10004096 <stdio_out_chars_crlf+0x22>
100040d0:	42b0      	cmp	r0, r6
100040d2:	da03      	bge.n	100040dc <stdio_out_chars_crlf+0x68>
100040d4:	683b      	ldr	r3, [r7, #0]
100040d6:	1a31      	subs	r1, r6, r0
100040d8:	1828      	adds	r0, r5, r0
100040da:	4798      	blx	r3
100040dc:	2e00      	cmp	r6, #0
100040de:	dd06      	ble.n	100040ee <stdio_out_chars_crlf+0x7a>
100040e0:	19ad      	adds	r5, r5, r6
100040e2:	3d01      	subs	r5, #1
100040e4:	782b      	ldrb	r3, [r5, #0]
100040e6:	3b0d      	subs	r3, #13
100040e8:	425a      	negs	r2, r3
100040ea:	4153      	adcs	r3, r2
100040ec:	753b      	strb	r3, [r7, #20]
100040ee:	bdf8      	pop	{r3, r4, r5, r6, r7, pc}
100040f0:	10009228 	.word	0x10009228

100040f4 <stdio_stack_buffer_flush>:
100040f4:	b570      	push	{r4, r5, r6, lr}
100040f6:	0005      	movs	r5, r0
100040f8:	6803      	ldr	r3, [r0, #0]
100040fa:	2b00      	cmp	r3, #0
100040fc:	d016      	beq.n	1000412c <stdio_stack_buffer_flush+0x38>
100040fe:	4b0c      	ldr	r3, [pc, #48]	@ (10004130 <stdio_stack_buffer_flush+0x3c>)
10004100:	681c      	ldr	r4, [r3, #0]
10004102:	e005      	b.n	10004110 <stdio_stack_buffer_flush+0x1c>
10004104:	0029      	movs	r1, r5
10004106:	c904      	ldmia	r1!, {r2}
10004108:	0020      	movs	r0, r4
1000410a:	f7ff ffb3 	bl	10004074 <stdio_out_chars_crlf>
1000410e:	6924      	ldr	r4, [r4, #16]
10004110:	2c00      	cmp	r4, #0
10004112:	d009      	beq.n	10004128 <stdio_stack_buffer_flush+0x34>
10004114:	6823      	ldr	r3, [r4, #0]
10004116:	2b00      	cmp	r3, #0
10004118:	d0f9      	beq.n	1000410e <stdio_stack_buffer_flush+0x1a>
1000411a:	4b06      	ldr	r3, [pc, #24]	@ (10004134 <stdio_stack_buffer_flush+0x40>)
1000411c:	681b      	ldr	r3, [r3, #0]
1000411e:	2b00      	cmp	r3, #0
10004120:	d0f0      	beq.n	10004104 <stdio_stack_buffer_flush+0x10>
10004122:	42a3      	cmp	r3, r4
10004124:	d1f3      	bne.n	1000410e <stdio_stack_buffer_flush+0x1a>
10004126:	e7ed      	b.n	10004104 <stdio_stack_buffer_flush+0x10>
10004128:	2300      	movs	r3, #0
1000412a:	602b      	str	r3, [r5, #0]
1000412c:	bd70      	pop	{r4, r5, r6, pc}
1000412e:	46c0      	nop			@ (mov r8, r8)
10004130:	20001f20 	.word	0x20001f20
10004134:	20001f28 	.word	0x20001f28

10004138 <stdio_buffered_printer>:
10004138:	b570      	push	{r4, r5, r6, lr}
1000413a:	0005      	movs	r5, r0
1000413c:	000c      	movs	r4, r1
1000413e:	680b      	ldr	r3, [r1, #0]
10004140:	2b80      	cmp	r3, #128	@ 0x80
10004142:	d005      	beq.n	10004150 <stdio_buffered_printer+0x18>
10004144:	6823      	ldr	r3, [r4, #0]
10004146:	1c5a      	adds	r2, r3, #1
10004148:	6022      	str	r2, [r4, #0]
1000414a:	18e4      	adds	r4, r4, r3
1000414c:	7125      	strb	r5, [r4, #4]
1000414e:	bd70      	pop	{r4, r5, r6, pc}
10004150:	0008      	movs	r0, r1
10004152:	f7ff ffcf 	bl	100040f4 <stdio_stack_buffer_flush>
10004156:	e7f5      	b.n	10004144 <stdio_buffered_printer+0xc>

10004158 <stdout_serialize_begin>:
10004158:	b510      	push	{r4, lr}
1000415a:	f7fd fe63 	bl	10001e24 <time_us_64>
1000415e:	4a07      	ldr	r2, [pc, #28]	@ (1000417c <stdout_serialize_begin+0x24>)
10004160:	2300      	movs	r3, #0
10004162:	1812      	adds	r2, r2, r0
10004164:	414b      	adcs	r3, r1
10004166:	2b00      	cmp	r3, #0
10004168:	db03      	blt.n	10004172 <stdout_serialize_begin+0x1a>
1000416a:	4805      	ldr	r0, [pc, #20]	@ (10004180 <stdout_serialize_begin+0x28>)
1000416c:	f003 ff50 	bl	10008010 <__mutex_try_enter_block_until_veneer>
10004170:	bd10      	pop	{r4, pc}
10004172:	2201      	movs	r2, #1
10004174:	4252      	negs	r2, r2
10004176:	4b03      	ldr	r3, [pc, #12]	@ (10004184 <stdout_serialize_begin+0x2c>)
10004178:	e7f7      	b.n	1000416a <stdout_serialize_begin+0x12>
1000417a:	46c0      	nop			@ (mov r8, r8)
1000417c:	000f4240 	.word	0x000f4240
10004180:	200011e8 	.word	0x200011e8
10004184:	7fffffff 	.word	0x7fffffff

10004188 <stdout_serialize_end>:
10004188:	b510      	push	{r4, lr}
1000418a:	4802      	ldr	r0, [pc, #8]	@ (10004194 <stdout_serialize_end+0xc>)
1000418c:	f003 ff08 	bl	10007fa0 <__mutex_exit_veneer>
10004190:	bd10      	pop	{r4, pc}
10004192:	46c0      	nop			@ (mov r8, r8)
10004194:	200011e8 	.word	0x200011e8

10004198 <stdio_put_string>:
10004198:	b5f0      	push	{r4, r5, r6, r7, lr}
1000419a:	46ce      	mov	lr, r9
1000419c:	4647      	mov	r7, r8
1000419e:	b580      	push	{r7, lr}
100041a0:	b083      	sub	sp, #12
100041a2:	0006      	movs	r6, r0
100041a4:	000d      	movs	r5, r1
100041a6:	4690      	mov	r8, r2
100041a8:	001c      	movs	r4, r3
100041aa:	f7ff ffd5 	bl	10004158 <stdout_serialize_begin>
100041ae:	4681      	mov	r9, r0
100041b0:	1c6b      	adds	r3, r5, #1
100041b2:	d005      	beq.n	100041c0 <stdio_put_string+0x28>
100041b4:	2c00      	cmp	r4, #0
100041b6:	d008      	beq.n	100041ca <stdio_put_string+0x32>
100041b8:	4f18      	ldr	r7, [pc, #96]	@ (1000421c <stdio_put_string+0x84>)
100041ba:	4b19      	ldr	r3, [pc, #100]	@ (10004220 <stdio_put_string+0x88>)
100041bc:	681c      	ldr	r4, [r3, #0]
100041be:	e007      	b.n	100041d0 <stdio_put_string+0x38>
100041c0:	0030      	movs	r0, r6
100041c2:	f003 fe3f 	bl	10007e44 <strlen>
100041c6:	0005      	movs	r5, r0
100041c8:	e7f4      	b.n	100041b4 <stdio_put_string+0x1c>
100041ca:	4f16      	ldr	r7, [pc, #88]	@ (10004224 <stdio_put_string+0x8c>)
100041cc:	e7f5      	b.n	100041ba <stdio_put_string+0x22>
100041ce:	6924      	ldr	r4, [r4, #16]
100041d0:	2c00      	cmp	r4, #0
100041d2:	d017      	beq.n	10004204 <stdio_put_string+0x6c>
100041d4:	6823      	ldr	r3, [r4, #0]
100041d6:	2b00      	cmp	r3, #0
100041d8:	d0f9      	beq.n	100041ce <stdio_put_string+0x36>
100041da:	4b13      	ldr	r3, [pc, #76]	@ (10004228 <stdio_put_string+0x90>)
100041dc:	681b      	ldr	r3, [r3, #0]
100041de:	2b00      	cmp	r3, #0
100041e0:	d001      	beq.n	100041e6 <stdio_put_string+0x4e>
100041e2:	42a3      	cmp	r3, r4
100041e4:	d1f3      	bne.n	100041ce <stdio_put_string+0x36>
100041e6:	002a      	movs	r2, r5
100041e8:	0031      	movs	r1, r6
100041ea:	0020      	movs	r0, r4
100041ec:	47b8      	blx	r7
100041ee:	4643      	mov	r3, r8
100041f0:	2b00      	cmp	r3, #0
100041f2:	d0ec      	beq.n	100041ce <stdio_put_string+0x36>
100041f4:	466b      	mov	r3, sp
100041f6:	1dd9      	adds	r1, r3, #7
100041f8:	230a      	movs	r3, #10
100041fa:	700b      	strb	r3, [r1, #0]
100041fc:	2201      	movs	r2, #1
100041fe:	0020      	movs	r0, r4
10004200:	47b8      	blx	r7
10004202:	e7e4      	b.n	100041ce <stdio_put_string+0x36>
10004204:	464b      	mov	r3, r9
10004206:	2b00      	cmp	r3, #0
10004208:	d105      	bne.n	10004216 <stdio_put_string+0x7e>
1000420a:	0028      	movs	r0, r5
1000420c:	b003      	add	sp, #12
1000420e:	bcc0      	pop	{r6, r7}
10004210:	46b9      	mov	r9, r7
10004212:	46b0      	mov	r8, r6
10004214:	bdf0      	pop	{r4, r5, r6, r7, pc}
10004216:	f7ff ffb7 	bl	10004188 <stdout_serialize_end>
1000421a:	e7f6      	b.n	1000420a <stdio_put_string+0x72>
1000421c:	10004075 	.word	0x10004075
10004220:	20001f20 	.word	0x20001f20
10004224:	10004065 	.word	0x10004065
10004228:	20001f28 	.word	0x20001f28

1000422c <stdio_set_driver_enabled>:
1000422c:	4a09      	ldr	r2, [pc, #36]	@ (10004254 <stdio_set_driver_enabled+0x28>)
1000422e:	e001      	b.n	10004234 <stdio_set_driver_enabled+0x8>
10004230:	3310      	adds	r3, #16
10004232:	001a      	movs	r2, r3
10004234:	6813      	ldr	r3, [r2, #0]
10004236:	2b00      	cmp	r3, #0
10004238:	d008      	beq.n	1000424c <stdio_set_driver_enabled+0x20>
1000423a:	4283      	cmp	r3, r0
1000423c:	d1f8      	bne.n	10004230 <stdio_set_driver_enabled+0x4>
1000423e:	2900      	cmp	r1, #0
10004240:	d107      	bne.n	10004252 <stdio_set_driver_enabled+0x26>
10004242:	6903      	ldr	r3, [r0, #16]
10004244:	6013      	str	r3, [r2, #0]
10004246:	2300      	movs	r3, #0
10004248:	6103      	str	r3, [r0, #16]
1000424a:	e002      	b.n	10004252 <stdio_set_driver_enabled+0x26>
1000424c:	2900      	cmp	r1, #0
1000424e:	d000      	beq.n	10004252 <stdio_set_driver_enabled+0x26>
10004250:	6010      	str	r0, [r2, #0]
10004252:	4770      	bx	lr
10004254:	20001f20 	.word	0x20001f20

10004258 <stdio_flush>:
10004258:	b510      	push	{r4, lr}
1000425a:	4b06      	ldr	r3, [pc, #24]	@ (10004274 <stdio_flush+0x1c>)
1000425c:	681c      	ldr	r4, [r3, #0]
1000425e:	e001      	b.n	10004264 <stdio_flush+0xc>
10004260:	4798      	blx	r3
10004262:	6924      	ldr	r4, [r4, #16]
10004264:	2c00      	cmp	r4, #0
10004266:	d003      	beq.n	10004270 <stdio_flush+0x18>
10004268:	6863      	ldr	r3, [r4, #4]
1000426a:	2b00      	cmp	r3, #0
1000426c:	d1f8      	bne.n	10004260 <stdio_flush+0x8>
1000426e:	e7f8      	b.n	10004262 <stdio_flush+0xa>
10004270:	bd10      	pop	{r4, pc}
10004272:	46c0      	nop			@ (mov r8, r8)
10004274:	20001f20 	.word	0x20001f20

10004278 <stdio_init_all>:
10004278:	b510      	push	{r4, lr}
1000427a:	f000 f945 	bl	10004508 <stdio_uart_init>
1000427e:	f000 fae7 	bl	10004850 <stdio_usb_init>
10004282:	2001      	movs	r0, #1
10004284:	bd10      	pop	{r4, pc}

10004286 <__wrap_puts>:
10004286:	b570      	push	{r4, r5, r6, lr}
10004288:	0005      	movs	r5, r0
1000428a:	f003 fddb 	bl	10007e44 <strlen>
1000428e:	0004      	movs	r4, r0
10004290:	2301      	movs	r3, #1
10004292:	2201      	movs	r2, #1
10004294:	0001      	movs	r1, r0
10004296:	0028      	movs	r0, r5
10004298:	f7ff ff7e 	bl	10004198 <stdio_put_string>
1000429c:	f7ff ffdc 	bl	10004258 <stdio_flush>
100042a0:	0020      	movs	r0, r4
100042a2:	bd70      	pop	{r4, r5, r6, pc}

100042a4 <__wrap_vprintf>:
100042a4:	b570      	push	{r4, r5, r6, lr}
100042a6:	b0a2      	sub	sp, #136	@ 0x88
100042a8:	0004      	movs	r4, r0
100042aa:	000e      	movs	r6, r1
100042ac:	f7ff ff54 	bl	10004158 <stdout_serialize_begin>
100042b0:	0005      	movs	r5, r0
100042b2:	2300      	movs	r3, #0
100042b4:	9301      	str	r3, [sp, #4]
100042b6:	480a      	ldr	r0, [pc, #40]	@ (100042e0 <__wrap_vprintf+0x3c>)
100042b8:	0033      	movs	r3, r6
100042ba:	0022      	movs	r2, r4
100042bc:	a901      	add	r1, sp, #4
100042be:	f7ff fe6f 	bl	10003fa0 <vfctprintf>
100042c2:	0004      	movs	r4, r0
100042c4:	a801      	add	r0, sp, #4
100042c6:	f7ff ff15 	bl	100040f4 <stdio_stack_buffer_flush>
100042ca:	f7ff ffc5 	bl	10004258 <stdio_flush>
100042ce:	2d00      	cmp	r5, #0
100042d0:	d102      	bne.n	100042d8 <__wrap_vprintf+0x34>
100042d2:	0020      	movs	r0, r4
100042d4:	b022      	add	sp, #136	@ 0x88
100042d6:	bd70      	pop	{r4, r5, r6, pc}
100042d8:	f7ff ff56 	bl	10004188 <stdout_serialize_end>
100042dc:	e7f9      	b.n	100042d2 <__wrap_vprintf+0x2e>
100042de:	46c0      	nop			@ (mov r8, r8)
100042e0:	10004139 	.word	0x10004139

100042e4 <__wrap_printf>:
100042e4:	b40f      	push	{r0, r1, r2, r3}
100042e6:	b500      	push	{lr}
100042e8:	b083      	sub	sp, #12
100042ea:	a904      	add	r1, sp, #16
100042ec:	c901      	ldmia	r1!, {r0}
100042ee:	9101      	str	r1, [sp, #4]
100042f0:	f7ff ffd8 	bl	100042a4 <__wrap_vprintf>
100042f4:	b003      	add	sp, #12
100042f6:	bc08      	pop	{r3}
100042f8:	b004      	add	sp, #16
100042fa:	4718      	bx	r3

100042fc <uart_putc>:
100042fc:	b510      	push	{r4, lr}
100042fe:	b082      	sub	sp, #8
10004300:	000c      	movs	r4, r1
10004302:	4b14      	ldr	r3, [pc, #80]	@ (10004354 <uart_putc+0x58>)
10004304:	18c3      	adds	r3, r0, r3
10004306:	425a      	negs	r2, r3
10004308:	4153      	adcs	r3, r2
1000430a:	4a13      	ldr	r2, [pc, #76]	@ (10004358 <uart_putc+0x5c>)
1000430c:	005b      	lsls	r3, r3, #1
1000430e:	5e9b      	ldrsh	r3, [r3, r2]
10004310:	428b      	cmp	r3, r1
10004312:	d004      	beq.n	1000431e <uart_putc+0x22>
10004314:	466b      	mov	r3, sp
10004316:	1dda      	adds	r2, r3, #7
10004318:	7014      	strb	r4, [r2, #0]
1000431a:	2100      	movs	r1, #0
1000431c:	e015      	b.n	1000434a <uart_putc+0x4e>
1000431e:	466b      	mov	r3, sp
10004320:	1dda      	adds	r2, r3, #7
10004322:	230d      	movs	r3, #13
10004324:	7013      	strb	r3, [r2, #0]
10004326:	2100      	movs	r1, #0
10004328:	2900      	cmp	r1, #0
1000432a:	d1f3      	bne.n	10004314 <uart_putc+0x18>
1000432c:	6983      	ldr	r3, [r0, #24]
1000432e:	069b      	lsls	r3, r3, #26
10004330:	d4fc      	bmi.n	1000432c <uart_putc+0x30>
10004332:	7813      	ldrb	r3, [r2, #0]
10004334:	6003      	str	r3, [r0, #0]
10004336:	3101      	adds	r1, #1
10004338:	3201      	adds	r2, #1
1000433a:	e7f5      	b.n	10004328 <uart_putc+0x2c>
1000433c:	6983      	ldr	r3, [r0, #24]
1000433e:	069b      	lsls	r3, r3, #26
10004340:	d4fc      	bmi.n	1000433c <uart_putc+0x40>
10004342:	7813      	ldrb	r3, [r2, #0]
10004344:	6003      	str	r3, [r0, #0]
10004346:	3101      	adds	r1, #1
10004348:	3201      	adds	r2, #1
1000434a:	2900      	cmp	r1, #0
1000434c:	d0f6      	beq.n	1000433c <uart_putc+0x40>
1000434e:	b002      	add	sp, #8
10004350:	bd10      	pop	{r4, pc}
10004352:	46c0      	nop			@ (mov r8, r8)
10004354:	bffc8000 	.word	0xbffc8000
10004358:	20002590 	.word	0x20002590

1000435c <uart_getc>:
1000435c:	b082      	sub	sp, #8
1000435e:	2200      	movs	r2, #0
10004360:	466b      	mov	r3, sp
10004362:	1dd9      	adds	r1, r3, #7
10004364:	e006      	b.n	10004374 <uart_getc+0x18>
10004366:	6983      	ldr	r3, [r0, #24]
10004368:	06db      	lsls	r3, r3, #27
1000436a:	d4fc      	bmi.n	10004366 <uart_getc+0xa>
1000436c:	6803      	ldr	r3, [r0, #0]
1000436e:	700b      	strb	r3, [r1, #0]
10004370:	3201      	adds	r2, #1
10004372:	3101      	adds	r1, #1
10004374:	2a00      	cmp	r2, #0
10004376:	d0f6      	beq.n	10004366 <uart_getc+0xa>
10004378:	466b      	mov	r3, sp
1000437a:	79d8      	ldrb	r0, [r3, #7]
1000437c:	b002      	add	sp, #8
1000437e:	4770      	bx	lr

10004380 <stdio_uart_out_chars>:
10004380:	b570      	push	{r4, r5, r6, lr}
10004382:	0006      	movs	r6, r0
10004384:	000d      	movs	r5, r1
10004386:	2400      	movs	r4, #0
10004388:	e005      	b.n	10004396 <stdio_uart_out_chars+0x16>
1000438a:	5d31      	ldrb	r1, [r6, r4]
1000438c:	4b03      	ldr	r3, [pc, #12]	@ (1000439c <stdio_uart_out_chars+0x1c>)
1000438e:	6818      	ldr	r0, [r3, #0]
10004390:	f7ff ffb4 	bl	100042fc <uart_putc>
10004394:	3401      	adds	r4, #1
10004396:	42ac      	cmp	r4, r5
10004398:	dbf7      	blt.n	1000438a <stdio_uart_out_chars+0xa>
1000439a:	bd70      	pop	{r4, r5, r6, pc}
1000439c:	20002594 	.word	0x20002594

100043a0 <stdio_uart_in_chars>:
100043a0:	b5f8      	push	{r3, r4, r5, r6, r7, lr}
100043a2:	0006      	movs	r6, r0
100043a4:	000d      	movs	r5, r1
100043a6:	2700      	movs	r7, #0
100043a8:	e005      	b.n	100043b6 <stdio_uart_in_chars+0x16>
100043aa:	1c7c      	adds	r4, r7, #1
100043ac:	19f7      	adds	r7, r6, r7
100043ae:	f7ff ffd5 	bl	1000435c <uart_getc>
100043b2:	7038      	strb	r0, [r7, #0]
100043b4:	0027      	movs	r7, r4
100043b6:	42af      	cmp	r7, r5
100043b8:	da04      	bge.n	100043c4 <stdio_uart_in_chars+0x24>
100043ba:	4a0d      	ldr	r2, [pc, #52]	@ (100043f0 <stdio_uart_in_chars+0x50>)
100043bc:	6810      	ldr	r0, [r2, #0]
100043be:	6982      	ldr	r2, [r0, #24]
100043c0:	06d2      	lsls	r2, r2, #27
100043c2:	d5f2      	bpl.n	100043aa <stdio_uart_in_chars+0xa>
100043c4:	4a0b      	ldr	r2, [pc, #44]	@ (100043f4 <stdio_uart_in_chars+0x54>)
100043c6:	6812      	ldr	r2, [r2, #0]
100043c8:	2a00      	cmp	r2, #0
100043ca:	d00a      	beq.n	100043e2 <stdio_uart_in_chars+0x42>
100043cc:	4a08      	ldr	r2, [pc, #32]	@ (100043f0 <stdio_uart_in_chars+0x50>)
100043ce:	6812      	ldr	r2, [r2, #0]
100043d0:	2150      	movs	r1, #80	@ 0x50
100043d2:	6391      	str	r1, [r2, #56]	@ 0x38
100043d4:	6b50      	ldr	r0, [r2, #52]	@ 0x34
100043d6:	3918      	subs	r1, #24
100043d8:	4001      	ands	r1, r0
100043da:	4b07      	ldr	r3, [pc, #28]	@ (100043f8 <stdio_uart_in_chars+0x58>)
100043dc:	469c      	mov	ip, r3
100043de:	4462      	add	r2, ip
100043e0:	6011      	str	r1, [r2, #0]
100043e2:	2f00      	cmp	r7, #0
100043e4:	d001      	beq.n	100043ea <stdio_uart_in_chars+0x4a>
100043e6:	0038      	movs	r0, r7
100043e8:	bdf8      	pop	{r3, r4, r5, r6, r7, pc}
100043ea:	3f03      	subs	r7, #3
100043ec:	e7fb      	b.n	100043e6 <stdio_uart_in_chars+0x46>
100043ee:	46c0      	nop			@ (mov r8, r8)
100043f0:	20002594 	.word	0x20002594
100043f4:	20001eb8 	.word	0x20001eb8
100043f8:	00001034 	.word	0x00001034

100043fc <on_uart_rx>:
100043fc:	b510      	push	{r4, lr}
100043fe:	4b06      	ldr	r3, [pc, #24]	@ (10004418 <on_uart_rx+0x1c>)
10004400:	681b      	ldr	r3, [r3, #0]
10004402:	2b00      	cmp	r3, #0
10004404:	d006      	beq.n	10004414 <on_uart_rx+0x18>
10004406:	4a05      	ldr	r2, [pc, #20]	@ (1000441c <on_uart_rx+0x20>)
10004408:	6812      	ldr	r2, [r2, #0]
1000440a:	2100      	movs	r1, #0
1000440c:	6391      	str	r1, [r2, #56]	@ 0x38
1000440e:	4a04      	ldr	r2, [pc, #16]	@ (10004420 <on_uart_rx+0x24>)
10004410:	6810      	ldr	r0, [r2, #0]
10004412:	4798      	blx	r3
10004414:	bd10      	pop	{r4, pc}
10004416:	46c0      	nop			@ (mov r8, r8)
10004418:	20001eb8 	.word	0x20001eb8
1000441c:	20002594 	.word	0x20002594
10004420:	20001ec0 	.word	0x20001ec0

10004424 <stdio_uart_out_flush>:
10004424:	4b02      	ldr	r3, [pc, #8]	@ (10004430 <stdio_uart_out_flush+0xc>)
10004426:	681a      	ldr	r2, [r3, #0]
10004428:	6993      	ldr	r3, [r2, #24]
1000442a:	071b      	lsls	r3, r3, #28
1000442c:	d4fc      	bmi.n	10004428 <stdio_uart_out_flush+0x4>
1000442e:	4770      	bx	lr
10004430:	20002594 	.word	0x20002594

10004434 <stdio_uart_set_chars_available_callback>:
10004434:	b570      	push	{r4, r5, r6, lr}
10004436:	4b1d      	ldr	r3, [pc, #116]	@ (100044ac <stdio_uart_set_chars_available_callback+0x78>)
10004438:	681b      	ldr	r3, [r3, #0]
1000443a:	4a1d      	ldr	r2, [pc, #116]	@ (100044b0 <stdio_uart_set_chars_available_callback+0x7c>)
1000443c:	4293      	cmp	r3, r2
1000443e:	d007      	beq.n	10004450 <stdio_uart_set_chars_available_callback+0x1c>
10004440:	2414      	movs	r4, #20
10004442:	2800      	cmp	r0, #0
10004444:	d01e      	beq.n	10004484 <stdio_uart_set_chars_available_callback+0x50>
10004446:	4b1b      	ldr	r3, [pc, #108]	@ (100044b4 <stdio_uart_set_chars_available_callback+0x80>)
10004448:	681b      	ldr	r3, [r3, #0]
1000444a:	2b00      	cmp	r3, #0
1000444c:	d002      	beq.n	10004454 <stdio_uart_set_chars_available_callback+0x20>
1000444e:	bd70      	pop	{r4, r5, r6, pc}
10004450:	2415      	movs	r4, #21
10004452:	e7f6      	b.n	10004442 <stdio_uart_set_chars_available_callback+0xe>
10004454:	4b17      	ldr	r3, [pc, #92]	@ (100044b4 <stdio_uart_set_chars_available_callback+0x80>)
10004456:	6018      	str	r0, [r3, #0]
10004458:	4b17      	ldr	r3, [pc, #92]	@ (100044b8 <stdio_uart_set_chars_available_callback+0x84>)
1000445a:	6019      	str	r1, [r3, #0]
1000445c:	4917      	ldr	r1, [pc, #92]	@ (100044bc <stdio_uart_set_chars_available_callback+0x88>)
1000445e:	0020      	movs	r0, r4
10004460:	f7fc fdce 	bl	10001000 <irq_set_exclusive_handler>
10004464:	2101      	movs	r1, #1
10004466:	0020      	movs	r0, r4
10004468:	f7fc fd9e 	bl	10000fa8 <irq_set_enabled>
1000446c:	4b0f      	ldr	r3, [pc, #60]	@ (100044ac <stdio_uart_set_chars_available_callback+0x78>)
1000446e:	681b      	ldr	r3, [r3, #0]
10004470:	2250      	movs	r2, #80	@ 0x50
10004472:	639a      	str	r2, [r3, #56]	@ 0x38
10004474:	6b59      	ldr	r1, [r3, #52]	@ 0x34
10004476:	3a18      	subs	r2, #24
10004478:	400a      	ands	r2, r1
1000447a:	4911      	ldr	r1, [pc, #68]	@ (100044c0 <stdio_uart_set_chars_available_callback+0x8c>)
1000447c:	468c      	mov	ip, r1
1000447e:	4463      	add	r3, ip
10004480:	601a      	str	r2, [r3, #0]
10004482:	e7e4      	b.n	1000444e <stdio_uart_set_chars_available_callback+0x1a>
10004484:	4a0b      	ldr	r2, [pc, #44]	@ (100044b4 <stdio_uart_set_chars_available_callback+0x80>)
10004486:	6812      	ldr	r2, [r2, #0]
10004488:	2a00      	cmp	r2, #0
1000448a:	d0e0      	beq.n	1000444e <stdio_uart_set_chars_available_callback+0x1a>
1000448c:	2500      	movs	r5, #0
1000448e:	639d      	str	r5, [r3, #56]	@ 0x38
10004490:	2100      	movs	r1, #0
10004492:	0020      	movs	r0, r4
10004494:	f7fc fd88 	bl	10000fa8 <irq_set_enabled>
10004498:	4908      	ldr	r1, [pc, #32]	@ (100044bc <stdio_uart_set_chars_available_callback+0x88>)
1000449a:	0020      	movs	r0, r4
1000449c:	f7fc fee6 	bl	1000126c <irq_remove_handler>
100044a0:	4b04      	ldr	r3, [pc, #16]	@ (100044b4 <stdio_uart_set_chars_available_callback+0x80>)
100044a2:	601d      	str	r5, [r3, #0]
100044a4:	4b04      	ldr	r3, [pc, #16]	@ (100044b8 <stdio_uart_set_chars_available_callback+0x84>)
100044a6:	601d      	str	r5, [r3, #0]
100044a8:	e7d1      	b.n	1000444e <stdio_uart_set_chars_available_callback+0x1a>
100044aa:	46c0      	nop			@ (mov r8, r8)
100044ac:	20002594 	.word	0x20002594
100044b0:	40038000 	.word	0x40038000
100044b4:	20001eb8 	.word	0x20001eb8
100044b8:	20001ec0 	.word	0x20001ec0
100044bc:	100043fd 	.word	0x100043fd
100044c0:	00001034 	.word	0x00001034

100044c4 <stdio_uart_init_full>:
100044c4:	b570      	push	{r4, r5, r6, lr}
100044c6:	000d      	movs	r5, r1
100044c8:	001c      	movs	r4, r3
100044ca:	4b0d      	ldr	r3, [pc, #52]	@ (10004500 <stdio_uart_init_full+0x3c>)
100044cc:	6018      	str	r0, [r3, #0]
100044ce:	2a00      	cmp	r2, #0
100044d0:	da0b      	bge.n	100044ea <stdio_uart_init_full+0x26>
100044d2:	2c00      	cmp	r4, #0
100044d4:	da0e      	bge.n	100044f4 <stdio_uart_init_full+0x30>
100044d6:	4b0a      	ldr	r3, [pc, #40]	@ (10004500 <stdio_uart_init_full+0x3c>)
100044d8:	6818      	ldr	r0, [r3, #0]
100044da:	0029      	movs	r1, r5
100044dc:	f7fd fd4a 	bl	10001f74 <uart_init>
100044e0:	4808      	ldr	r0, [pc, #32]	@ (10004504 <stdio_uart_init_full+0x40>)
100044e2:	2101      	movs	r1, #1
100044e4:	f7ff fea2 	bl	1000422c <stdio_set_driver_enabled>
100044e8:	bd70      	pop	{r4, r5, r6, pc}
100044ea:	2102      	movs	r1, #2
100044ec:	0010      	movs	r0, r2
100044ee:	f7fc fabb 	bl	10000a68 <gpio_set_function>
100044f2:	e7ee      	b.n	100044d2 <stdio_uart_init_full+0xe>
100044f4:	2102      	movs	r1, #2
100044f6:	0020      	movs	r0, r4
100044f8:	f7fc fab6 	bl	10000a68 <gpio_set_function>
100044fc:	e7eb      	b.n	100044d6 <stdio_uart_init_full+0x12>
100044fe:	46c0      	nop			@ (mov r8, r8)
10004500:	20002594 	.word	0x20002594
10004504:	20000c50 	.word	0x20000c50

10004508 <stdio_uart_init>:
10004508:	b510      	push	{r4, lr}
1000450a:	4b07      	ldr	r3, [pc, #28]	@ (10004528 <stdio_uart_init+0x20>)
1000450c:	781b      	ldrb	r3, [r3, #0]
1000450e:	4b07      	ldr	r3, [pc, #28]	@ (1000452c <stdio_uart_init+0x24>)
10004510:	781b      	ldrb	r3, [r3, #0]
10004512:	4b07      	ldr	r3, [pc, #28]	@ (10004530 <stdio_uart_init+0x28>)
10004514:	781b      	ldrb	r3, [r3, #0]
10004516:	21e1      	movs	r1, #225	@ 0xe1
10004518:	2301      	movs	r3, #1
1000451a:	2200      	movs	r2, #0
1000451c:	0249      	lsls	r1, r1, #9
1000451e:	4805      	ldr	r0, [pc, #20]	@ (10004534 <stdio_uart_init+0x2c>)
10004520:	f7ff ffd0 	bl	100044c4 <stdio_uart_init_full>
10004524:	bd10      	pop	{r4, pc}
10004526:	46c0      	nop			@ (mov r8, r8)
10004528:	10009734 	.word	0x10009734
1000452c:	10009730 	.word	0x10009730
10004530:	1000972c 	.word	0x1000972c
10004534:	40034000 	.word	0x40034000

10004538 <resetd_init>:
10004538:	4770      	bx	lr
	...

1000453c <resetd_reset>:
1000453c:	4b01      	ldr	r3, [pc, #4]	@ (10004544 <resetd_reset+0x8>)
1000453e:	2200      	movs	r2, #0
10004540:	701a      	strb	r2, [r3, #0]
10004542:	4770      	bx	lr
10004544:	200025af 	.word	0x200025af

10004548 <resetd_open>:
10004548:	794b      	ldrb	r3, [r1, #5]
1000454a:	2bff      	cmp	r3, #255	@ 0xff
1000454c:	d10c      	bne.n	10004568 <resetd_open+0x20>
1000454e:	798b      	ldrb	r3, [r1, #6]
10004550:	2b00      	cmp	r3, #0
10004552:	d10b      	bne.n	1000456c <resetd_open+0x24>
10004554:	79cb      	ldrb	r3, [r1, #7]
10004556:	2b01      	cmp	r3, #1
10004558:	d10a      	bne.n	10004570 <resetd_open+0x28>
1000455a:	2a08      	cmp	r2, #8
1000455c:	d90a      	bls.n	10004574 <resetd_open+0x2c>
1000455e:	788a      	ldrb	r2, [r1, #2]
10004560:	4b05      	ldr	r3, [pc, #20]	@ (10004578 <resetd_open+0x30>)
10004562:	701a      	strb	r2, [r3, #0]
10004564:	2009      	movs	r0, #9
10004566:	e000      	b.n	1000456a <resetd_open+0x22>
10004568:	2000      	movs	r0, #0
1000456a:	4770      	bx	lr
1000456c:	2000      	movs	r0, #0
1000456e:	e7fc      	b.n	1000456a <resetd_open+0x22>
10004570:	2000      	movs	r0, #0
10004572:	e7fa      	b.n	1000456a <resetd_open+0x22>
10004574:	2000      	movs	r0, #0
10004576:	e7f8      	b.n	1000456a <resetd_open+0x22>
10004578:	200025af 	.word	0x200025af

1000457c <resetd_xfer_cb>:
1000457c:	2001      	movs	r0, #1
1000457e:	4770      	bx	lr

10004580 <resetd_control_xfer_cb>:
10004580:	b510      	push	{r4, lr}
10004582:	2901      	cmp	r1, #1
10004584:	d128      	bne.n	100045d8 <resetd_control_xfer_cb+0x58>
10004586:	7911      	ldrb	r1, [r2, #4]
10004588:	7953      	ldrb	r3, [r2, #5]
1000458a:	021b      	lsls	r3, r3, #8
1000458c:	430b      	orrs	r3, r1
1000458e:	4913      	ldr	r1, [pc, #76]	@ (100045dc <resetd_control_xfer_cb+0x5c>)
10004590:	7809      	ldrb	r1, [r1, #0]
10004592:	428b      	cmp	r3, r1
10004594:	d001      	beq.n	1000459a <resetd_control_xfer_cb+0x1a>
10004596:	2000      	movs	r0, #0
10004598:	e01f      	b.n	100045da <resetd_control_xfer_cb+0x5a>
1000459a:	7853      	ldrb	r3, [r2, #1]
1000459c:	2b01      	cmp	r3, #1
1000459e:	d003      	beq.n	100045a8 <resetd_control_xfer_cb+0x28>
100045a0:	2b02      	cmp	r3, #2
100045a2:	d012      	beq.n	100045ca <resetd_control_xfer_cb+0x4a>
100045a4:	2000      	movs	r0, #0
100045a6:	e018      	b.n	100045da <resetd_control_xfer_cb+0x5a>
100045a8:	7891      	ldrb	r1, [r2, #2]
100045aa:	78d3      	ldrb	r3, [r2, #3]
100045ac:	021b      	lsls	r3, r3, #8
100045ae:	4319      	orrs	r1, r3
100045b0:	05db      	lsls	r3, r3, #23
100045b2:	d507      	bpl.n	100045c4 <resetd_control_xfer_cb+0x44>
100045b4:	0a48      	lsrs	r0, r1, #9
100045b6:	0a4a      	lsrs	r2, r1, #9
100045b8:	2301      	movs	r3, #1
100045ba:	401a      	ands	r2, r3
100045bc:	337e      	adds	r3, #126	@ 0x7e
100045be:	4019      	ands	r1, r3
100045c0:	f7fd fec2 	bl	10002348 <rom_reset_usb_boot_extra>
100045c4:	2001      	movs	r0, #1
100045c6:	4240      	negs	r0, r0
100045c8:	e7f5      	b.n	100045b6 <resetd_control_xfer_cb+0x36>
100045ca:	2264      	movs	r2, #100	@ 0x64
100045cc:	2100      	movs	r1, #0
100045ce:	2000      	movs	r0, #0
100045d0:	f7fd fe62 	bl	10002298 <watchdog_reboot>
100045d4:	2001      	movs	r0, #1
100045d6:	e000      	b.n	100045da <resetd_control_xfer_cb+0x5a>
100045d8:	2001      	movs	r0, #1
100045da:	bd10      	pop	{r4, pc}
100045dc:	200025af 	.word	0x200025af

100045e0 <tud_descriptor_bos_cb>:
100045e0:	4800      	ldr	r0, [pc, #0]	@ (100045e4 <tud_descriptor_bos_cb+0x4>)
100045e2:	4770      	bx	lr
100045e4:	10009310 	.word	0x10009310

100045e8 <tud_vendor_control_xfer_cb>:
100045e8:	b510      	push	{r4, lr}
100045ea:	0014      	movs	r4, r2
100045ec:	2901      	cmp	r1, #1
100045ee:	d110      	bne.n	10004612 <tud_vendor_control_xfer_cb+0x2a>
100045f0:	7853      	ldrb	r3, [r2, #1]
100045f2:	2b01      	cmp	r3, #1
100045f4:	d10f      	bne.n	10004616 <tud_vendor_control_xfer_cb+0x2e>
100045f6:	7912      	ldrb	r2, [r2, #4]
100045f8:	7963      	ldrb	r3, [r4, #5]
100045fa:	021b      	lsls	r3, r3, #8
100045fc:	4313      	orrs	r3, r2
100045fe:	2b07      	cmp	r3, #7
10004600:	d001      	beq.n	10004606 <tud_vendor_control_xfer_cb+0x1e>
10004602:	2000      	movs	r0, #0
10004604:	e006      	b.n	10004614 <tud_vendor_control_xfer_cb+0x2c>
10004606:	4a05      	ldr	r2, [pc, #20]	@ (1000461c <tud_vendor_control_xfer_cb+0x34>)
10004608:	339f      	adds	r3, #159	@ 0x9f
1000460a:	0021      	movs	r1, r4
1000460c:	f001 fb46 	bl	10005c9c <tud_control_xfer>
10004610:	e000      	b.n	10004614 <tud_vendor_control_xfer_cb+0x2c>
10004612:	2001      	movs	r0, #1
10004614:	bd10      	pop	{r4, pc}
10004616:	2000      	movs	r0, #0
10004618:	e7fc      	b.n	10004614 <tud_vendor_control_xfer_cb+0x2c>
1000461a:	46c0      	nop			@ (mov r8, r8)
1000461c:	10009268 	.word	0x10009268

10004620 <usbd_app_driver_get_cb>:
10004620:	2301      	movs	r3, #1
10004622:	7003      	strb	r3, [r0, #0]
10004624:	4800      	ldr	r0, [pc, #0]	@ (10004628 <usbd_app_driver_get_cb+0x8>)
10004626:	4770      	bx	lr
10004628:	10009248 	.word	0x10009248

1000462c <tud_cdc_line_coding_cb>:
1000462c:	b510      	push	{r4, lr}
1000462e:	780a      	ldrb	r2, [r1, #0]
10004630:	784b      	ldrb	r3, [r1, #1]
10004632:	021b      	lsls	r3, r3, #8
10004634:	4313      	orrs	r3, r2
10004636:	788a      	ldrb	r2, [r1, #2]
10004638:	0412      	lsls	r2, r2, #16
1000463a:	431a      	orrs	r2, r3
1000463c:	78cb      	ldrb	r3, [r1, #3]
1000463e:	061b      	lsls	r3, r3, #24
10004640:	4313      	orrs	r3, r2
10004642:	2296      	movs	r2, #150	@ 0x96
10004644:	00d2      	lsls	r2, r2, #3
10004646:	4293      	cmp	r3, r2
10004648:	d000      	beq.n	1000464c <tud_cdc_line_coding_cb+0x20>
1000464a:	bd10      	pop	{r4, pc}
1000464c:	2001      	movs	r0, #1
1000464e:	2200      	movs	r2, #0
10004650:	0011      	movs	r1, r2
10004652:	4240      	negs	r0, r0
10004654:	f7fd fe78 	bl	10002348 <rom_reset_usb_boot_extra>

10004658 <stdio_usb_set_chars_available_callback>:
10004658:	4b02      	ldr	r3, [pc, #8]	@ (10004664 <stdio_usb_set_chars_available_callback+0xc>)
1000465a:	6018      	str	r0, [r3, #0]
1000465c:	4b02      	ldr	r3, [pc, #8]	@ (10004668 <stdio_usb_set_chars_available_callback+0x10>)
1000465e:	6019      	str	r1, [r3, #0]
10004660:	4770      	bx	lr
10004662:	46c0      	nop			@ (mov r8, r8)
10004664:	20001ebc 	.word	0x20001ebc
10004668:	20001ec4 	.word	0x20001ec4

1000466c <stdio_usb_out_flush>:
1000466c:	b510      	push	{r4, lr}
1000466e:	f7fd fbd9 	bl	10001e24 <time_us_64>
10004672:	4a0e      	ldr	r2, [pc, #56]	@ (100046ac <stdio_usb_out_flush+0x40>)
10004674:	2300      	movs	r3, #0
10004676:	1812      	adds	r2, r2, r0
10004678:	414b      	adcs	r3, r1
1000467a:	2b00      	cmp	r3, #0
1000467c:	db12      	blt.n	100046a4 <stdio_usb_out_flush+0x38>
1000467e:	480c      	ldr	r0, [pc, #48]	@ (100046b0 <stdio_usb_out_flush+0x44>)
10004680:	f003 fcc6 	bl	10008010 <__mutex_try_enter_block_until_veneer>
10004684:	2800      	cmp	r0, #0
10004686:	d00c      	beq.n	100046a2 <stdio_usb_out_flush+0x36>
10004688:	2001      	movs	r0, #1
1000468a:	2100      	movs	r1, #0
1000468c:	4240      	negs	r0, r0
1000468e:	f001 f9cf 	bl	10005a30 <tud_task_ext>
10004692:	2000      	movs	r0, #0
10004694:	f001 fc5a 	bl	10005f4c <tud_cdc_n_write_flush>
10004698:	2800      	cmp	r0, #0
1000469a:	d1f5      	bne.n	10004688 <stdio_usb_out_flush+0x1c>
1000469c:	4804      	ldr	r0, [pc, #16]	@ (100046b0 <stdio_usb_out_flush+0x44>)
1000469e:	f003 fc7f 	bl	10007fa0 <__mutex_exit_veneer>
100046a2:	bd10      	pop	{r4, pc}
100046a4:	2201      	movs	r2, #1
100046a6:	4252      	negs	r2, r2
100046a8:	4b02      	ldr	r3, [pc, #8]	@ (100046b4 <stdio_usb_out_flush+0x48>)
100046aa:	e7e8      	b.n	1000467e <stdio_usb_out_flush+0x12>
100046ac:	000f4240 	.word	0x000f4240
100046b0:	20002588 	.word	0x20002588
100046b4:	7fffffff 	.word	0x7fffffff

100046b8 <usb_irq>:
100046b8:	b510      	push	{r4, lr}
100046ba:	4b02      	ldr	r3, [pc, #8]	@ (100046c4 <usb_irq+0xc>)
100046bc:	7818      	ldrb	r0, [r3, #0]
100046be:	f7fc fc7d 	bl	10000fbc <irq_set_pending>
100046c2:	bd10      	pop	{r4, pc}
100046c4:	200025b0 	.word	0x200025b0

100046c8 <critical_section_enter_blocking>:
100046c8:	6802      	ldr	r2, [r0, #0]
100046ca:	f3ef 8110 	mrs	r1, PRIMASK
100046ce:	b672      	cpsid	i
100046d0:	6813      	ldr	r3, [r2, #0]
100046d2:	2b00      	cmp	r3, #0
100046d4:	d0fc      	beq.n	100046d0 <critical_section_enter_blocking+0x8>
100046d6:	f3bf 8f5f 	dmb	sy
100046da:	6041      	str	r1, [r0, #4]
100046dc:	4770      	bx	lr
	...

100046e0 <timer_task>:
100046e0:	b570      	push	{r4, r5, r6, lr}
100046e2:	4b14      	ldr	r3, [pc, #80]	@ (10004734 <timer_task+0x54>)
100046e4:	681b      	ldr	r3, [r3, #0]
100046e6:	2b00      	cmp	r3, #0
100046e8:	d01a      	beq.n	10004720 <timer_task+0x40>
100046ea:	4c12      	ldr	r4, [pc, #72]	@ (10004734 <timer_task+0x54>)
100046ec:	0020      	movs	r0, r4
100046ee:	f7ff ffeb 	bl	100046c8 <critical_section_enter_blocking>
100046f2:	4b11      	ldr	r3, [pc, #68]	@ (10004738 <timer_task+0x58>)
100046f4:	2200      	movs	r2, #0
100046f6:	701a      	strb	r2, [r3, #0]
100046f8:	6821      	ldr	r1, [r4, #0]
100046fa:	6863      	ldr	r3, [r4, #4]
100046fc:	f3bf 8f5f 	dmb	sy
10004700:	600a      	str	r2, [r1, #0]
10004702:	f383 8810 	msr	PRIMASK, r3
10004706:	2400      	movs	r4, #0
10004708:	2500      	movs	r5, #0
1000470a:	4b0c      	ldr	r3, [pc, #48]	@ (1000473c <timer_task+0x5c>)
1000470c:	7818      	ldrb	r0, [r3, #0]
1000470e:	f7fc fc31 	bl	10000f74 <irq_is_enabled>
10004712:	2800      	cmp	r0, #0
10004714:	d108      	bne.n	10004728 <timer_task+0x48>
10004716:	2400      	movs	r4, #0
10004718:	2500      	movs	r5, #0
1000471a:	0020      	movs	r0, r4
1000471c:	0029      	movs	r1, r5
1000471e:	bd70      	pop	{r4, r5, r6, pc}
10004720:	24fa      	movs	r4, #250	@ 0xfa
10004722:	00a4      	lsls	r4, r4, #2
10004724:	2500      	movs	r5, #0
10004726:	e7f0      	b.n	1000470a <timer_task+0x2a>
10004728:	4b04      	ldr	r3, [pc, #16]	@ (1000473c <timer_task+0x5c>)
1000472a:	7818      	ldrb	r0, [r3, #0]
1000472c:	f7fc fc46 	bl	10000fbc <irq_set_pending>
10004730:	e7f3      	b.n	1000471a <timer_task+0x3a>
10004732:	46c0      	nop			@ (mov r8, r8)
10004734:	20002340 	.word	0x20002340
10004738:	200025b1 	.word	0x200025b1
1000473c:	200025b0 	.word	0x200025b0

10004740 <alarm_pool_add_alarm_in_us>:
10004740:	b5f0      	push	{r4, r5, r6, r7, lr}
10004742:	b085      	sub	sp, #20
10004744:	0006      	movs	r6, r0
10004746:	0014      	movs	r4, r2
10004748:	001d      	movs	r5, r3
1000474a:	ab0c      	add	r3, sp, #48	@ 0x30
1000474c:	781f      	ldrb	r7, [r3, #0]
1000474e:	f7fd fb69 	bl	10001e24 <time_us_64>
10004752:	0022      	movs	r2, r4
10004754:	002b      	movs	r3, r5
10004756:	1812      	adds	r2, r2, r0
10004758:	414b      	adcs	r3, r1
1000475a:	2b00      	cmp	r3, #0
1000475c:	db09      	blt.n	10004772 <alarm_pool_add_alarm_in_us+0x32>
1000475e:	9702      	str	r7, [sp, #8]
10004760:	990b      	ldr	r1, [sp, #44]	@ 0x2c
10004762:	9101      	str	r1, [sp, #4]
10004764:	990a      	ldr	r1, [sp, #40]	@ 0x28
10004766:	9100      	str	r1, [sp, #0]
10004768:	0030      	movs	r0, r6
1000476a:	f7fd f985 	bl	10001a78 <alarm_pool_add_alarm_at>
1000476e:	b005      	add	sp, #20
10004770:	bdf0      	pop	{r4, r5, r6, r7, pc}
10004772:	2201      	movs	r2, #1
10004774:	4252      	negs	r2, r2
10004776:	4b01      	ldr	r3, [pc, #4]	@ (1000477c <alarm_pool_add_alarm_in_us+0x3c>)
10004778:	e7f1      	b.n	1000475e <alarm_pool_add_alarm_in_us+0x1e>
1000477a:	46c0      	nop			@ (mov r8, r8)
1000477c:	7fffffff 	.word	0x7fffffff

10004780 <add_alarm_in_us>:
10004780:	b5f0      	push	{r4, r5, r6, r7, lr}
10004782:	46c6      	mov	lr, r8
10004784:	b500      	push	{lr}
10004786:	b084      	sub	sp, #16
10004788:	0005      	movs	r5, r0
1000478a:	4688      	mov	r8, r1
1000478c:	0016      	movs	r6, r2
1000478e:	001f      	movs	r7, r3
10004790:	ab0a      	add	r3, sp, #40	@ 0x28
10004792:	781c      	ldrb	r4, [r3, #0]
10004794:	f7fd f908 	bl	100019a8 <alarm_pool_get_default>
10004798:	9402      	str	r4, [sp, #8]
1000479a:	9701      	str	r7, [sp, #4]
1000479c:	9600      	str	r6, [sp, #0]
1000479e:	002a      	movs	r2, r5
100047a0:	4643      	mov	r3, r8
100047a2:	f7ff ffcd 	bl	10004740 <alarm_pool_add_alarm_in_us>
100047a6:	b004      	add	sp, #16
100047a8:	bc80      	pop	{r7}
100047aa:	46b8      	mov	r8, r7
100047ac:	bdf0      	pop	{r4, r5, r6, r7, pc}
	...

100047b0 <low_priority_worker_irq>:
100047b0:	b510      	push	{r4, lr}
100047b2:	b082      	sub	sp, #8
100047b4:	4820      	ldr	r0, [pc, #128]	@ (10004838 <low_priority_worker_irq+0x88>)
100047b6:	2100      	movs	r1, #0
100047b8:	f003 fc12 	bl	10007fe0 <__mutex_try_enter_veneer>
100047bc:	2800      	cmp	r0, #0
100047be:	d11a      	bne.n	100047f6 <low_priority_worker_irq+0x46>
100047c0:	4b1e      	ldr	r3, [pc, #120]	@ (1000483c <low_priority_worker_irq+0x8c>)
100047c2:	681b      	ldr	r3, [r3, #0]
100047c4:	2b00      	cmp	r3, #0
100047c6:	d014      	beq.n	100047f2 <low_priority_worker_irq+0x42>
100047c8:	4c1c      	ldr	r4, [pc, #112]	@ (1000483c <low_priority_worker_irq+0x8c>)
100047ca:	0020      	movs	r0, r4
100047cc:	f7ff ff7c 	bl	100046c8 <critical_section_enter_blocking>
100047d0:	4a1b      	ldr	r2, [pc, #108]	@ (10004840 <low_priority_worker_irq+0x90>)
100047d2:	7813      	ldrb	r3, [r2, #0]
100047d4:	2101      	movs	r1, #1
100047d6:	404b      	eors	r3, r1
100047d8:	b2db      	uxtb	r3, r3
100047da:	2101      	movs	r1, #1
100047dc:	7011      	strb	r1, [r2, #0]
100047de:	6821      	ldr	r1, [r4, #0]
100047e0:	6862      	ldr	r2, [r4, #4]
100047e2:	f3bf 8f5f 	dmb	sy
100047e6:	2000      	movs	r0, #0
100047e8:	6008      	str	r0, [r1, #0]
100047ea:	f382 8810 	msr	PRIMASK, r2
100047ee:	2b00      	cmp	r3, #0
100047f0:	d117      	bne.n	10004822 <low_priority_worker_irq+0x72>
100047f2:	b002      	add	sp, #8
100047f4:	bd10      	pop	{r4, pc}
100047f6:	2001      	movs	r0, #1
100047f8:	2100      	movs	r1, #0
100047fa:	4240      	negs	r0, r0
100047fc:	f001 f918 	bl	10005a30 <tud_task_ext>
10004800:	2000      	movs	r0, #0
10004802:	f001 fb7b 	bl	10005efc <tud_cdc_n_available>
10004806:	0004      	movs	r4, r0
10004808:	480b      	ldr	r0, [pc, #44]	@ (10004838 <low_priority_worker_irq+0x88>)
1000480a:	f003 fbc9 	bl	10007fa0 <__mutex_exit_veneer>
1000480e:	2c00      	cmp	r4, #0
10004810:	d0ef      	beq.n	100047f2 <low_priority_worker_irq+0x42>
10004812:	4b0c      	ldr	r3, [pc, #48]	@ (10004844 <low_priority_worker_irq+0x94>)
10004814:	681b      	ldr	r3, [r3, #0]
10004816:	2b00      	cmp	r3, #0
10004818:	d0eb      	beq.n	100047f2 <low_priority_worker_irq+0x42>
1000481a:	4a0b      	ldr	r2, [pc, #44]	@ (10004848 <low_priority_worker_irq+0x98>)
1000481c:	6810      	ldr	r0, [r2, #0]
1000481e:	4798      	blx	r3
10004820:	e7e7      	b.n	100047f2 <low_priority_worker_irq+0x42>
10004822:	4a0a      	ldr	r2, [pc, #40]	@ (1000484c <low_priority_worker_irq+0x9c>)
10004824:	2301      	movs	r3, #1
10004826:	9300      	str	r3, [sp, #0]
10004828:	2300      	movs	r3, #0
1000482a:	20fa      	movs	r0, #250	@ 0xfa
1000482c:	0080      	lsls	r0, r0, #2
1000482e:	2100      	movs	r1, #0
10004830:	f7ff ffa6 	bl	10004780 <add_alarm_in_us>
10004834:	e7dd      	b.n	100047f2 <low_priority_worker_irq+0x42>
10004836:	46c0      	nop			@ (mov r8, r8)
10004838:	20002588 	.word	0x20002588
1000483c:	20002340 	.word	0x20002340
10004840:	200025b1 	.word	0x200025b1
10004844:	20001ebc 	.word	0x20001ebc
10004848:	20001ec4 	.word	0x20001ec4
1000484c:	100046e1 	.word	0x100046e1

10004850 <stdio_usb_init>:
10004850:	b510      	push	{r4, lr}
10004852:	b082      	sub	sp, #8
10004854:	23d0      	movs	r3, #208	@ 0xd0
10004856:	061b      	lsls	r3, r3, #24
10004858:	681c      	ldr	r4, [r3, #0]
1000485a:	f7fd f8a5 	bl	100019a8 <alarm_pool_get_default>
1000485e:	f7fd f985 	bl	10001b6c <alarm_pool_core_num>
10004862:	42a0      	cmp	r0, r4
10004864:	d12e      	bne.n	100048c4 <stdio_usb_init+0x74>
10004866:	4b26      	ldr	r3, [pc, #152]	@ (10004900 <stdio_usb_init+0xb0>)
10004868:	781b      	ldrb	r3, [r3, #0]
1000486a:	f002 f843 	bl	100068f4 <tusb_init>
1000486e:	4b25      	ldr	r3, [pc, #148]	@ (10004904 <stdio_usb_init+0xb4>)
10004870:	681b      	ldr	r3, [r3, #0]
10004872:	2b00      	cmp	r3, #0
10004874:	d02c      	beq.n	100048d0 <stdio_usb_init+0x80>
10004876:	2001      	movs	r0, #1
10004878:	f7fc fe38 	bl	100014ec <user_irq_claim_unused>
1000487c:	4c22      	ldr	r4, [pc, #136]	@ (10004908 <stdio_usb_init+0xb8>)
1000487e:	7020      	strb	r0, [r4, #0]
10004880:	4922      	ldr	r1, [pc, #136]	@ (1000490c <stdio_usb_init+0xbc>)
10004882:	23ff      	movs	r3, #255	@ 0xff
10004884:	4018      	ands	r0, r3
10004886:	f7fc fbbb 	bl	10001000 <irq_set_exclusive_handler>
1000488a:	7820      	ldrb	r0, [r4, #0]
1000488c:	2101      	movs	r1, #1
1000488e:	f7fc fb8b 	bl	10000fa8 <irq_set_enabled>
10004892:	2005      	movs	r0, #5
10004894:	f7fc fba2 	bl	10000fdc <irq_has_shared_handler>
10004898:	1e04      	subs	r4, r0, #0
1000489a:	d01d      	beq.n	100048d8 <stdio_usb_init+0x88>
1000489c:	2001      	movs	r0, #1
1000489e:	f7fc fac5 	bl	10000e2c <spin_lock_claim_unused>
100048a2:	0001      	movs	r1, r0
100048a4:	4b1a      	ldr	r3, [pc, #104]	@ (10004910 <stdio_usb_init+0xc0>)
100048a6:	0018      	movs	r0, r3
100048a8:	f7fc fe80 	bl	100015ac <critical_section_init_with_lock_num>
100048ac:	4919      	ldr	r1, [pc, #100]	@ (10004914 <stdio_usb_init+0xc4>)
100048ae:	2200      	movs	r2, #0
100048b0:	2005      	movs	r0, #5
100048b2:	f7fc fbcf 	bl	10001054 <irq_add_shared_handler>
100048b6:	4818      	ldr	r0, [pc, #96]	@ (10004918 <stdio_usb_init+0xc8>)
100048b8:	2101      	movs	r1, #1
100048ba:	f7ff fcb7 	bl	1000422c <stdio_set_driver_enabled>
100048be:	0020      	movs	r0, r4
100048c0:	b002      	add	sp, #8
100048c2:	bd10      	pop	{r4, pc}
100048c4:	4b15      	ldr	r3, [pc, #84]	@ (1000491c <stdio_usb_init+0xcc>)
100048c6:	4a16      	ldr	r2, [pc, #88]	@ (10004920 <stdio_usb_init+0xd0>)
100048c8:	4816      	ldr	r0, [pc, #88]	@ (10004924 <stdio_usb_init+0xd4>)
100048ca:	21c1      	movs	r1, #193	@ 0xc1
100048cc:	f7ff fb9a 	bl	10004004 <__assert_func>
100048d0:	480c      	ldr	r0, [pc, #48]	@ (10004904 <stdio_usb_init+0xb4>)
100048d2:	f7fc fe29 	bl	10001528 <mutex_init>
100048d6:	e7ce      	b.n	10004876 <stdio_usb_init+0x26>
100048d8:	480d      	ldr	r0, [pc, #52]	@ (10004910 <stdio_usb_init+0xc0>)
100048da:	2208      	movs	r2, #8
100048dc:	2100      	movs	r1, #0
100048de:	f7fe fa87 	bl	10002df0 <__wrap_memset>
100048e2:	4a11      	ldr	r2, [pc, #68]	@ (10004928 <stdio_usb_init+0xd8>)
100048e4:	2301      	movs	r3, #1
100048e6:	9300      	str	r3, [sp, #0]
100048e8:	2300      	movs	r3, #0
100048ea:	20fa      	movs	r0, #250	@ 0xfa
100048ec:	0080      	lsls	r0, r0, #2
100048ee:	2100      	movs	r1, #0
100048f0:	f7ff ff46 	bl	10004780 <add_alarm_in_us>
100048f4:	43c0      	mvns	r0, r0
100048f6:	0fc4      	lsrs	r4, r0, #31
100048f8:	2800      	cmp	r0, #0
100048fa:	dae0      	bge.n	100048be <stdio_usb_init+0x6e>
100048fc:	e7db      	b.n	100048b6 <stdio_usb_init+0x66>
100048fe:	46c0      	nop			@ (mov r8, r8)
10004900:	10009738 	.word	0x10009738
10004904:	20002588 	.word	0x20002588
10004908:	200025b0 	.word	0x200025b0
1000490c:	100047b1 	.word	0x100047b1
10004910:	20002340 	.word	0x20002340
10004914:	100046b9 	.word	0x100046b9
10004918:	20000c68 	.word	0x20000c68
1000491c:	10008468 	.word	0x10008468
10004920:	10009340 	.word	0x10009340
10004924:	1000899c 	.word	0x1000899c
10004928:	100046e1 	.word	0x100046e1

1000492c <stdio_usb_connected>:
1000492c:	b510      	push	{r4, lr}
1000492e:	2000      	movs	r0, #0
10004930:	f001 fac8 	bl	10005ec4 <tud_cdc_n_connected>
10004934:	bd10      	pop	{r4, pc}
	...

10004938 <stdio_usb_in_chars>:
10004938:	b570      	push	{r4, r5, r6, lr}
1000493a:	0005      	movs	r5, r0
1000493c:	000c      	movs	r4, r1
1000493e:	f7ff fff5 	bl	1000492c <stdio_usb_connected>
10004942:	2800      	cmp	r0, #0
10004944:	d034      	beq.n	100049b0 <stdio_usb_in_chars+0x78>
10004946:	2000      	movs	r0, #0
10004948:	f001 fad8 	bl	10005efc <tud_cdc_n_available>
1000494c:	2800      	cmp	r0, #0
1000494e:	d032      	beq.n	100049b6 <stdio_usb_in_chars+0x7e>
10004950:	f7fd fa68 	bl	10001e24 <time_us_64>
10004954:	4a1b      	ldr	r2, [pc, #108]	@ (100049c4 <stdio_usb_in_chars+0x8c>)
10004956:	2300      	movs	r3, #0
10004958:	1812      	adds	r2, r2, r0
1000495a:	414b      	adcs	r3, r1
1000495c:	2b00      	cmp	r3, #0
1000495e:	db19      	blt.n	10004994 <stdio_usb_in_chars+0x5c>
10004960:	4819      	ldr	r0, [pc, #100]	@ (100049c8 <stdio_usb_in_chars+0x90>)
10004962:	f003 fb55 	bl	10008010 <__mutex_try_enter_block_until_veneer>
10004966:	2800      	cmp	r0, #0
10004968:	d028      	beq.n	100049bc <stdio_usb_in_chars+0x84>
1000496a:	f7ff ffdf 	bl	1000492c <stdio_usb_connected>
1000496e:	2800      	cmp	r0, #0
10004970:	d004      	beq.n	1000497c <stdio_usb_in_chars+0x44>
10004972:	2000      	movs	r0, #0
10004974:	f001 fac2 	bl	10005efc <tud_cdc_n_available>
10004978:	2800      	cmp	r0, #0
1000497a:	d10f      	bne.n	1000499c <stdio_usb_in_chars+0x64>
1000497c:	2001      	movs	r0, #1
1000497e:	2100      	movs	r1, #0
10004980:	4240      	negs	r0, r0
10004982:	f001 f855 	bl	10005a30 <tud_task_ext>
10004986:	2403      	movs	r4, #3
10004988:	4264      	negs	r4, r4
1000498a:	480f      	ldr	r0, [pc, #60]	@ (100049c8 <stdio_usb_in_chars+0x90>)
1000498c:	f003 fb08 	bl	10007fa0 <__mutex_exit_veneer>
10004990:	0020      	movs	r0, r4
10004992:	bd70      	pop	{r4, r5, r6, pc}
10004994:	2201      	movs	r2, #1
10004996:	4252      	negs	r2, r2
10004998:	4b0c      	ldr	r3, [pc, #48]	@ (100049cc <stdio_usb_in_chars+0x94>)
1000499a:	e7e1      	b.n	10004960 <stdio_usb_in_chars+0x28>
1000499c:	0022      	movs	r2, r4
1000499e:	0029      	movs	r1, r5
100049a0:	2000      	movs	r0, #0
100049a2:	f001 fab7 	bl	10005f14 <tud_cdc_n_read>
100049a6:	1e04      	subs	r4, r0, #0
100049a8:	d1ef      	bne.n	1000498a <stdio_usb_in_chars+0x52>
100049aa:	2403      	movs	r4, #3
100049ac:	4264      	negs	r4, r4
100049ae:	e7ec      	b.n	1000498a <stdio_usb_in_chars+0x52>
100049b0:	2403      	movs	r4, #3
100049b2:	4264      	negs	r4, r4
100049b4:	e7ec      	b.n	10004990 <stdio_usb_in_chars+0x58>
100049b6:	2403      	movs	r4, #3
100049b8:	4264      	negs	r4, r4
100049ba:	e7e9      	b.n	10004990 <stdio_usb_in_chars+0x58>
100049bc:	2403      	movs	r4, #3
100049be:	4264      	negs	r4, r4
100049c0:	e7e6      	b.n	10004990 <stdio_usb_in_chars+0x58>
100049c2:	46c0      	nop			@ (mov r8, r8)
100049c4:	000f4240 	.word	0x000f4240
100049c8:	20002588 	.word	0x20002588
100049cc:	7fffffff 	.word	0x7fffffff

100049d0 <stdio_usb_out_chars>:
100049d0:	b5f0      	push	{r4, r5, r6, r7, lr}
100049d2:	46c6      	mov	lr, r8
100049d4:	b500      	push	{lr}
100049d6:	4680      	mov	r8, r0
100049d8:	000c      	movs	r4, r1
100049da:	f7fd fa23 	bl	10001e24 <time_us_64>
100049de:	4a31      	ldr	r2, [pc, #196]	@ (10004aa4 <stdio_usb_out_chars+0xd4>)
100049e0:	2300      	movs	r3, #0
100049e2:	1812      	adds	r2, r2, r0
100049e4:	414b      	adcs	r3, r1
100049e6:	2b00      	cmp	r3, #0
100049e8:	db07      	blt.n	100049fa <stdio_usb_out_chars+0x2a>
100049ea:	482f      	ldr	r0, [pc, #188]	@ (10004aa8 <stdio_usb_out_chars+0xd8>)
100049ec:	f003 fb10 	bl	10008010 <__mutex_try_enter_block_until_veneer>
100049f0:	2800      	cmp	r0, #0
100049f2:	d106      	bne.n	10004a02 <stdio_usb_out_chars+0x32>
100049f4:	bc80      	pop	{r7}
100049f6:	46b8      	mov	r8, r7
100049f8:	bdf0      	pop	{r4, r5, r6, r7, pc}
100049fa:	2201      	movs	r2, #1
100049fc:	4252      	negs	r2, r2
100049fe:	4b2b      	ldr	r3, [pc, #172]	@ (10004aac <stdio_usb_out_chars+0xdc>)
10004a00:	e7f3      	b.n	100049ea <stdio_usb_out_chars+0x1a>
10004a02:	f7ff ff93 	bl	1000492c <stdio_usb_connected>
10004a06:	2800      	cmp	r0, #0
10004a08:	d149      	bne.n	10004a9e <stdio_usb_out_chars+0xce>
10004a0a:	4b29      	ldr	r3, [pc, #164]	@ (10004ab0 <stdio_usb_out_chars+0xe0>)
10004a0c:	2000      	movs	r0, #0
10004a0e:	2100      	movs	r1, #0
10004a10:	6018      	str	r0, [r3, #0]
10004a12:	6059      	str	r1, [r3, #4]
10004a14:	4824      	ldr	r0, [pc, #144]	@ (10004aa8 <stdio_usb_out_chars+0xd8>)
10004a16:	f003 fac3 	bl	10007fa0 <__mutex_exit_veneer>
10004a1a:	e7eb      	b.n	100049f4 <stdio_usb_out_chars+0x24>
10004a1c:	2001      	movs	r0, #1
10004a1e:	2100      	movs	r1, #0
10004a20:	4240      	negs	r0, r0
10004a22:	f001 f805 	bl	10005a30 <tud_task_ext>
10004a26:	2000      	movs	r0, #0
10004a28:	f001 fa90 	bl	10005f4c <tud_cdc_n_write_flush>
10004a2c:	f7ff ff7e 	bl	1000492c <stdio_usb_connected>
10004a30:	2800      	cmp	r0, #0
10004a32:	d0ef      	beq.n	10004a14 <stdio_usb_out_chars+0x44>
10004a34:	2000      	movs	r0, #0
10004a36:	f001 fb13 	bl	10006060 <tud_cdc_n_write_available>
10004a3a:	2800      	cmp	r0, #0
10004a3c:	d020      	beq.n	10004a80 <stdio_usb_out_chars+0xb0>
10004a3e:	42a5      	cmp	r5, r4
10004a40:	dae8      	bge.n	10004a14 <stdio_usb_out_chars+0x44>
10004a42:	1b66      	subs	r6, r4, r5
10004a44:	2000      	movs	r0, #0
10004a46:	f001 fb0b 	bl	10006060 <tud_cdc_n_write_available>
10004a4a:	0002      	movs	r2, r0
10004a4c:	4286      	cmp	r6, r0
10004a4e:	dc00      	bgt.n	10004a52 <stdio_usb_out_chars+0x82>
10004a50:	0032      	movs	r2, r6
10004a52:	2a00      	cmp	r2, #0
10004a54:	d0e2      	beq.n	10004a1c <stdio_usb_out_chars+0x4c>
10004a56:	4643      	mov	r3, r8
10004a58:	1959      	adds	r1, r3, r5
10004a5a:	2000      	movs	r0, #0
10004a5c:	f001 fadc 	bl	10006018 <tud_cdc_n_write>
10004a60:	0006      	movs	r6, r0
10004a62:	2001      	movs	r0, #1
10004a64:	2100      	movs	r1, #0
10004a66:	4240      	negs	r0, r0
10004a68:	f000 ffe2 	bl	10005a30 <tud_task_ext>
10004a6c:	2000      	movs	r0, #0
10004a6e:	f001 fa6d 	bl	10005f4c <tud_cdc_n_write_flush>
10004a72:	19ad      	adds	r5, r5, r6
10004a74:	f7fd f9d6 	bl	10001e24 <time_us_64>
10004a78:	4b0d      	ldr	r3, [pc, #52]	@ (10004ab0 <stdio_usb_out_chars+0xe0>)
10004a7a:	6018      	str	r0, [r3, #0]
10004a7c:	6059      	str	r1, [r3, #4]
10004a7e:	e7de      	b.n	10004a3e <stdio_usb_out_chars+0x6e>
10004a80:	f7fd f9d0 	bl	10001e24 <time_us_64>
10004a84:	4b0a      	ldr	r3, [pc, #40]	@ (10004ab0 <stdio_usb_out_chars+0xe0>)
10004a86:	681e      	ldr	r6, [r3, #0]
10004a88:	685f      	ldr	r7, [r3, #4]
10004a8a:	4a0a      	ldr	r2, [pc, #40]	@ (10004ab4 <stdio_usb_out_chars+0xe4>)
10004a8c:	2300      	movs	r3, #0
10004a8e:	1992      	adds	r2, r2, r6
10004a90:	417b      	adcs	r3, r7
10004a92:	4299      	cmp	r1, r3
10004a94:	d8be      	bhi.n	10004a14 <stdio_usb_out_chars+0x44>
10004a96:	d1d2      	bne.n	10004a3e <stdio_usb_out_chars+0x6e>
10004a98:	4290      	cmp	r0, r2
10004a9a:	d9d0      	bls.n	10004a3e <stdio_usb_out_chars+0x6e>
10004a9c:	e7ba      	b.n	10004a14 <stdio_usb_out_chars+0x44>
10004a9e:	2500      	movs	r5, #0
10004aa0:	e7cd      	b.n	10004a3e <stdio_usb_out_chars+0x6e>
10004aa2:	46c0      	nop			@ (mov r8, r8)
10004aa4:	000f4240 	.word	0x000f4240
10004aa8:	20002588 	.word	0x20002588
10004aac:	7fffffff 	.word	0x7fffffff
10004ab0:	20001370 	.word	0x20001370
10004ab4:	0007a120 	.word	0x0007a120

10004ab8 <tud_descriptor_device_cb>:
10004ab8:	4800      	ldr	r0, [pc, #0]	@ (10004abc <tud_descriptor_device_cb+0x4>)
10004aba:	4770      	bx	lr
10004abc:	100093bc 	.word	0x100093bc

10004ac0 <tud_descriptor_configuration_cb>:
10004ac0:	4800      	ldr	r0, [pc, #0]	@ (10004ac4 <tud_descriptor_configuration_cb+0x4>)
10004ac2:	4770      	bx	lr
10004ac4:	10009368 	.word	0x10009368

10004ac8 <tud_descriptor_string_cb>:
10004ac8:	b510      	push	{r4, lr}
10004aca:	0004      	movs	r4, r0
10004acc:	4b15      	ldr	r3, [pc, #84]	@ (10004b24 <tud_descriptor_string_cb+0x5c>)
10004ace:	781b      	ldrb	r3, [r3, #0]
10004ad0:	2b00      	cmp	r3, #0
10004ad2:	d00e      	beq.n	10004af2 <tud_descriptor_string_cb+0x2a>
10004ad4:	2c00      	cmp	r4, #0
10004ad6:	d111      	bne.n	10004afc <tud_descriptor_string_cb+0x34>
10004ad8:	4b13      	ldr	r3, [pc, #76]	@ (10004b28 <tud_descriptor_string_cb+0x60>)
10004ada:	4a14      	ldr	r2, [pc, #80]	@ (10004b2c <tud_descriptor_string_cb+0x64>)
10004adc:	805a      	strh	r2, [r3, #2]
10004ade:	2301      	movs	r3, #1
10004ae0:	3301      	adds	r3, #1
10004ae2:	005b      	lsls	r3, r3, #1
10004ae4:	b29b      	uxth	r3, r3
10004ae6:	4810      	ldr	r0, [pc, #64]	@ (10004b28 <tud_descriptor_string_cb+0x60>)
10004ae8:	22c0      	movs	r2, #192	@ 0xc0
10004aea:	0092      	lsls	r2, r2, #2
10004aec:	4313      	orrs	r3, r2
10004aee:	8003      	strh	r3, [r0, #0]
10004af0:	bd10      	pop	{r4, pc}
10004af2:	480c      	ldr	r0, [pc, #48]	@ (10004b24 <tud_descriptor_string_cb+0x5c>)
10004af4:	2111      	movs	r1, #17
10004af6:	f000 f825 	bl	10004b44 <pico_get_unique_board_id_string>
10004afa:	e7eb      	b.n	10004ad4 <tud_descriptor_string_cb+0xc>
10004afc:	2c05      	cmp	r4, #5
10004afe:	d80e      	bhi.n	10004b1e <tud_descriptor_string_cb+0x56>
10004b00:	4b0b      	ldr	r3, [pc, #44]	@ (10004b30 <tud_descriptor_string_cb+0x68>)
10004b02:	00a4      	lsls	r4, r4, #2
10004b04:	58e4      	ldr	r4, [r4, r3]
10004b06:	2300      	movs	r3, #0
10004b08:	2b12      	cmp	r3, #18
10004b0a:	d8e9      	bhi.n	10004ae0 <tud_descriptor_string_cb+0x18>
10004b0c:	5ce1      	ldrb	r1, [r4, r3]
10004b0e:	2900      	cmp	r1, #0
10004b10:	d0e6      	beq.n	10004ae0 <tud_descriptor_string_cb+0x18>
10004b12:	3301      	adds	r3, #1
10004b14:	4a04      	ldr	r2, [pc, #16]	@ (10004b28 <tud_descriptor_string_cb+0x60>)
10004b16:	0058      	lsls	r0, r3, #1
10004b18:	5281      	strh	r1, [r0, r2]
10004b1a:	b2db      	uxtb	r3, r3
10004b1c:	e7f4      	b.n	10004b08 <tud_descriptor_string_cb+0x40>
10004b1e:	2000      	movs	r0, #0
10004b20:	e7e6      	b.n	10004af0 <tud_descriptor_string_cb+0x28>
10004b22:	46c0      	nop			@ (mov r8, r8)
10004b24:	20002598 	.word	0x20002598
10004b28:	20001ef8 	.word	0x20001ef8
10004b2c:	00000409 	.word	0x00000409
10004b30:	10009350 	.word	0x10009350

10004b34 <_retrieve_unique_id_on_boot>:
10004b34:	b510      	push	{r4, lr}
10004b36:	4802      	ldr	r0, [pc, #8]	@ (10004b40 <_retrieve_unique_id_on_boot+0xc>)
10004b38:	f000 f832 	bl	10004ba0 <flash_get_unique_id>
10004b3c:	bd10      	pop	{r4, pc}
10004b3e:	46c0      	nop			@ (mov r8, r8)
10004b40:	20002360 	.word	0x20002360

10004b44 <pico_get_unique_board_id_string>:
10004b44:	b510      	push	{r4, lr}
10004b46:	2900      	cmp	r1, #0
10004b48:	d001      	beq.n	10004b4e <pico_get_unique_board_id_string+0xa>
10004b4a:	2300      	movs	r3, #0
10004b4c:	e00a      	b.n	10004b64 <pico_get_unique_board_id_string+0x20>
10004b4e:	4b10      	ldr	r3, [pc, #64]	@ (10004b90 <pico_get_unique_board_id_string+0x4c>)
10004b50:	4a10      	ldr	r2, [pc, #64]	@ (10004b94 <pico_get_unique_board_id_string+0x50>)
10004b52:	4811      	ldr	r0, [pc, #68]	@ (10004b98 <pico_get_unique_board_id_string+0x54>)
10004b54:	3135      	adds	r1, #53	@ 0x35
10004b56:	f7ff fa55 	bl	10004004 <__assert_func>
10004b5a:	2200      	movs	r2, #0
10004b5c:	e00d      	b.n	10004b7a <pico_get_unique_board_id_string+0x36>
10004b5e:	3237      	adds	r2, #55	@ 0x37
10004b60:	54c2      	strb	r2, [r0, r3]
10004b62:	3301      	adds	r3, #1
10004b64:	1e4a      	subs	r2, r1, #1
10004b66:	429a      	cmp	r2, r3
10004b68:	d90e      	bls.n	10004b88 <pico_get_unique_board_id_string+0x44>
10004b6a:	2b0f      	cmp	r3, #15
10004b6c:	d80c      	bhi.n	10004b88 <pico_get_unique_board_id_string+0x44>
10004b6e:	085a      	lsrs	r2, r3, #1
10004b70:	4c0a      	ldr	r4, [pc, #40]	@ (10004b9c <pico_get_unique_board_id_string+0x58>)
10004b72:	5ca4      	ldrb	r4, [r4, r2]
10004b74:	07da      	lsls	r2, r3, #31
10004b76:	d4f0      	bmi.n	10004b5a <pico_get_unique_board_id_string+0x16>
10004b78:	2204      	movs	r2, #4
10004b7a:	4114      	asrs	r4, r2
10004b7c:	220f      	movs	r2, #15
10004b7e:	4022      	ands	r2, r4
10004b80:	2a09      	cmp	r2, #9
10004b82:	dcec      	bgt.n	10004b5e <pico_get_unique_board_id_string+0x1a>
10004b84:	3230      	adds	r2, #48	@ 0x30
10004b86:	e7eb      	b.n	10004b60 <pico_get_unique_board_id_string+0x1c>
10004b88:	18c0      	adds	r0, r0, r3
10004b8a:	2300      	movs	r3, #0
10004b8c:	7003      	strb	r3, [r0, #0]
10004b8e:	bd10      	pop	{r4, pc}
10004b90:	10008a28 	.word	0x10008a28
10004b94:	100093d0 	.word	0x100093d0
10004b98:	10008a30 	.word	0x10008a30
10004b9c:	20002360 	.word	0x20002360

10004ba0 <flash_get_unique_id>:
10004ba0:	b530      	push	{r4, r5, lr}
10004ba2:	b089      	sub	sp, #36	@ 0x24
10004ba4:	0004      	movs	r4, r0
10004ba6:	ad04      	add	r5, sp, #16
10004ba8:	220d      	movs	r2, #13
10004baa:	2100      	movs	r1, #0
10004bac:	0028      	movs	r0, r5
10004bae:	f7fe f91f 	bl	10002df0 <__wrap_memset>
10004bb2:	220d      	movs	r2, #13
10004bb4:	2100      	movs	r1, #0
10004bb6:	4668      	mov	r0, sp
10004bb8:	f7fe f91a 	bl	10002df0 <__wrap_memset>
10004bbc:	234b      	movs	r3, #75	@ 0x4b
10004bbe:	702b      	strb	r3, [r5, #0]
10004bc0:	220d      	movs	r2, #13
10004bc2:	4669      	mov	r1, sp
10004bc4:	0028      	movs	r0, r5
10004bc6:	f003 f9e3 	bl	10007f90 <__flash_do_cmd_veneer>
10004bca:	2300      	movs	r3, #0
10004bcc:	e004      	b.n	10004bd8 <flash_get_unique_id+0x38>
10004bce:	1d5a      	adds	r2, r3, #5
10004bd0:	4669      	mov	r1, sp
10004bd2:	5c8a      	ldrb	r2, [r1, r2]
10004bd4:	54e2      	strb	r2, [r4, r3]
10004bd6:	3301      	adds	r3, #1
10004bd8:	2b07      	cmp	r3, #7
10004bda:	ddf8      	ble.n	10004bce <flash_get_unique_id+0x2e>
10004bdc:	b009      	add	sp, #36	@ 0x24
10004bde:	bd30      	pop	{r4, r5, pc}

10004be0 <_hw_endpoint_alloc>:
10004be0:	b510      	push	{r4, lr}
10004be2:	8b03      	ldrh	r3, [r0, #24]
10004be4:	333f      	adds	r3, #63	@ 0x3f
10004be6:	223f      	movs	r2, #63	@ 0x3f
10004be8:	4393      	bics	r3, r2
10004bea:	2902      	cmp	r1, #2
10004bec:	d015      	beq.n	10004c1a <_hw_endpoint_alloc+0x3a>
10004bee:	4c12      	ldr	r4, [pc, #72]	@ (10004c38 <_hw_endpoint_alloc+0x58>)
10004bf0:	6822      	ldr	r2, [r4, #0]
10004bf2:	60c2      	str	r2, [r0, #12]
10004bf4:	18d3      	adds	r3, r2, r3
10004bf6:	6023      	str	r3, [r4, #0]
10004bf8:	069c      	lsls	r4, r3, #26
10004bfa:	d110      	bne.n	10004c1e <_hw_endpoint_alloc+0x3e>
10004bfc:	4c0f      	ldr	r4, [pc, #60]	@ (10004c3c <_hw_endpoint_alloc+0x5c>)
10004bfe:	4062      	eors	r2, r4
10004c00:	4063      	eors	r3, r4
10004c02:	2480      	movs	r4, #128	@ 0x80
10004c04:	0164      	lsls	r4, r4, #5
10004c06:	42a3      	cmp	r3, r4
10004c08:	d80f      	bhi.n	10004c2a <_hw_endpoint_alloc+0x4a>
10004c0a:	0689      	lsls	r1, r1, #26
10004c0c:	4311      	orrs	r1, r2
10004c0e:	2380      	movs	r3, #128	@ 0x80
10004c10:	061b      	lsls	r3, r3, #24
10004c12:	430b      	orrs	r3, r1
10004c14:	6842      	ldr	r2, [r0, #4]
10004c16:	6013      	str	r3, [r2, #0]
10004c18:	bd10      	pop	{r4, pc}
10004c1a:	005b      	lsls	r3, r3, #1
10004c1c:	e7e7      	b.n	10004bee <_hw_endpoint_alloc+0xe>
10004c1e:	4b08      	ldr	r3, [pc, #32]	@ (10004c40 <_hw_endpoint_alloc+0x60>)
10004c20:	4a08      	ldr	r2, [pc, #32]	@ (10004c44 <_hw_endpoint_alloc+0x64>)
10004c22:	4809      	ldr	r0, [pc, #36]	@ (10004c48 <_hw_endpoint_alloc+0x68>)
10004c24:	2151      	movs	r1, #81	@ 0x51
10004c26:	f7ff f9ed 	bl	10004004 <__assert_func>
10004c2a:	4b08      	ldr	r3, [pc, #32]	@ (10004c4c <_hw_endpoint_alloc+0x6c>)
10004c2c:	4a05      	ldr	r2, [pc, #20]	@ (10004c44 <_hw_endpoint_alloc+0x64>)
10004c2e:	4806      	ldr	r0, [pc, #24]	@ (10004c48 <_hw_endpoint_alloc+0x68>)
10004c30:	2153      	movs	r1, #83	@ 0x53
10004c32:	f7ff f9e7 	bl	10004004 <__assert_func>
10004c36:	46c0      	nop			@ (mov r8, r8)
10004c38:	2000233c 	.word	0x2000233c
10004c3c:	50100000 	.word	0x50100000
10004c40:	10008c14 	.word	0x10008c14
10004c44:	10009440 	.word	0x10009440
10004c48:	10008c44 	.word	0x10008c44
10004c4c:	10008c9c 	.word	0x10008c9c

10004c50 <hw_endpoint_init>:
10004c50:	b570      	push	{r4, r5, r6, lr}
10004c52:	0005      	movs	r5, r0
10004c54:	237f      	movs	r3, #127	@ 0x7f
10004c56:	4003      	ands	r3, r0
10004c58:	09c4      	lsrs	r4, r0, #7
10004c5a:	0058      	lsls	r0, r3, #1
10004c5c:	1900      	adds	r0, r0, r4
10004c5e:	0140      	lsls	r0, r0, #5
10004c60:	4e24      	ldr	r6, [pc, #144]	@ (10004cf4 <hw_endpoint_init+0xa4>)
10004c62:	1980      	adds	r0, r0, r6
10004c64:	7085      	strb	r5, [r0, #2]
10004c66:	4265      	negs	r5, r4
10004c68:	4165      	adcs	r5, r4
10004c6a:	7045      	strb	r5, [r0, #1]
10004c6c:	2500      	movs	r5, #0
10004c6e:	70c5      	strb	r5, [r0, #3]
10004c70:	8301      	strh	r1, [r0, #24]
10004c72:	76c2      	strb	r2, [r0, #27]
10004c74:	2c01      	cmp	r4, #1
10004c76:	d01a      	beq.n	10004cae <hw_endpoint_init+0x5e>
10004c78:	00de      	lsls	r6, r3, #3
10004c7a:	491f      	ldr	r1, [pc, #124]	@ (10004cf8 <hw_endpoint_init+0xa8>)
10004c7c:	468c      	mov	ip, r1
10004c7e:	4466      	add	r6, ip
10004c80:	491c      	ldr	r1, [pc, #112]	@ (10004cf4 <hw_endpoint_init+0xa4>)
10004c82:	005d      	lsls	r5, r3, #1
10004c84:	192d      	adds	r5, r5, r4
10004c86:	016d      	lsls	r5, r5, #5
10004c88:	1949      	adds	r1, r1, r5
10004c8a:	608e      	str	r6, [r1, #8]
10004c8c:	4d19      	ldr	r5, [pc, #100]	@ (10004cf4 <hw_endpoint_init+0xa4>)
10004c8e:	005e      	lsls	r6, r3, #1
10004c90:	1936      	adds	r6, r6, r4
10004c92:	0176      	lsls	r6, r6, #5
10004c94:	19ad      	adds	r5, r5, r6
10004c96:	68a9      	ldr	r1, [r5, #8]
10004c98:	2500      	movs	r5, #0
10004c9a:	600d      	str	r5, [r1, #0]
10004c9c:	2b00      	cmp	r3, #0
10004c9e:	d10c      	bne.n	10004cba <hw_endpoint_init+0x6a>
10004ca0:	4a14      	ldr	r2, [pc, #80]	@ (10004cf4 <hw_endpoint_init+0xa4>)
10004ca2:	1993      	adds	r3, r2, r6
10004ca4:	2200      	movs	r2, #0
10004ca6:	605a      	str	r2, [r3, #4]
10004ca8:	4a14      	ldr	r2, [pc, #80]	@ (10004cfc <hw_endpoint_init+0xac>)
10004caa:	60da      	str	r2, [r3, #12]
10004cac:	bd70      	pop	{r4, r5, r6, pc}
10004cae:	00de      	lsls	r6, r3, #3
10004cb0:	4913      	ldr	r1, [pc, #76]	@ (10004d00 <hw_endpoint_init+0xb0>)
10004cb2:	468c      	mov	ip, r1
10004cb4:	4466      	add	r6, ip
10004cb6:	6086      	str	r6, [r0, #8]
10004cb8:	e7e8      	b.n	10004c8c <hw_endpoint_init+0x3c>
10004cba:	2c01      	cmp	r4, #1
10004cbc:	d00e      	beq.n	10004cdc <hw_endpoint_init+0x8c>
10004cbe:	1e5d      	subs	r5, r3, #1
10004cc0:	00ed      	lsls	r5, r5, #3
10004cc2:	4910      	ldr	r1, [pc, #64]	@ (10004d04 <hw_endpoint_init+0xb4>)
10004cc4:	468c      	mov	ip, r1
10004cc6:	4465      	add	r5, ip
10004cc8:	490a      	ldr	r1, [pc, #40]	@ (10004cf4 <hw_endpoint_init+0xa4>)
10004cca:	005b      	lsls	r3, r3, #1
10004ccc:	191b      	adds	r3, r3, r4
10004cce:	015b      	lsls	r3, r3, #5
10004cd0:	18c9      	adds	r1, r1, r3
10004cd2:	604d      	str	r5, [r1, #4]
10004cd4:	0011      	movs	r1, r2
10004cd6:	f7ff ff83 	bl	10004be0 <_hw_endpoint_alloc>
10004cda:	e7e7      	b.n	10004cac <hw_endpoint_init+0x5c>
10004cdc:	1e5d      	subs	r5, r3, #1
10004cde:	00ed      	lsls	r5, r5, #3
10004ce0:	4909      	ldr	r1, [pc, #36]	@ (10004d08 <hw_endpoint_init+0xb8>)
10004ce2:	468c      	mov	ip, r1
10004ce4:	4465      	add	r5, ip
10004ce6:	4903      	ldr	r1, [pc, #12]	@ (10004cf4 <hw_endpoint_init+0xa4>)
10004ce8:	005b      	lsls	r3, r3, #1
10004cea:	191b      	adds	r3, r3, r4
10004cec:	015b      	lsls	r3, r3, #5
10004cee:	18c9      	adds	r1, r1, r3
10004cf0:	604d      	str	r5, [r1, #4]
10004cf2:	e7ef      	b.n	10004cd4 <hw_endpoint_init+0x84>
10004cf4:	20001f30 	.word	0x20001f30
10004cf8:	50100084 	.word	0x50100084
10004cfc:	50100100 	.word	0x50100100
10004d00:	50100080 	.word	0x50100080
10004d04:	5010000c 	.word	0x5010000c
10004d08:	50100008 	.word	0x50100008

10004d0c <hw_endpoint_xfer>:
10004d0c:	b510      	push	{r4, lr}
10004d0e:	0004      	movs	r4, r0
10004d10:	207f      	movs	r0, #127	@ 0x7f
10004d12:	4020      	ands	r0, r4
10004d14:	09e4      	lsrs	r4, r4, #7
10004d16:	0040      	lsls	r0, r0, #1
10004d18:	1900      	adds	r0, r0, r4
10004d1a:	0140      	lsls	r0, r0, #5
10004d1c:	4b02      	ldr	r3, [pc, #8]	@ (10004d28 <hw_endpoint_xfer+0x1c>)
10004d1e:	18c0      	adds	r0, r0, r3
10004d20:	f000 f932 	bl	10004f88 <hw_endpoint_xfer_start>
10004d24:	bd10      	pop	{r4, pc}
10004d26:	46c0      	nop			@ (mov r8, r8)
10004d28:	20001f30 	.word	0x20001f30

10004d2c <dcd_int_enable>:
10004d2c:	b510      	push	{r4, lr}
10004d2e:	2800      	cmp	r0, #0
10004d30:	d104      	bne.n	10004d3c <dcd_int_enable+0x10>
10004d32:	2101      	movs	r1, #1
10004d34:	2005      	movs	r0, #5
10004d36:	f7fc f937 	bl	10000fa8 <irq_set_enabled>
10004d3a:	bd10      	pop	{r4, pc}
10004d3c:	4b03      	ldr	r3, [pc, #12]	@ (10004d4c <dcd_int_enable+0x20>)
10004d3e:	4a04      	ldr	r2, [pc, #16]	@ (10004d50 <dcd_int_enable+0x24>)
10004d40:	21d4      	movs	r1, #212	@ 0xd4
10004d42:	4804      	ldr	r0, [pc, #16]	@ (10004d54 <dcd_int_enable+0x28>)
10004d44:	0049      	lsls	r1, r1, #1
10004d46:	f7ff f95d 	bl	10004004 <__assert_func>
10004d4a:	46c0      	nop			@ (mov r8, r8)
10004d4c:	10008ce4 	.word	0x10008ce4
10004d50:	10009430 	.word	0x10009430
10004d54:	10008c44 	.word	0x10008c44

10004d58 <dcd_set_address>:
10004d58:	b510      	push	{r4, lr}
10004d5a:	2800      	cmp	r0, #0
10004d5c:	d105      	bne.n	10004d6a <dcd_set_address+0x12>
10004d5e:	2200      	movs	r2, #0
10004d60:	2100      	movs	r1, #0
10004d62:	2080      	movs	r0, #128	@ 0x80
10004d64:	f7ff ffd2 	bl	10004d0c <hw_endpoint_xfer>
10004d68:	bd10      	pop	{r4, pc}
10004d6a:	4b03      	ldr	r3, [pc, #12]	@ (10004d78 <dcd_set_address+0x20>)
10004d6c:	4a03      	ldr	r2, [pc, #12]	@ (10004d7c <dcd_set_address+0x24>)
10004d6e:	21d9      	movs	r1, #217	@ 0xd9
10004d70:	4803      	ldr	r0, [pc, #12]	@ (10004d80 <dcd_set_address+0x28>)
10004d72:	0049      	lsls	r1, r1, #1
10004d74:	f7ff f946 	bl	10004004 <__assert_func>
10004d78:	10008ce4 	.word	0x10008ce4
10004d7c:	10009420 	.word	0x10009420
10004d80:	10008c44 	.word	0x10008c44

10004d84 <dcd_connect>:
10004d84:	4b02      	ldr	r3, [pc, #8]	@ (10004d90 <dcd_connect+0xc>)
10004d86:	2280      	movs	r2, #128	@ 0x80
10004d88:	0252      	lsls	r2, r2, #9
10004d8a:	64da      	str	r2, [r3, #76]	@ 0x4c
10004d8c:	4770      	bx	lr
10004d8e:	46c0      	nop			@ (mov r8, r8)
10004d90:	50112000 	.word	0x50112000

10004d94 <dcd_init>:
10004d94:	b570      	push	{r4, r5, r6, lr}
10004d96:	1e04      	subs	r4, r0, #0
10004d98:	d126      	bne.n	10004de8 <dcd_init+0x54>
10004d9a:	f000 f8d3 	bl	10004f44 <rp2040_usb_init>
10004d9e:	4d16      	ldr	r5, [pc, #88]	@ (10004df8 <dcd_init+0x64>)
10004da0:	230c      	movs	r3, #12
10004da2:	67ab      	str	r3, [r5, #120]	@ 0x78
10004da4:	4915      	ldr	r1, [pc, #84]	@ (10004dfc <dcd_init+0x68>)
10004da6:	22ff      	movs	r2, #255	@ 0xff
10004da8:	2005      	movs	r0, #5
10004daa:	f7fc f953 	bl	10001054 <irq_add_shared_handler>
10004dae:	4814      	ldr	r0, [pc, #80]	@ (10004e00 <dcd_init+0x6c>)
10004db0:	2240      	movs	r2, #64	@ 0x40
10004db2:	2100      	movs	r1, #0
10004db4:	f7fe f81c 	bl	10002df0 <__wrap_memset>
10004db8:	2200      	movs	r2, #0
10004dba:	2140      	movs	r1, #64	@ 0x40
10004dbc:	2000      	movs	r0, #0
10004dbe:	f7ff ff47 	bl	10004c50 <hw_endpoint_init>
10004dc2:	2200      	movs	r2, #0
10004dc4:	2140      	movs	r1, #64	@ 0x40
10004dc6:	2080      	movs	r0, #128	@ 0x80
10004dc8:	f7ff ff42 	bl	10004c50 <hw_endpoint_init>
10004dcc:	f003 f918 	bl	10008000 <__reset_non_control_endpoints_veneer>
10004dd0:	2301      	movs	r3, #1
10004dd2:	642b      	str	r3, [r5, #64]	@ 0x40
10004dd4:	2380      	movs	r3, #128	@ 0x80
10004dd6:	059b      	lsls	r3, r3, #22
10004dd8:	64eb      	str	r3, [r5, #76]	@ 0x4c
10004dda:	2390      	movs	r3, #144	@ 0x90
10004ddc:	4a09      	ldr	r2, [pc, #36]	@ (10004e04 <dcd_init+0x70>)
10004dde:	50ea      	str	r2, [r5, r3]
10004de0:	0020      	movs	r0, r4
10004de2:	f7ff ffcf 	bl	10004d84 <dcd_connect>
10004de6:	bd70      	pop	{r4, r5, r6, pc}
10004de8:	4b07      	ldr	r3, [pc, #28]	@ (10004e08 <dcd_init+0x74>)
10004dea:	4a08      	ldr	r2, [pc, #32]	@ (10004e0c <dcd_init+0x78>)
10004dec:	2176      	movs	r1, #118	@ 0x76
10004dee:	4808      	ldr	r0, [pc, #32]	@ (10004e10 <dcd_init+0x7c>)
10004df0:	31ff      	adds	r1, #255	@ 0xff
10004df2:	f7ff f907 	bl	10004004 <__assert_func>
10004df6:	46c0      	nop			@ (mov r8, r8)
10004df8:	50110000 	.word	0x50110000
10004dfc:	20000475 	.word	0x20000475
10004e00:	20001f30 	.word	0x20001f30
10004e04:	0001d010 	.word	0x0001d010
10004e08:	10008ce4 	.word	0x10008ce4
10004e0c:	10009454 	.word	0x10009454
10004e10:	10008c44 	.word	0x10008c44

10004e14 <dcd_sof_enable>:
10004e14:	4b04      	ldr	r3, [pc, #16]	@ (10004e28 <dcd_sof_enable+0x14>)
10004e16:	7019      	strb	r1, [r3, #0]
10004e18:	2900      	cmp	r1, #0
10004e1a:	d004      	beq.n	10004e26 <dcd_sof_enable+0x12>
10004e1c:	4a03      	ldr	r2, [pc, #12]	@ (10004e2c <dcd_sof_enable+0x18>)
10004e1e:	2390      	movs	r3, #144	@ 0x90
10004e20:	2180      	movs	r1, #128	@ 0x80
10004e22:	0289      	lsls	r1, r1, #10
10004e24:	50d1      	str	r1, [r2, r3]
10004e26:	4770      	bx	lr
10004e28:	200025aa 	.word	0x200025aa
10004e2c:	50112000 	.word	0x50112000

10004e30 <dcd_edpt0_status_complete>:
10004e30:	780b      	ldrb	r3, [r1, #0]
10004e32:	065b      	lsls	r3, r3, #25
10004e34:	d102      	bne.n	10004e3c <dcd_edpt0_status_complete+0xc>
10004e36:	784b      	ldrb	r3, [r1, #1]
10004e38:	2b05      	cmp	r3, #5
10004e3a:	d000      	beq.n	10004e3e <dcd_edpt0_status_complete+0xe>
10004e3c:	4770      	bx	lr
10004e3e:	788a      	ldrb	r2, [r1, #2]
10004e40:	4b01      	ldr	r3, [pc, #4]	@ (10004e48 <dcd_edpt0_status_complete+0x18>)
10004e42:	601a      	str	r2, [r3, #0]
10004e44:	e7fa      	b.n	10004e3c <dcd_edpt0_status_complete+0xc>
10004e46:	46c0      	nop			@ (mov r8, r8)
10004e48:	50110000 	.word	0x50110000

10004e4c <dcd_edpt_open>:
10004e4c:	b510      	push	{r4, lr}
10004e4e:	000a      	movs	r2, r1
10004e50:	2800      	cmp	r0, #0
10004e52:	d10d      	bne.n	10004e70 <dcd_edpt_open+0x24>
10004e54:	7888      	ldrb	r0, [r1, #2]
10004e56:	7909      	ldrb	r1, [r1, #4]
10004e58:	7953      	ldrb	r3, [r2, #5]
10004e5a:	021b      	lsls	r3, r3, #8
10004e5c:	430b      	orrs	r3, r1
10004e5e:	055b      	lsls	r3, r3, #21
10004e60:	0d59      	lsrs	r1, r3, #21
10004e62:	78d2      	ldrb	r2, [r2, #3]
10004e64:	0792      	lsls	r2, r2, #30
10004e66:	0f92      	lsrs	r2, r2, #30
10004e68:	f7ff fef2 	bl	10004c50 <hw_endpoint_init>
10004e6c:	2001      	movs	r0, #1
10004e6e:	bd10      	pop	{r4, pc}
10004e70:	4b03      	ldr	r3, [pc, #12]	@ (10004e80 <dcd_edpt_open+0x34>)
10004e72:	4a04      	ldr	r2, [pc, #16]	@ (10004e84 <dcd_edpt_open+0x38>)
10004e74:	21f0      	movs	r1, #240	@ 0xf0
10004e76:	4804      	ldr	r0, [pc, #16]	@ (10004e88 <dcd_edpt_open+0x3c>)
10004e78:	31ff      	adds	r1, #255	@ 0xff
10004e7a:	f7ff f8c3 	bl	10004004 <__assert_func>
10004e7e:	46c0      	nop			@ (mov r8, r8)
10004e80:	10008ce4 	.word	0x10008ce4
10004e84:	10009410 	.word	0x10009410
10004e88:	10008c44 	.word	0x10008c44

10004e8c <dcd_edpt_close_all>:
10004e8c:	b510      	push	{r4, lr}
10004e8e:	f003 f8b7 	bl	10008000 <__reset_non_control_endpoints_veneer>
10004e92:	bd10      	pop	{r4, pc}

10004e94 <dcd_edpt_xfer>:
10004e94:	b510      	push	{r4, lr}
10004e96:	0004      	movs	r4, r0
10004e98:	0008      	movs	r0, r1
10004e9a:	0011      	movs	r1, r2
10004e9c:	001a      	movs	r2, r3
10004e9e:	2c00      	cmp	r4, #0
10004ea0:	d103      	bne.n	10004eaa <dcd_edpt_xfer+0x16>
10004ea2:	f7ff ff33 	bl	10004d0c <hw_endpoint_xfer>
10004ea6:	2001      	movs	r0, #1
10004ea8:	bd10      	pop	{r4, pc}
10004eaa:	4b03      	ldr	r3, [pc, #12]	@ (10004eb8 <dcd_edpt_xfer+0x24>)
10004eac:	4a03      	ldr	r2, [pc, #12]	@ (10004ebc <dcd_edpt_xfer+0x28>)
10004eae:	21fe      	movs	r1, #254	@ 0xfe
10004eb0:	4803      	ldr	r0, [pc, #12]	@ (10004ec0 <dcd_edpt_xfer+0x2c>)
10004eb2:	0049      	lsls	r1, r1, #1
10004eb4:	f7ff f8a6 	bl	10004004 <__assert_func>
10004eb8:	10008ce4 	.word	0x10008ce4
10004ebc:	10009400 	.word	0x10009400
10004ec0:	10008c44 	.word	0x10008c44

10004ec4 <dcd_edpt_stall>:
10004ec4:	b510      	push	{r4, lr}
10004ec6:	237f      	movs	r3, #127	@ 0x7f
10004ec8:	0018      	movs	r0, r3
10004eca:	4008      	ands	r0, r1
10004ecc:	420b      	tst	r3, r1
10004ece:	d105      	bne.n	10004edc <dcd_edpt_stall+0x18>
10004ed0:	09cb      	lsrs	r3, r1, #7
10004ed2:	2b01      	cmp	r3, #1
10004ed4:	d00e      	beq.n	10004ef4 <dcd_edpt_stall+0x30>
10004ed6:	2202      	movs	r2, #2
10004ed8:	4b07      	ldr	r3, [pc, #28]	@ (10004ef8 <dcd_edpt_stall+0x34>)
10004eda:	669a      	str	r2, [r3, #104]	@ 0x68
10004edc:	09c9      	lsrs	r1, r1, #7
10004ede:	0040      	lsls	r0, r0, #1
10004ee0:	1840      	adds	r0, r0, r1
10004ee2:	0140      	lsls	r0, r0, #5
10004ee4:	4b05      	ldr	r3, [pc, #20]	@ (10004efc <dcd_edpt_stall+0x38>)
10004ee6:	18c0      	adds	r0, r0, r3
10004ee8:	2280      	movs	r2, #128	@ 0x80
10004eea:	0112      	lsls	r2, r2, #4
10004eec:	2100      	movs	r1, #0
10004eee:	f003 f8a7 	bl	10008040 <___hw_endpoint_buffer_control_update32_veneer>
10004ef2:	bd10      	pop	{r4, pc}
10004ef4:	2201      	movs	r2, #1
10004ef6:	e7ef      	b.n	10004ed8 <dcd_edpt_stall+0x14>
10004ef8:	50112000 	.word	0x50112000
10004efc:	20001f30 	.word	0x20001f30

10004f00 <dcd_edpt_clear_stall>:
10004f00:	b510      	push	{r4, lr}
10004f02:	227f      	movs	r2, #127	@ 0x7f
10004f04:	0010      	movs	r0, r2
10004f06:	4008      	ands	r0, r1
10004f08:	420a      	tst	r2, r1
10004f0a:	d100      	bne.n	10004f0e <dcd_edpt_clear_stall+0xe>
10004f0c:	bd10      	pop	{r4, pc}
10004f0e:	09c9      	lsrs	r1, r1, #7
10004f10:	0040      	lsls	r0, r0, #1
10004f12:	1840      	adds	r0, r0, r1
10004f14:	0140      	lsls	r0, r0, #5
10004f16:	4b04      	ldr	r3, [pc, #16]	@ (10004f28 <dcd_edpt_clear_stall+0x28>)
10004f18:	18c0      	adds	r0, r0, r3
10004f1a:	2300      	movs	r3, #0
10004f1c:	70c3      	strb	r3, [r0, #3]
10004f1e:	2200      	movs	r2, #0
10004f20:	4902      	ldr	r1, [pc, #8]	@ (10004f2c <dcd_edpt_clear_stall+0x2c>)
10004f22:	f003 f88d 	bl	10008040 <___hw_endpoint_buffer_control_update32_veneer>
10004f26:	e7f1      	b.n	10004f0c <dcd_edpt_clear_stall+0xc>
10004f28:	20001f30 	.word	0x20001f30
10004f2c:	fffff7ff 	.word	0xfffff7ff

10004f30 <unaligned_memcpy>:
10004f30:	e004      	b.n	10004f3c <unaligned_memcpy+0xc>
10004f32:	780a      	ldrb	r2, [r1, #0]
10004f34:	7002      	strb	r2, [r0, #0]
10004f36:	3101      	adds	r1, #1
10004f38:	3001      	adds	r0, #1
10004f3a:	001a      	movs	r2, r3
10004f3c:	1e53      	subs	r3, r2, #1
10004f3e:	2a00      	cmp	r2, #0
10004f40:	d1f7      	bne.n	10004f32 <unaligned_memcpy+0x2>
10004f42:	4770      	bx	lr

10004f44 <rp2040_usb_init>:
10004f44:	b510      	push	{r4, lr}
10004f46:	2380      	movs	r3, #128	@ 0x80
10004f48:	045b      	lsls	r3, r3, #17
10004f4a:	4a0a      	ldr	r2, [pc, #40]	@ (10004f74 <rp2040_usb_init+0x30>)
10004f4c:	6013      	str	r3, [r2, #0]
10004f4e:	4a0a      	ldr	r2, [pc, #40]	@ (10004f78 <rp2040_usb_init+0x34>)
10004f50:	6013      	str	r3, [r2, #0]
10004f52:	4b0a      	ldr	r3, [pc, #40]	@ (10004f7c <rp2040_usb_init+0x38>)
10004f54:	681a      	ldr	r2, [r3, #0]
10004f56:	2380      	movs	r3, #128	@ 0x80
10004f58:	045b      	lsls	r3, r3, #17
10004f5a:	4393      	bics	r3, r2
10004f5c:	d1f9      	bne.n	10004f52 <rp2040_usb_init+0xe>
10004f5e:	2280      	movs	r2, #128	@ 0x80
10004f60:	0152      	lsls	r2, r2, #5
10004f62:	2100      	movs	r1, #0
10004f64:	4806      	ldr	r0, [pc, #24]	@ (10004f80 <rp2040_usb_init+0x3c>)
10004f66:	f7fd ff43 	bl	10002df0 <__wrap_memset>
10004f6a:	4b06      	ldr	r3, [pc, #24]	@ (10004f84 <rp2040_usb_init+0x40>)
10004f6c:	2209      	movs	r2, #9
10004f6e:	675a      	str	r2, [r3, #116]	@ 0x74
10004f70:	bd10      	pop	{r4, pc}
10004f72:	46c0      	nop			@ (mov r8, r8)
10004f74:	4000e000 	.word	0x4000e000
10004f78:	4000f000 	.word	0x4000f000
10004f7c:	4000c008 	.word	0x4000c008
10004f80:	50100000 	.word	0x50100000
10004f84:	50110000 	.word	0x50110000

10004f88 <hw_endpoint_xfer_start>:
10004f88:	b570      	push	{r4, r5, r6, lr}
10004f8a:	0004      	movs	r4, r0
10004f8c:	000d      	movs	r5, r1
10004f8e:	0016      	movs	r6, r2
10004f90:	7e83      	ldrb	r3, [r0, #26]
10004f92:	2b00      	cmp	r3, #0
10004f94:	d117      	bne.n	10004fc6 <hw_endpoint_xfer_start+0x3e>
10004f96:	82a6      	strh	r6, [r4, #20]
10004f98:	2300      	movs	r3, #0
10004f9a:	82e3      	strh	r3, [r4, #22]
10004f9c:	3301      	adds	r3, #1
10004f9e:	76a3      	strb	r3, [r4, #26]
10004fa0:	6125      	str	r5, [r4, #16]
10004fa2:	0020      	movs	r0, r4
10004fa4:	f003 f80c 	bl	10007fc0 <__e15_is_bulkin_ep_veneer>
10004fa8:	2800      	cmp	r0, #0
10004faa:	d004      	beq.n	10004fb6 <hw_endpoint_xfer_start+0x2e>
10004fac:	4a0c      	ldr	r2, [pc, #48]	@ (10004fe0 <hw_endpoint_xfer_start+0x58>)
10004fae:	2390      	movs	r3, #144	@ 0x90
10004fb0:	2180      	movs	r1, #128	@ 0x80
10004fb2:	0289      	lsls	r1, r1, #10
10004fb4:	50d1      	str	r1, [r2, r3]
10004fb6:	0020      	movs	r0, r4
10004fb8:	f003 f84a 	bl	10008050 <__e15_is_critical_frame_period_veneer>
10004fbc:	2800      	cmp	r0, #0
10004fbe:	d00a      	beq.n	10004fd6 <hw_endpoint_xfer_start+0x4e>
10004fc0:	2301      	movs	r3, #1
10004fc2:	7723      	strb	r3, [r4, #28]
10004fc4:	bd70      	pop	{r4, r5, r6, pc}
10004fc6:	7881      	ldrb	r1, [r0, #2]
10004fc8:	4806      	ldr	r0, [pc, #24]	@ (10004fe4 <hw_endpoint_xfer_start+0x5c>)
10004fca:	f7ff f98b 	bl	100042e4 <__wrap_printf>
10004fce:	0020      	movs	r0, r4
10004fd0:	f003 f82e 	bl	10008030 <__hw_endpoint_reset_transfer_veneer>
10004fd4:	e7df      	b.n	10004f96 <hw_endpoint_xfer_start+0xe>
10004fd6:	0020      	movs	r0, r4
10004fd8:	f003 f822 	bl	10008020 <__hw_endpoint_start_next_buffer_veneer>
10004fdc:	e7f2      	b.n	10004fc4 <hw_endpoint_xfer_start+0x3c>
10004fde:	46c0      	nop			@ (mov r8, r8)
10004fe0:	50112000 	.word	0x50112000
10004fe4:	10008dd0 	.word	0x10008dd0

10004fe8 <configuration_reset>:
10004fe8:	b570      	push	{r4, r5, r6, lr}
10004fea:	0005      	movs	r5, r0
10004fec:	2400      	movs	r4, #0
10004fee:	e008      	b.n	10005002 <configuration_reset+0x1a>
10004ff0:	1a9b      	subs	r3, r3, r2
10004ff2:	015b      	lsls	r3, r3, #5
10004ff4:	4a16      	ldr	r2, [pc, #88]	@ (10005050 <configuration_reset+0x68>)
10004ff6:	189b      	adds	r3, r3, r2
10004ff8:	68db      	ldr	r3, [r3, #12]
10004ffa:	0028      	movs	r0, r5
10004ffc:	4798      	blx	r3
10004ffe:	3401      	adds	r4, #1
10005000:	b2e4      	uxtb	r4, r4
10005002:	4b14      	ldr	r3, [pc, #80]	@ (10005054 <configuration_reset+0x6c>)
10005004:	781a      	ldrb	r2, [r3, #0]
10005006:	0023      	movs	r3, r4
10005008:	1c51      	adds	r1, r2, #1
1000500a:	42a1      	cmp	r1, r4
1000500c:	db0d      	blt.n	1000502a <configuration_reset+0x42>
1000500e:	42a2      	cmp	r2, r4
10005010:	d9ee      	bls.n	10004ff0 <configuration_reset+0x8>
10005012:	4b11      	ldr	r3, [pc, #68]	@ (10005058 <configuration_reset+0x70>)
10005014:	681b      	ldr	r3, [r3, #0]
10005016:	0162      	lsls	r2, r4, #5
10005018:	189b      	adds	r3, r3, r2
1000501a:	2b00      	cmp	r3, #0
1000501c:	d1ec      	bne.n	10004ff8 <configuration_reset+0x10>
1000501e:	490f      	ldr	r1, [pc, #60]	@ (1000505c <configuration_reset+0x74>)
10005020:	480f      	ldr	r0, [pc, #60]	@ (10005060 <configuration_reset+0x78>)
10005022:	4a10      	ldr	r2, [pc, #64]	@ (10005064 <configuration_reset+0x7c>)
10005024:	f7ff f95e 	bl	100042e4 <__wrap_printf>
10005028:	e010      	b.n	1000504c <configuration_reset+0x64>
1000502a:	4c0f      	ldr	r4, [pc, #60]	@ (10005068 <configuration_reset+0x80>)
1000502c:	2254      	movs	r2, #84	@ 0x54
1000502e:	2100      	movs	r1, #0
10005030:	0020      	movs	r0, r4
10005032:	f7fd fedd 	bl	10002df0 <__wrap_memset>
10005036:	1d20      	adds	r0, r4, #4
10005038:	2210      	movs	r2, #16
1000503a:	21ff      	movs	r1, #255	@ 0xff
1000503c:	f7fd fed8 	bl	10002df0 <__wrap_memset>
10005040:	0020      	movs	r0, r4
10005042:	3014      	adds	r0, #20
10005044:	2220      	movs	r2, #32
10005046:	21ff      	movs	r1, #255	@ 0xff
10005048:	f7fd fed2 	bl	10002df0 <__wrap_memset>
1000504c:	bd70      	pop	{r4, r5, r6, pc}
1000504e:	46c0      	nop			@ (mov r8, r8)
10005050:	100095cc 	.word	0x100095cc
10005054:	200025a9 	.word	0x200025a9
10005058:	2000169c 	.word	0x2000169c
1000505c:	1000959c 	.word	0x1000959c
10005060:	10008e08 	.word	0x10008e08
10005064:	00000216 	.word	0x00000216
10005068:	200019c8 	.word	0x200019c8

1000506c <critical_section_enter_blocking>:
1000506c:	6802      	ldr	r2, [r0, #0]
1000506e:	f3ef 8110 	mrs	r1, PRIMASK
10005072:	b672      	cpsid	i
10005074:	6813      	ldr	r3, [r2, #0]
10005076:	2b00      	cmp	r3, #0
10005078:	d0fc      	beq.n	10005074 <critical_section_enter_blocking+0x8>
1000507a:	f3bf 8f5f 	dmb	sy
1000507e:	6041      	str	r1, [r0, #4]
10005080:	4770      	bx	lr

10005082 <usbd_reset>:
10005082:	b510      	push	{r4, lr}
10005084:	f7ff ffb0 	bl	10004fe8 <configuration_reset>
10005088:	f000 fe54 	bl	10005d34 <usbd_control_reset>
1000508c:	bd10      	pop	{r4, pc}

1000508e <invoke_class_control>:
1000508e:	b570      	push	{r4, r5, r6, lr}
10005090:	0005      	movs	r5, r0
10005092:	000c      	movs	r4, r1
10005094:	0016      	movs	r6, r2
10005096:	6948      	ldr	r0, [r1, #20]
10005098:	f000 fe56 	bl	10005d48 <usbd_control_set_complete_callback>
1000509c:	6963      	ldr	r3, [r4, #20]
1000509e:	0032      	movs	r2, r6
100050a0:	2101      	movs	r1, #1
100050a2:	0028      	movs	r0, r5
100050a4:	4798      	blx	r3
100050a6:	bd70      	pop	{r4, r5, r6, pc}

100050a8 <process_set_config>:
100050a8:	b5f0      	push	{r4, r5, r6, r7, lr}
100050aa:	46de      	mov	lr, fp
100050ac:	4657      	mov	r7, sl
100050ae:	464e      	mov	r6, r9
100050b0:	4645      	mov	r5, r8
100050b2:	b5e0      	push	{r5, r6, r7, lr}
100050b4:	b083      	sub	sp, #12
100050b6:	4682      	mov	sl, r0
100050b8:	3901      	subs	r1, #1
100050ba:	b2c8      	uxtb	r0, r1
100050bc:	f7ff fd00 	bl	10004ac0 <tud_descriptor_configuration_cb>
100050c0:	2800      	cmp	r0, #0
100050c2:	d003      	beq.n	100050cc <process_set_config+0x24>
100050c4:	7843      	ldrb	r3, [r0, #1]
100050c6:	4699      	mov	r9, r3
100050c8:	2b02      	cmp	r3, #2
100050ca:	d00c      	beq.n	100050e6 <process_set_config+0x3e>
100050cc:	4955      	ldr	r1, [pc, #340]	@ (10005224 <process_set_config+0x17c>)
100050ce:	4856      	ldr	r0, [pc, #344]	@ (10005228 <process_set_config+0x180>)
100050d0:	4a56      	ldr	r2, [pc, #344]	@ (1000522c <process_set_config+0x184>)
100050d2:	f7ff f907 	bl	100042e4 <__wrap_printf>
100050d6:	2000      	movs	r0, #0
100050d8:	b003      	add	sp, #12
100050da:	bcf0      	pop	{r4, r5, r6, r7}
100050dc:	46bb      	mov	fp, r7
100050de:	46b2      	mov	sl, r6
100050e0:	46a9      	mov	r9, r5
100050e2:	46a0      	mov	r8, r4
100050e4:	bdf0      	pop	{r4, r5, r6, r7, pc}
100050e6:	79c5      	ldrb	r5, [r0, #7]
100050e8:	116c      	asrs	r4, r5, #5
100050ea:	2201      	movs	r2, #1
100050ec:	4b50      	ldr	r3, [pc, #320]	@ (10005230 <process_set_config+0x188>)
100050ee:	4014      	ands	r4, r2
100050f0:	0124      	lsls	r4, r4, #4
100050f2:	7819      	ldrb	r1, [r3, #0]
100050f4:	2610      	movs	r6, #16
100050f6:	43b1      	bics	r1, r6
100050f8:	4321      	orrs	r1, r4
100050fa:	7019      	strb	r1, [r3, #0]
100050fc:	11ad      	asrs	r5, r5, #6
100050fe:	402a      	ands	r2, r5
10005100:	0152      	lsls	r2, r2, #5
10005102:	b2c9      	uxtb	r1, r1
10005104:	2420      	movs	r4, #32
10005106:	43a1      	bics	r1, r4
10005108:	430a      	orrs	r2, r1
1000510a:	701a      	strb	r2, [r3, #0]
1000510c:	0006      	movs	r6, r0
1000510e:	3609      	adds	r6, #9
10005110:	7882      	ldrb	r2, [r0, #2]
10005112:	78c3      	ldrb	r3, [r0, #3]
10005114:	021b      	lsls	r3, r3, #8
10005116:	4313      	orrs	r3, r2
10005118:	4683      	mov	fp, r0
1000511a:	449b      	add	fp, r3
1000511c:	464b      	mov	r3, r9
1000511e:	9301      	str	r3, [sp, #4]
10005120:	0037      	movs	r7, r6
10005122:	e066      	b.n	100051f2 <process_set_config+0x14a>
10005124:	78fb      	ldrb	r3, [r7, #3]
10005126:	4699      	mov	r9, r3
10005128:	783a      	ldrb	r2, [r7, #0]
1000512a:	18bf      	adds	r7, r7, r2
1000512c:	e068      	b.n	10005200 <process_set_config+0x158>
1000512e:	493d      	ldr	r1, [pc, #244]	@ (10005224 <process_set_config+0x17c>)
10005130:	483d      	ldr	r0, [pc, #244]	@ (10005228 <process_set_config+0x180>)
10005132:	4a40      	ldr	r2, [pc, #256]	@ (10005234 <process_set_config+0x18c>)
10005134:	f7ff f8d6 	bl	100042e4 <__wrap_printf>
10005138:	2000      	movs	r0, #0
1000513a:	e7cd      	b.n	100050d8 <process_set_config+0x30>
1000513c:	9a00      	ldr	r2, [sp, #0]
1000513e:	1ad3      	subs	r3, r2, r3
10005140:	015b      	lsls	r3, r3, #5
10005142:	4e3d      	ldr	r6, [pc, #244]	@ (10005238 <process_set_config+0x190>)
10005144:	199e      	adds	r6, r3, r6
10005146:	6933      	ldr	r3, [r6, #16]
10005148:	0022      	movs	r2, r4
1000514a:	0039      	movs	r1, r7
1000514c:	4650      	mov	r0, sl
1000514e:	4798      	blx	r3
10005150:	2808      	cmp	r0, #8
10005152:	d901      	bls.n	10005158 <process_set_config+0xb0>
10005154:	4284      	cmp	r4, r0
10005156:	d216      	bcs.n	10005186 <process_set_config+0xde>
10005158:	3501      	adds	r5, #1
1000515a:	b2ed      	uxtb	r5, r5
1000515c:	4b37      	ldr	r3, [pc, #220]	@ (1000523c <process_set_config+0x194>)
1000515e:	781b      	ldrb	r3, [r3, #0]
10005160:	9500      	str	r5, [sp, #0]
10005162:	1c5a      	adds	r2, r3, #1
10005164:	42aa      	cmp	r2, r5
10005166:	db3e      	blt.n	100051e6 <process_set_config+0x13e>
10005168:	42ab      	cmp	r3, r5
1000516a:	d9e7      	bls.n	1000513c <process_set_config+0x94>
1000516c:	4b34      	ldr	r3, [pc, #208]	@ (10005240 <process_set_config+0x198>)
1000516e:	681b      	ldr	r3, [r3, #0]
10005170:	016e      	lsls	r6, r5, #5
10005172:	199e      	adds	r6, r3, r6
10005174:	2e00      	cmp	r6, #0
10005176:	d1e6      	bne.n	10005146 <process_set_config+0x9e>
10005178:	492a      	ldr	r1, [pc, #168]	@ (10005224 <process_set_config+0x17c>)
1000517a:	482b      	ldr	r0, [pc, #172]	@ (10005228 <process_set_config+0x180>)
1000517c:	4a31      	ldr	r2, [pc, #196]	@ (10005244 <process_set_config+0x19c>)
1000517e:	f7ff f8b1 	bl	100042e4 <__wrap_printf>
10005182:	2000      	movs	r0, #0
10005184:	e7a8      	b.n	100050d8 <process_set_config+0x30>
10005186:	0034      	movs	r4, r6
10005188:	9e00      	ldr	r6, [sp, #0]
1000518a:	9000      	str	r0, [sp, #0]
1000518c:	464b      	mov	r3, r9
1000518e:	2b01      	cmp	r3, #1
10005190:	d011      	beq.n	100051b6 <process_set_config+0x10e>
10005192:	2000      	movs	r0, #0
10005194:	4649      	mov	r1, r9
10005196:	4281      	cmp	r1, r0
10005198:	d91b      	bls.n	100051d2 <process_set_config+0x12a>
1000519a:	78bb      	ldrb	r3, [r7, #2]
1000519c:	181b      	adds	r3, r3, r0
1000519e:	b2db      	uxtb	r3, r3
100051a0:	4a23      	ldr	r2, [pc, #140]	@ (10005230 <process_set_config+0x188>)
100051a2:	18d2      	adds	r2, r2, r3
100051a4:	7912      	ldrb	r2, [r2, #4]
100051a6:	2aff      	cmp	r2, #255	@ 0xff
100051a8:	d10c      	bne.n	100051c4 <process_set_config+0x11c>
100051aa:	4a21      	ldr	r2, [pc, #132]	@ (10005230 <process_set_config+0x188>)
100051ac:	18d3      	adds	r3, r2, r3
100051ae:	711d      	strb	r5, [r3, #4]
100051b0:	3001      	adds	r0, #1
100051b2:	b2c0      	uxtb	r0, r0
100051b4:	e7ef      	b.n	10005196 <process_set_config+0xee>
100051b6:	6921      	ldr	r1, [r4, #16]
100051b8:	4a23      	ldr	r2, [pc, #140]	@ (10005248 <process_set_config+0x1a0>)
100051ba:	4291      	cmp	r1, r2
100051bc:	d1e9      	bne.n	10005192 <process_set_config+0xea>
100051be:	9b01      	ldr	r3, [sp, #4]
100051c0:	4699      	mov	r9, r3
100051c2:	e7e6      	b.n	10005192 <process_set_config+0xea>
100051c4:	4917      	ldr	r1, [pc, #92]	@ (10005224 <process_set_config+0x17c>)
100051c6:	4818      	ldr	r0, [pc, #96]	@ (10005228 <process_set_config+0x180>)
100051c8:	4a20      	ldr	r2, [pc, #128]	@ (1000524c <process_set_config+0x1a4>)
100051ca:	f7ff f88b 	bl	100042e4 <__wrap_printf>
100051ce:	2000      	movs	r0, #0
100051d0:	e782      	b.n	100050d8 <process_set_config+0x30>
100051d2:	481f      	ldr	r0, [pc, #124]	@ (10005250 <process_set_config+0x1a8>)
100051d4:	002b      	movs	r3, r5
100051d6:	9c00      	ldr	r4, [sp, #0]
100051d8:	0022      	movs	r2, r4
100051da:	0039      	movs	r1, r7
100051dc:	f001 fc36 	bl	10006a4c <tu_edpt_bind_driver>
100051e0:	46a4      	mov	ip, r4
100051e2:	4467      	add	r7, ip
100051e4:	e000      	b.n	100051e8 <process_set_config+0x140>
100051e6:	002e      	movs	r6, r5
100051e8:	4b14      	ldr	r3, [pc, #80]	@ (1000523c <process_set_config+0x194>)
100051ea:	781b      	ldrb	r3, [r3, #0]
100051ec:	3301      	adds	r3, #1
100051ee:	429e      	cmp	r6, r3
100051f0:	dc0f      	bgt.n	10005212 <process_set_config+0x16a>
100051f2:	455f      	cmp	r7, fp
100051f4:	d214      	bcs.n	10005220 <process_set_config+0x178>
100051f6:	787b      	ldrb	r3, [r7, #1]
100051f8:	2b0b      	cmp	r3, #11
100051fa:	d093      	beq.n	10005124 <process_set_config+0x7c>
100051fc:	2301      	movs	r3, #1
100051fe:	4699      	mov	r9, r3
10005200:	787a      	ldrb	r2, [r7, #1]
10005202:	2a04      	cmp	r2, #4
10005204:	d193      	bne.n	1000512e <process_set_config+0x86>
10005206:	465b      	mov	r3, fp
10005208:	1bda      	subs	r2, r3, r7
1000520a:	b293      	uxth	r3, r2
1000520c:	2500      	movs	r5, #0
1000520e:	001c      	movs	r4, r3
10005210:	e7a4      	b.n	1000515c <process_set_config+0xb4>
10005212:	4904      	ldr	r1, [pc, #16]	@ (10005224 <process_set_config+0x17c>)
10005214:	4804      	ldr	r0, [pc, #16]	@ (10005228 <process_set_config+0x180>)
10005216:	4a0f      	ldr	r2, [pc, #60]	@ (10005254 <process_set_config+0x1ac>)
10005218:	f7ff f864 	bl	100042e4 <__wrap_printf>
1000521c:	2000      	movs	r0, #0
1000521e:	e75b      	b.n	100050d8 <process_set_config+0x30>
10005220:	2001      	movs	r0, #1
10005222:	e759      	b.n	100050d8 <process_set_config+0x30>
10005224:	10009570 	.word	0x10009570
10005228:	10008e08 	.word	0x10008e08
1000522c:	000003c7 	.word	0x000003c7
10005230:	200019c8 	.word	0x200019c8
10005234:	000003e2 	.word	0x000003e2
10005238:	100095cc 	.word	0x100095cc
1000523c:	200025a9 	.word	0x200025a9
10005240:	2000169c 	.word	0x2000169c
10005244:	000003eb 	.word	0x000003eb
10005248:	10006205 	.word	0x10006205
1000524c:	0000040a 	.word	0x0000040a
10005250:	200019dc 	.word	0x200019dc
10005254:	00000419 	.word	0x00000419

10005258 <tud_event_hook_cb>:
10005258:	4770      	bx	lr

1000525a <tud_sof_cb>:
1000525a:	4770      	bx	lr

1000525c <tud_descriptor_device_qualifier_cb>:
1000525c:	2000      	movs	r0, #0
1000525e:	4770      	bx	lr

10005260 <tud_descriptor_other_speed_configuration_cb>:
10005260:	2000      	movs	r0, #0
10005262:	4770      	bx	lr

10005264 <process_get_descriptor>:
10005264:	b570      	push	{r4, r5, r6, lr}
10005266:	0005      	movs	r5, r0
10005268:	000c      	movs	r4, r1
1000526a:	78cb      	ldrb	r3, [r1, #3]
1000526c:	7888      	ldrb	r0, [r1, #2]
1000526e:	2b0f      	cmp	r3, #15
10005270:	d853      	bhi.n	1000531a <process_get_descriptor+0xb6>
10005272:	009a      	lsls	r2, r3, #2
10005274:	492e      	ldr	r1, [pc, #184]	@ (10005330 <process_get_descriptor+0xcc>)
10005276:	588a      	ldr	r2, [r1, r2]
10005278:	4697      	mov	pc, r2
1000527a:	f7ff fc1d 	bl	10004ab8 <tud_descriptor_device_cb>
1000527e:	1e02      	subs	r2, r0, #0
10005280:	d005      	beq.n	1000528e <process_get_descriptor+0x2a>
10005282:	2312      	movs	r3, #18
10005284:	0021      	movs	r1, r4
10005286:	0028      	movs	r0, r5
10005288:	f000 fd08 	bl	10005c9c <tud_control_xfer>
1000528c:	e046      	b.n	1000531c <process_get_descriptor+0xb8>
1000528e:	4929      	ldr	r1, [pc, #164]	@ (10005334 <process_get_descriptor+0xd0>)
10005290:	4829      	ldr	r0, [pc, #164]	@ (10005338 <process_get_descriptor+0xd4>)
10005292:	4a2a      	ldr	r2, [pc, #168]	@ (1000533c <process_get_descriptor+0xd8>)
10005294:	f7ff f826 	bl	100042e4 <__wrap_printf>
10005298:	2000      	movs	r0, #0
1000529a:	e03f      	b.n	1000531c <process_get_descriptor+0xb8>
1000529c:	f7ff f9a0 	bl	100045e0 <tud_descriptor_bos_cb>
100052a0:	1e02      	subs	r2, r0, #0
100052a2:	d03c      	beq.n	1000531e <process_get_descriptor+0xba>
100052a4:	7881      	ldrb	r1, [r0, #2]
100052a6:	78c3      	ldrb	r3, [r0, #3]
100052a8:	021b      	lsls	r3, r3, #8
100052aa:	430b      	orrs	r3, r1
100052ac:	0021      	movs	r1, r4
100052ae:	0028      	movs	r0, r5
100052b0:	f000 fcf4 	bl	10005c9c <tud_control_xfer>
100052b4:	e032      	b.n	1000531c <process_get_descriptor+0xb8>
100052b6:	2b02      	cmp	r3, #2
100052b8:	d00c      	beq.n	100052d4 <process_get_descriptor+0x70>
100052ba:	f7ff ffd1 	bl	10005260 <tud_descriptor_other_speed_configuration_cb>
100052be:	1e02      	subs	r2, r0, #0
100052c0:	d02f      	beq.n	10005322 <process_get_descriptor+0xbe>
100052c2:	7891      	ldrb	r1, [r2, #2]
100052c4:	78d3      	ldrb	r3, [r2, #3]
100052c6:	021b      	lsls	r3, r3, #8
100052c8:	430b      	orrs	r3, r1
100052ca:	0021      	movs	r1, r4
100052cc:	0028      	movs	r0, r5
100052ce:	f000 fce5 	bl	10005c9c <tud_control_xfer>
100052d2:	e023      	b.n	1000531c <process_get_descriptor+0xb8>
100052d4:	f7ff fbf4 	bl	10004ac0 <tud_descriptor_configuration_cb>
100052d8:	1e02      	subs	r2, r0, #0
100052da:	d1f2      	bne.n	100052c2 <process_get_descriptor+0x5e>
100052dc:	4915      	ldr	r1, [pc, #84]	@ (10005334 <process_get_descriptor+0xd0>)
100052de:	4816      	ldr	r0, [pc, #88]	@ (10005338 <process_get_descriptor+0xd4>)
100052e0:	4a17      	ldr	r2, [pc, #92]	@ (10005340 <process_get_descriptor+0xdc>)
100052e2:	f7fe ffff 	bl	100042e4 <__wrap_printf>
100052e6:	2000      	movs	r0, #0
100052e8:	e018      	b.n	1000531c <process_get_descriptor+0xb8>
100052ea:	7923      	ldrb	r3, [r4, #4]
100052ec:	7961      	ldrb	r1, [r4, #5]
100052ee:	0209      	lsls	r1, r1, #8
100052f0:	4319      	orrs	r1, r3
100052f2:	f7ff fbe9 	bl	10004ac8 <tud_descriptor_string_cb>
100052f6:	1e02      	subs	r2, r0, #0
100052f8:	d015      	beq.n	10005326 <process_get_descriptor+0xc2>
100052fa:	7803      	ldrb	r3, [r0, #0]
100052fc:	0021      	movs	r1, r4
100052fe:	0028      	movs	r0, r5
10005300:	f000 fccc 	bl	10005c9c <tud_control_xfer>
10005304:	e00a      	b.n	1000531c <process_get_descriptor+0xb8>
10005306:	f7ff ffa9 	bl	1000525c <tud_descriptor_device_qualifier_cb>
1000530a:	1e02      	subs	r2, r0, #0
1000530c:	d00d      	beq.n	1000532a <process_get_descriptor+0xc6>
1000530e:	7803      	ldrb	r3, [r0, #0]
10005310:	0021      	movs	r1, r4
10005312:	0028      	movs	r0, r5
10005314:	f000 fcc2 	bl	10005c9c <tud_control_xfer>
10005318:	e000      	b.n	1000531c <process_get_descriptor+0xb8>
1000531a:	2000      	movs	r0, #0
1000531c:	bd70      	pop	{r4, r5, r6, pc}
1000531e:	2000      	movs	r0, #0
10005320:	e7fc      	b.n	1000531c <process_get_descriptor+0xb8>
10005322:	2000      	movs	r0, #0
10005324:	e7fa      	b.n	1000531c <process_get_descriptor+0xb8>
10005326:	2000      	movs	r0, #0
10005328:	e7f8      	b.n	1000531c <process_get_descriptor+0xb8>
1000532a:	2000      	movs	r0, #0
1000532c:	e7f6      	b.n	1000531c <process_get_descriptor+0xb8>
1000532e:	46c0      	nop			@ (mov r8, r8)
10005330:	10009470 	.word	0x10009470
10005334:	10009558 	.word	0x10009558
10005338:	10008e08 	.word	0x10008e08
1000533c:	0000042b 	.word	0x0000042b
10005340:	00000452 	.word	0x00000452

10005344 <tud_mount_cb>:
10005344:	4770      	bx	lr

10005346 <tud_umount_cb>:
10005346:	4770      	bx	lr

10005348 <tud_suspend_cb>:
10005348:	4770      	bx	lr

1000534a <tud_resume_cb>:
1000534a:	4770      	bx	lr

1000534c <tud_mounted>:
1000534c:	4b02      	ldr	r3, [pc, #8]	@ (10005358 <tud_mounted+0xc>)
1000534e:	7858      	ldrb	r0, [r3, #1]
10005350:	1e43      	subs	r3, r0, #1
10005352:	4198      	sbcs	r0, r3
10005354:	b2c0      	uxtb	r0, r0
10005356:	4770      	bx	lr
10005358:	200019c8 	.word	0x200019c8

1000535c <tud_suspended>:
1000535c:	4b02      	ldr	r3, [pc, #8]	@ (10005368 <tud_suspended+0xc>)
1000535e:	7818      	ldrb	r0, [r3, #0]
10005360:	0740      	lsls	r0, r0, #29
10005362:	0fc0      	lsrs	r0, r0, #31
10005364:	4770      	bx	lr
10005366:	46c0      	nop			@ (mov r8, r8)
10005368:	200019c8 	.word	0x200019c8

1000536c <tud_inited>:
1000536c:	4b03      	ldr	r3, [pc, #12]	@ (1000537c <tud_inited+0x10>)
1000536e:	7818      	ldrb	r0, [r3, #0]
10005370:	38ff      	subs	r0, #255	@ 0xff
10005372:	1e43      	subs	r3, r0, #1
10005374:	4198      	sbcs	r0, r3
10005376:	b2c0      	uxtb	r0, r0
10005378:	4770      	bx	lr
1000537a:	46c0      	nop			@ (mov r8, r8)
1000537c:	20000c9c 	.word	0x20000c9c

10005380 <tud_init>:
10005380:	b570      	push	{r4, r5, r6, lr}
10005382:	0005      	movs	r5, r0
10005384:	f7ff fff2 	bl	1000536c <tud_inited>
10005388:	1e06      	subs	r6, r0, #0
1000538a:	d001      	beq.n	10005390 <tud_init+0x10>
1000538c:	0030      	movs	r0, r6
1000538e:	bd70      	pop	{r4, r5, r6, pc}
10005390:	4825      	ldr	r0, [pc, #148]	@ (10005428 <tud_init+0xa8>)
10005392:	2254      	movs	r2, #84	@ 0x54
10005394:	2100      	movs	r1, #0
10005396:	f7fd fd2b 	bl	10002df0 <__wrap_memset>
1000539a:	4b24      	ldr	r3, [pc, #144]	@ (1000542c <tud_init+0xac>)
1000539c:	2200      	movs	r2, #0
1000539e:	701a      	strb	r2, [r3, #0]
100053a0:	4c23      	ldr	r4, [pc, #140]	@ (10005430 <tud_init+0xb0>)
100053a2:	0020      	movs	r0, r4
100053a4:	f7fc f8c0 	bl	10001528 <mutex_init>
100053a8:	4b22      	ldr	r3, [pc, #136]	@ (10005434 <tud_init+0xb4>)
100053aa:	601c      	str	r4, [r3, #0]
100053ac:	4c22      	ldr	r4, [pc, #136]	@ (10005438 <tud_init+0xb8>)
100053ae:	0020      	movs	r0, r4
100053b0:	f7fc f906 	bl	100015c0 <critical_section_init>
100053b4:	3c14      	subs	r4, #20
100053b6:	0020      	movs	r0, r4
100053b8:	f001 fedf 	bl	1000717a <tu_fifo_clear>
100053bc:	4b1f      	ldr	r3, [pc, #124]	@ (1000543c <tud_init+0xbc>)
100053be:	601c      	str	r4, [r3, #0]
100053c0:	4b1f      	ldr	r3, [pc, #124]	@ (10005440 <tud_init+0xc0>)
100053c2:	2b00      	cmp	r3, #0
100053c4:	d004      	beq.n	100053d0 <tud_init+0x50>
100053c6:	481f      	ldr	r0, [pc, #124]	@ (10005444 <tud_init+0xc4>)
100053c8:	f7ff f92a 	bl	10004620 <usbd_app_driver_get_cb>
100053cc:	4b1e      	ldr	r3, [pc, #120]	@ (10005448 <tud_init+0xc8>)
100053ce:	6018      	str	r0, [r3, #0]
100053d0:	2400      	movs	r4, #0
100053d2:	e009      	b.n	100053e8 <tud_init+0x68>
100053d4:	1a9b      	subs	r3, r3, r2
100053d6:	015b      	lsls	r3, r3, #5
100053d8:	4a1c      	ldr	r2, [pc, #112]	@ (1000544c <tud_init+0xcc>)
100053da:	189b      	adds	r3, r3, r2
100053dc:	685b      	ldr	r3, [r3, #4]
100053de:	2b00      	cmp	r3, #0
100053e0:	d010      	beq.n	10005404 <tud_init+0x84>
100053e2:	4798      	blx	r3
100053e4:	3401      	adds	r4, #1
100053e6:	b2e4      	uxtb	r4, r4
100053e8:	4b16      	ldr	r3, [pc, #88]	@ (10005444 <tud_init+0xc4>)
100053ea:	781a      	ldrb	r2, [r3, #0]
100053ec:	0023      	movs	r3, r4
100053ee:	1c51      	adds	r1, r2, #1
100053f0:	42a1      	cmp	r1, r4
100053f2:	db0e      	blt.n	10005412 <tud_init+0x92>
100053f4:	42a2      	cmp	r2, r4
100053f6:	d9ed      	bls.n	100053d4 <tud_init+0x54>
100053f8:	4b13      	ldr	r3, [pc, #76]	@ (10005448 <tud_init+0xc8>)
100053fa:	681b      	ldr	r3, [r3, #0]
100053fc:	0162      	lsls	r2, r4, #5
100053fe:	189b      	adds	r3, r3, r2
10005400:	2b00      	cmp	r3, #0
10005402:	d1eb      	bne.n	100053dc <tud_init+0x5c>
10005404:	22f1      	movs	r2, #241	@ 0xf1
10005406:	4912      	ldr	r1, [pc, #72]	@ (10005450 <tud_init+0xd0>)
10005408:	4812      	ldr	r0, [pc, #72]	@ (10005454 <tud_init+0xd4>)
1000540a:	0052      	lsls	r2, r2, #1
1000540c:	f7fe ff6a 	bl	100042e4 <__wrap_printf>
10005410:	e7bc      	b.n	1000538c <tud_init+0xc>
10005412:	4b11      	ldr	r3, [pc, #68]	@ (10005458 <tud_init+0xd8>)
10005414:	701d      	strb	r5, [r3, #0]
10005416:	0028      	movs	r0, r5
10005418:	f7ff fcbc 	bl	10004d94 <dcd_init>
1000541c:	0028      	movs	r0, r5
1000541e:	f7ff fc85 	bl	10004d2c <dcd_int_enable>
10005422:	2601      	movs	r6, #1
10005424:	e7b2      	b.n	1000538c <tud_init+0xc>
10005426:	46c0      	nop			@ (mov r8, r8)
10005428:	200019c8 	.word	0x200019c8
1000542c:	200025ab 	.word	0x200025ab
10005430:	20001980 	.word	0x20001980
10005434:	20001a1c 	.word	0x20001a1c
10005438:	20000c94 	.word	0x20000c94
1000543c:	20001a20 	.word	0x20001a20
10005440:	10004621 	.word	0x10004621
10005444:	200025a9 	.word	0x200025a9
10005448:	2000169c 	.word	0x2000169c
1000544c:	100095cc 	.word	0x100095cc
10005450:	100095c0 	.word	0x100095c0
10005454:	10008e08 	.word	0x10008e08
10005458:	20000c9c 	.word	0x20000c9c

1000545c <usbd_edpt_open>:
1000545c:	b570      	push	{r4, r5, r6, lr}
1000545e:	000d      	movs	r5, r1
10005460:	4b10      	ldr	r3, [pc, #64]	@ (100054a4 <usbd_edpt_open+0x48>)
10005462:	781e      	ldrb	r6, [r3, #0]
10005464:	788b      	ldrb	r3, [r1, #2]
10005466:	2270      	movs	r2, #112	@ 0x70
10005468:	421a      	tst	r2, r3
1000546a:	d10d      	bne.n	10005488 <usbd_edpt_open+0x2c>
1000546c:	4b0e      	ldr	r3, [pc, #56]	@ (100054a8 <usbd_edpt_open+0x4c>)
1000546e:	7899      	ldrb	r1, [r3, #2]
10005470:	0028      	movs	r0, r5
10005472:	f001 fa95 	bl	100069a0 <tu_edpt_validate>
10005476:	1e04      	subs	r4, r0, #0
10005478:	d00d      	beq.n	10005496 <usbd_edpt_open+0x3a>
1000547a:	0029      	movs	r1, r5
1000547c:	0030      	movs	r0, r6
1000547e:	f7ff fce5 	bl	10004e4c <dcd_edpt_open>
10005482:	0004      	movs	r4, r0
10005484:	0020      	movs	r0, r4
10005486:	bd70      	pop	{r4, r5, r6, pc}
10005488:	4908      	ldr	r1, [pc, #32]	@ (100054ac <usbd_edpt_open+0x50>)
1000548a:	4809      	ldr	r0, [pc, #36]	@ (100054b0 <usbd_edpt_open+0x54>)
1000548c:	4a09      	ldr	r2, [pc, #36]	@ (100054b4 <usbd_edpt_open+0x58>)
1000548e:	f7fe ff29 	bl	100042e4 <__wrap_printf>
10005492:	2400      	movs	r4, #0
10005494:	e7f6      	b.n	10005484 <usbd_edpt_open+0x28>
10005496:	4905      	ldr	r1, [pc, #20]	@ (100054ac <usbd_edpt_open+0x50>)
10005498:	4805      	ldr	r0, [pc, #20]	@ (100054b0 <usbd_edpt_open+0x54>)
1000549a:	4a07      	ldr	r2, [pc, #28]	@ (100054b8 <usbd_edpt_open+0x5c>)
1000549c:	f7fe ff22 	bl	100042e4 <__wrap_printf>
100054a0:	e7f0      	b.n	10005484 <usbd_edpt_open+0x28>
100054a2:	46c0      	nop			@ (mov r8, r8)
100054a4:	20000c9c 	.word	0x20000c9c
100054a8:	200019c8 	.word	0x200019c8
100054ac:	10009528 	.word	0x10009528
100054b0:	10008e08 	.word	0x10008e08
100054b4:	000004fc 	.word	0x000004fc
100054b8:	000004fd 	.word	0x000004fd

100054bc <usbd_open_edpt_pair>:
100054bc:	b5f0      	push	{r4, r5, r6, r7, lr}
100054be:	46d6      	mov	lr, sl
100054c0:	464f      	mov	r7, r9
100054c2:	4646      	mov	r6, r8
100054c4:	b5c0      	push	{r6, r7, lr}
100054c6:	4681      	mov	r9, r0
100054c8:	000c      	movs	r4, r1
100054ca:	0017      	movs	r7, r2
100054cc:	4698      	mov	r8, r3
100054ce:	9b08      	ldr	r3, [sp, #32]
100054d0:	469a      	mov	sl, r3
100054d2:	2500      	movs	r5, #0
100054d4:	e017      	b.n	10005506 <usbd_open_edpt_pair+0x4a>
100054d6:	229b      	movs	r2, #155	@ 0x9b
100054d8:	4917      	ldr	r1, [pc, #92]	@ (10005538 <usbd_open_edpt_pair+0x7c>)
100054da:	4818      	ldr	r0, [pc, #96]	@ (1000553c <usbd_open_edpt_pair+0x80>)
100054dc:	00d2      	lsls	r2, r2, #3
100054de:	f7fe ff01 	bl	100042e4 <__wrap_printf>
100054e2:	2600      	movs	r6, #0
100054e4:	0030      	movs	r0, r6
100054e6:	bce0      	pop	{r5, r6, r7}
100054e8:	46ba      	mov	sl, r7
100054ea:	46b1      	mov	r9, r6
100054ec:	46a8      	mov	r8, r5
100054ee:	bdf0      	pop	{r4, r5, r6, r7, pc}
100054f0:	4911      	ldr	r1, [pc, #68]	@ (10005538 <usbd_open_edpt_pair+0x7c>)
100054f2:	4812      	ldr	r0, [pc, #72]	@ (1000553c <usbd_open_edpt_pair+0x80>)
100054f4:	4a12      	ldr	r2, [pc, #72]	@ (10005540 <usbd_open_edpt_pair+0x84>)
100054f6:	f7fe fef5 	bl	100042e4 <__wrap_printf>
100054fa:	e7f3      	b.n	100054e4 <usbd_open_edpt_pair+0x28>
100054fc:	9a09      	ldr	r2, [sp, #36]	@ 0x24
100054fe:	7013      	strb	r3, [r2, #0]
10005500:	7823      	ldrb	r3, [r4, #0]
10005502:	18e4      	adds	r4, r4, r3
10005504:	3501      	adds	r5, #1
10005506:	42af      	cmp	r7, r5
10005508:	dd14      	ble.n	10005534 <usbd_open_edpt_pair+0x78>
1000550a:	7863      	ldrb	r3, [r4, #1]
1000550c:	2b05      	cmp	r3, #5
1000550e:	d1e2      	bne.n	100054d6 <usbd_open_edpt_pair+0x1a>
10005510:	78e1      	ldrb	r1, [r4, #3]
10005512:	0789      	lsls	r1, r1, #30
10005514:	0f89      	lsrs	r1, r1, #30
10005516:	4541      	cmp	r1, r8
10005518:	d1dd      	bne.n	100054d6 <usbd_open_edpt_pair+0x1a>
1000551a:	0021      	movs	r1, r4
1000551c:	4648      	mov	r0, r9
1000551e:	f7ff ff9d 	bl	1000545c <usbd_edpt_open>
10005522:	1e06      	subs	r6, r0, #0
10005524:	d0e4      	beq.n	100054f0 <usbd_open_edpt_pair+0x34>
10005526:	78a3      	ldrb	r3, [r4, #2]
10005528:	09da      	lsrs	r2, r3, #7
1000552a:	2a01      	cmp	r2, #1
1000552c:	d0e6      	beq.n	100054fc <usbd_open_edpt_pair+0x40>
1000552e:	4652      	mov	r2, sl
10005530:	7013      	strb	r3, [r2, #0]
10005532:	e7e5      	b.n	10005500 <usbd_open_edpt_pair+0x44>
10005534:	2601      	movs	r6, #1
10005536:	e7d5      	b.n	100054e4 <usbd_open_edpt_pair+0x28>
10005538:	10009538 	.word	0x10009538
1000553c:	10008e08 	.word	0x10008e08
10005540:	000004d9 	.word	0x000004d9

10005544 <usbd_edpt_claim>:
10005544:	b510      	push	{r4, lr}
10005546:	207f      	movs	r0, #127	@ 0x7f
10005548:	4008      	ands	r0, r1
1000554a:	09c9      	lsrs	r1, r1, #7
1000554c:	0040      	lsls	r0, r0, #1
1000554e:	1840      	adds	r0, r0, r1
10005550:	3030      	adds	r0, #48	@ 0x30
10005552:	4b04      	ldr	r3, [pc, #16]	@ (10005564 <usbd_edpt_claim+0x20>)
10005554:	18c0      	adds	r0, r0, r3
10005556:	3004      	adds	r0, #4
10005558:	4b03      	ldr	r3, [pc, #12]	@ (10005568 <usbd_edpt_claim+0x24>)
1000555a:	6819      	ldr	r1, [r3, #0]
1000555c:	f001 f9dc 	bl	10006918 <tu_edpt_claim>
10005560:	bd10      	pop	{r4, pc}
10005562:	46c0      	nop			@ (mov r8, r8)
10005564:	200019c8 	.word	0x200019c8
10005568:	20001a1c 	.word	0x20001a1c

1000556c <usbd_edpt_release>:
1000556c:	b510      	push	{r4, lr}
1000556e:	207f      	movs	r0, #127	@ 0x7f
10005570:	4008      	ands	r0, r1
10005572:	09c9      	lsrs	r1, r1, #7
10005574:	0040      	lsls	r0, r0, #1
10005576:	1840      	adds	r0, r0, r1
10005578:	3030      	adds	r0, #48	@ 0x30
1000557a:	4b04      	ldr	r3, [pc, #16]	@ (1000558c <usbd_edpt_release+0x20>)
1000557c:	18c0      	adds	r0, r0, r3
1000557e:	3004      	adds	r0, #4
10005580:	4b03      	ldr	r3, [pc, #12]	@ (10005590 <usbd_edpt_release+0x24>)
10005582:	6819      	ldr	r1, [r3, #0]
10005584:	f001 f9f0 	bl	10006968 <tu_edpt_release>
10005588:	bd10      	pop	{r4, pc}
1000558a:	46c0      	nop			@ (mov r8, r8)
1000558c:	200019c8 	.word	0x200019c8
10005590:	20001a1c 	.word	0x20001a1c

10005594 <usbd_edpt_xfer>:
10005594:	b5f0      	push	{r4, r5, r6, r7, lr}
10005596:	46c6      	mov	lr, r8
10005598:	b500      	push	{lr}
1000559a:	b082      	sub	sp, #8
1000559c:	9301      	str	r3, [sp, #4]
1000559e:	481a      	ldr	r0, [pc, #104]	@ (10005608 <usbd_edpt_xfer+0x74>)
100055a0:	7800      	ldrb	r0, [r0, #0]
100055a2:	257f      	movs	r5, #127	@ 0x7f
100055a4:	400d      	ands	r5, r1
100055a6:	09ce      	lsrs	r6, r1, #7
100055a8:	4c18      	ldr	r4, [pc, #96]	@ (1000560c <usbd_edpt_xfer+0x78>)
100055aa:	006f      	lsls	r7, r5, #1
100055ac:	19e4      	adds	r4, r4, r7
100055ae:	19a4      	adds	r4, r4, r6
100055b0:	3430      	adds	r4, #48	@ 0x30
100055b2:	7924      	ldrb	r4, [r4, #4]
100055b4:	07e4      	lsls	r4, r4, #31
100055b6:	d41d      	bmi.n	100055f4 <usbd_edpt_xfer+0x60>
100055b8:	4c14      	ldr	r4, [pc, #80]	@ (1000560c <usbd_edpt_xfer+0x78>)
100055ba:	006f      	lsls	r7, r5, #1
100055bc:	19e4      	adds	r4, r4, r7
100055be:	19a4      	adds	r4, r4, r6
100055c0:	3430      	adds	r4, #48	@ 0x30
100055c2:	7923      	ldrb	r3, [r4, #4]
100055c4:	2701      	movs	r7, #1
100055c6:	46bc      	mov	ip, r7
100055c8:	4667      	mov	r7, ip
100055ca:	433b      	orrs	r3, r7
100055cc:	7123      	strb	r3, [r4, #4]
100055ce:	9b01      	ldr	r3, [sp, #4]
100055d0:	f7ff fc60 	bl	10004e94 <dcd_edpt_xfer>
100055d4:	2800      	cmp	r0, #0
100055d6:	d113      	bne.n	10005600 <usbd_edpt_xfer+0x6c>
100055d8:	4b0c      	ldr	r3, [pc, #48]	@ (1000560c <usbd_edpt_xfer+0x78>)
100055da:	006d      	lsls	r5, r5, #1
100055dc:	195b      	adds	r3, r3, r5
100055de:	199b      	adds	r3, r3, r6
100055e0:	3330      	adds	r3, #48	@ 0x30
100055e2:	791a      	ldrb	r2, [r3, #4]
100055e4:	2101      	movs	r1, #1
100055e6:	438a      	bics	r2, r1
100055e8:	711a      	strb	r2, [r3, #4]
100055ea:	791a      	ldrb	r2, [r3, #4]
100055ec:	3103      	adds	r1, #3
100055ee:	438a      	bics	r2, r1
100055f0:	711a      	strb	r2, [r3, #4]
100055f2:	e005      	b.n	10005600 <usbd_edpt_xfer+0x6c>
100055f4:	4906      	ldr	r1, [pc, #24]	@ (10005610 <usbd_edpt_xfer+0x7c>)
100055f6:	4807      	ldr	r0, [pc, #28]	@ (10005614 <usbd_edpt_xfer+0x80>)
100055f8:	4a07      	ldr	r2, [pc, #28]	@ (10005618 <usbd_edpt_xfer+0x84>)
100055fa:	f7fe fe73 	bl	100042e4 <__wrap_printf>
100055fe:	2000      	movs	r0, #0
10005600:	b002      	add	sp, #8
10005602:	bc80      	pop	{r7}
10005604:	46b8      	mov	r8, r7
10005606:	bdf0      	pop	{r4, r5, r6, r7, pc}
10005608:	20000c9c 	.word	0x20000c9c
1000560c:	200019c8 	.word	0x200019c8
10005610:	10009518 	.word	0x10009518
10005614:	10008e08 	.word	0x10008e08
10005618:	0000052a 	.word	0x0000052a

1000561c <usbd_edpt_stall>:
1000561c:	b570      	push	{r4, r5, r6, lr}
1000561e:	4b0a      	ldr	r3, [pc, #40]	@ (10005648 <usbd_edpt_stall+0x2c>)
10005620:	7818      	ldrb	r0, [r3, #0]
10005622:	247f      	movs	r4, #127	@ 0x7f
10005624:	400c      	ands	r4, r1
10005626:	09cd      	lsrs	r5, r1, #7
10005628:	f7ff fc4c 	bl	10004ec4 <dcd_edpt_stall>
1000562c:	4a07      	ldr	r2, [pc, #28]	@ (1000564c <usbd_edpt_stall+0x30>)
1000562e:	0064      	lsls	r4, r4, #1
10005630:	1913      	adds	r3, r2, r4
10005632:	195b      	adds	r3, r3, r5
10005634:	3330      	adds	r3, #48	@ 0x30
10005636:	791a      	ldrb	r2, [r3, #4]
10005638:	2102      	movs	r1, #2
1000563a:	430a      	orrs	r2, r1
1000563c:	711a      	strb	r2, [r3, #4]
1000563e:	791a      	ldrb	r2, [r3, #4]
10005640:	2101      	movs	r1, #1
10005642:	430a      	orrs	r2, r1
10005644:	711a      	strb	r2, [r3, #4]
10005646:	bd70      	pop	{r4, r5, r6, pc}
10005648:	20000c9c 	.word	0x20000c9c
1000564c:	200019c8 	.word	0x200019c8

10005650 <usbd_edpt_clear_stall>:
10005650:	b570      	push	{r4, r5, r6, lr}
10005652:	4b0a      	ldr	r3, [pc, #40]	@ (1000567c <usbd_edpt_clear_stall+0x2c>)
10005654:	7818      	ldrb	r0, [r3, #0]
10005656:	247f      	movs	r4, #127	@ 0x7f
10005658:	400c      	ands	r4, r1
1000565a:	09cd      	lsrs	r5, r1, #7
1000565c:	f7ff fc50 	bl	10004f00 <dcd_edpt_clear_stall>
10005660:	4a07      	ldr	r2, [pc, #28]	@ (10005680 <usbd_edpt_clear_stall+0x30>)
10005662:	0064      	lsls	r4, r4, #1
10005664:	1913      	adds	r3, r2, r4
10005666:	195b      	adds	r3, r3, r5
10005668:	3330      	adds	r3, #48	@ 0x30
1000566a:	791a      	ldrb	r2, [r3, #4]
1000566c:	2102      	movs	r1, #2
1000566e:	438a      	bics	r2, r1
10005670:	711a      	strb	r2, [r3, #4]
10005672:	791a      	ldrb	r2, [r3, #4]
10005674:	3901      	subs	r1, #1
10005676:	438a      	bics	r2, r1
10005678:	711a      	strb	r2, [r3, #4]
1000567a:	bd70      	pop	{r4, r5, r6, pc}
1000567c:	20000c9c 	.word	0x20000c9c
10005680:	200019c8 	.word	0x200019c8

10005684 <usbd_edpt_stalled>:
10005684:	227f      	movs	r2, #127	@ 0x7f
10005686:	400a      	ands	r2, r1
10005688:	09c9      	lsrs	r1, r1, #7
1000568a:	4b04      	ldr	r3, [pc, #16]	@ (1000569c <usbd_edpt_stalled+0x18>)
1000568c:	0052      	lsls	r2, r2, #1
1000568e:	189b      	adds	r3, r3, r2
10005690:	185b      	adds	r3, r3, r1
10005692:	3330      	adds	r3, #48	@ 0x30
10005694:	7918      	ldrb	r0, [r3, #4]
10005696:	0780      	lsls	r0, r0, #30
10005698:	0fc0      	lsrs	r0, r0, #31
1000569a:	4770      	bx	lr
1000569c:	200019c8 	.word	0x200019c8

100056a0 <process_control_request>:
100056a0:	b5f0      	push	{r4, r5, r6, r7, lr}
100056a2:	46c6      	mov	lr, r8
100056a4:	b500      	push	{lr}
100056a6:	b082      	sub	sp, #8
100056a8:	0005      	movs	r5, r0
100056aa:	000c      	movs	r4, r1
100056ac:	2000      	movs	r0, #0
100056ae:	f000 fb4b 	bl	10005d48 <usbd_control_set_complete_callback>
100056b2:	7823      	ldrb	r3, [r4, #0]
100056b4:	2260      	movs	r2, #96	@ 0x60
100056b6:	401a      	ands	r2, r3
100056b8:	2a60      	cmp	r2, #96	@ 0x60
100056ba:	d01a      	beq.n	100056f2 <process_control_request+0x52>
100056bc:	2a40      	cmp	r2, #64	@ 0x40
100056be:	d01f      	beq.n	10005700 <process_control_request+0x60>
100056c0:	7823      	ldrb	r3, [r4, #0]
100056c2:	06db      	lsls	r3, r3, #27
100056c4:	0edb      	lsrs	r3, r3, #27
100056c6:	2b01      	cmp	r3, #1
100056c8:	d100      	bne.n	100056cc <process_control_request+0x2c>
100056ca:	e0d5      	b.n	10005878 <process_control_request+0x1d8>
100056cc:	2b02      	cmp	r3, #2
100056ce:	d100      	bne.n	100056d2 <process_control_request+0x32>
100056d0:	e115      	b.n	100058fe <process_control_request+0x25e>
100056d2:	2b00      	cmp	r3, #0
100056d4:	d000      	beq.n	100056d8 <process_control_request+0x38>
100056d6:	e17b      	b.n	100059d0 <process_control_request+0x330>
100056d8:	2a20      	cmp	r2, #32
100056da:	d01b      	beq.n	10005714 <process_control_request+0x74>
100056dc:	2a00      	cmp	r2, #0
100056de:	d000      	beq.n	100056e2 <process_control_request+0x42>
100056e0:	e180      	b.n	100059e4 <process_control_request+0x344>
100056e2:	7863      	ldrb	r3, [r4, #1]
100056e4:	2b09      	cmp	r3, #9
100056e6:	d900      	bls.n	100056ea <process_control_request+0x4a>
100056e8:	e17e      	b.n	100059e8 <process_control_request+0x348>
100056ea:	009b      	lsls	r3, r3, #2
100056ec:	4ac5      	ldr	r2, [pc, #788]	@ (10005a04 <process_control_request+0x364>)
100056ee:	58d3      	ldr	r3, [r2, r3]
100056f0:	469f      	mov	pc, r3
100056f2:	49c5      	ldr	r1, [pc, #788]	@ (10005a08 <process_control_request+0x368>)
100056f4:	48c5      	ldr	r0, [pc, #788]	@ (10005a0c <process_control_request+0x36c>)
100056f6:	4ac6      	ldr	r2, [pc, #792]	@ (10005a10 <process_control_request+0x370>)
100056f8:	f7fe fdf4 	bl	100042e4 <__wrap_printf>
100056fc:	2600      	movs	r6, #0
100056fe:	e168      	b.n	100059d2 <process_control_request+0x332>
10005700:	48c4      	ldr	r0, [pc, #784]	@ (10005a14 <process_control_request+0x374>)
10005702:	f000 fb21 	bl	10005d48 <usbd_control_set_complete_callback>
10005706:	0022      	movs	r2, r4
10005708:	2101      	movs	r1, #1
1000570a:	0028      	movs	r0, r5
1000570c:	f7fe ff6c 	bl	100045e8 <tud_vendor_control_xfer_cb>
10005710:	0006      	movs	r6, r0
10005712:	e15e      	b.n	100059d2 <process_control_request+0x332>
10005714:	7923      	ldrb	r3, [r4, #4]
10005716:	2b0f      	cmp	r3, #15
10005718:	d900      	bls.n	1000571c <process_control_request+0x7c>
1000571a:	e15f      	b.n	100059dc <process_control_request+0x33c>
1000571c:	4abe      	ldr	r2, [pc, #760]	@ (10005a18 <process_control_request+0x378>)
1000571e:	18d3      	adds	r3, r2, r3
10005720:	791b      	ldrb	r3, [r3, #4]
10005722:	4abe      	ldr	r2, [pc, #760]	@ (10005a1c <process_control_request+0x37c>)
10005724:	7812      	ldrb	r2, [r2, #0]
10005726:	4293      	cmp	r3, r2
10005728:	d207      	bcs.n	1000573a <process_control_request+0x9a>
1000572a:	4abd      	ldr	r2, [pc, #756]	@ (10005a20 <process_control_request+0x380>)
1000572c:	6811      	ldr	r1, [r2, #0]
1000572e:	015b      	lsls	r3, r3, #5
10005730:	18c9      	adds	r1, r1, r3
10005732:	2900      	cmp	r1, #0
10005734:	d109      	bne.n	1000574a <process_control_request+0xaa>
10005736:	2600      	movs	r6, #0
10005738:	e14b      	b.n	100059d2 <process_control_request+0x332>
1000573a:	1c51      	adds	r1, r2, #1
1000573c:	4299      	cmp	r1, r3
1000573e:	da00      	bge.n	10005742 <process_control_request+0xa2>
10005740:	e14e      	b.n	100059e0 <process_control_request+0x340>
10005742:	1a9b      	subs	r3, r3, r2
10005744:	015b      	lsls	r3, r3, #5
10005746:	49b7      	ldr	r1, [pc, #732]	@ (10005a24 <process_control_request+0x384>)
10005748:	1859      	adds	r1, r3, r1
1000574a:	0022      	movs	r2, r4
1000574c:	0028      	movs	r0, r5
1000574e:	f7ff fc9e 	bl	1000508e <invoke_class_control>
10005752:	0006      	movs	r6, r0
10005754:	e13d      	b.n	100059d2 <process_control_request+0x332>
10005756:	0020      	movs	r0, r4
10005758:	f000 fafc 	bl	10005d54 <usbd_control_set_request>
1000575c:	78a1      	ldrb	r1, [r4, #2]
1000575e:	0028      	movs	r0, r5
10005760:	f7ff fafa 	bl	10004d58 <dcd_set_address>
10005764:	4aac      	ldr	r2, [pc, #688]	@ (10005a18 <process_control_request+0x378>)
10005766:	7813      	ldrb	r3, [r2, #0]
10005768:	2102      	movs	r1, #2
1000576a:	430b      	orrs	r3, r1
1000576c:	7013      	strb	r3, [r2, #0]
1000576e:	2601      	movs	r6, #1
10005770:	e12f      	b.n	100059d2 <process_control_request+0x332>
10005772:	4ba9      	ldr	r3, [pc, #676]	@ (10005a18 <process_control_request+0x378>)
10005774:	785b      	ldrb	r3, [r3, #1]
10005776:	466a      	mov	r2, sp
10005778:	3206      	adds	r2, #6
1000577a:	7013      	strb	r3, [r2, #0]
1000577c:	2301      	movs	r3, #1
1000577e:	0021      	movs	r1, r4
10005780:	0028      	movs	r0, r5
10005782:	f000 fa8b 	bl	10005c9c <tud_control_xfer>
10005786:	2601      	movs	r6, #1
10005788:	e123      	b.n	100059d2 <process_control_request+0x332>
1000578a:	78a6      	ldrb	r6, [r4, #2]
1000578c:	4ba2      	ldr	r3, [pc, #648]	@ (10005a18 <process_control_request+0x378>)
1000578e:	785b      	ldrb	r3, [r3, #1]
10005790:	b2db      	uxtb	r3, r3
10005792:	42b3      	cmp	r3, r6
10005794:	d02b      	beq.n	100057ee <process_control_request+0x14e>
10005796:	4ba0      	ldr	r3, [pc, #640]	@ (10005a18 <process_control_request+0x378>)
10005798:	785b      	ldrb	r3, [r3, #1]
1000579a:	2b00      	cmp	r3, #0
1000579c:	d10c      	bne.n	100057b8 <process_control_request+0x118>
1000579e:	4b9e      	ldr	r3, [pc, #632]	@ (10005a18 <process_control_request+0x378>)
100057a0:	705e      	strb	r6, [r3, #1]
100057a2:	2e00      	cmp	r6, #0
100057a4:	d021      	beq.n	100057ea <process_control_request+0x14a>
100057a6:	0031      	movs	r1, r6
100057a8:	0028      	movs	r0, r5
100057aa:	f7ff fc7d 	bl	100050a8 <process_set_config>
100057ae:	1e06      	subs	r6, r0, #0
100057b0:	d012      	beq.n	100057d8 <process_control_request+0x138>
100057b2:	f7ff fdc7 	bl	10005344 <tud_mount_cb>
100057b6:	e01a      	b.n	100057ee <process_control_request+0x14e>
100057b8:	2100      	movs	r1, #0
100057ba:	0028      	movs	r0, r5
100057bc:	f7ff fb2a 	bl	10004e14 <dcd_sof_enable>
100057c0:	0028      	movs	r0, r5
100057c2:	f7ff fb63 	bl	10004e8c <dcd_edpt_close_all>
100057c6:	4f94      	ldr	r7, [pc, #592]	@ (10005a18 <process_control_request+0x378>)
100057c8:	78bb      	ldrb	r3, [r7, #2]
100057ca:	4698      	mov	r8, r3
100057cc:	0028      	movs	r0, r5
100057ce:	f7ff fc0b 	bl	10004fe8 <configuration_reset>
100057d2:	4643      	mov	r3, r8
100057d4:	70bb      	strb	r3, [r7, #2]
100057d6:	e7e2      	b.n	1000579e <process_control_request+0xfe>
100057d8:	498b      	ldr	r1, [pc, #556]	@ (10005a08 <process_control_request+0x368>)
100057da:	488c      	ldr	r0, [pc, #560]	@ (10005a0c <process_control_request+0x36c>)
100057dc:	4a92      	ldr	r2, [pc, #584]	@ (10005a28 <process_control_request+0x388>)
100057de:	f7fe fd81 	bl	100042e4 <__wrap_printf>
100057e2:	4b8d      	ldr	r3, [pc, #564]	@ (10005a18 <process_control_request+0x378>)
100057e4:	2200      	movs	r2, #0
100057e6:	705a      	strb	r2, [r3, #1]
100057e8:	e0f3      	b.n	100059d2 <process_control_request+0x332>
100057ea:	f7ff fdac 	bl	10005346 <tud_umount_cb>
100057ee:	0021      	movs	r1, r4
100057f0:	0028      	movs	r0, r5
100057f2:	f000 fa3f 	bl	10005c74 <tud_control_status>
100057f6:	2601      	movs	r6, #1
100057f8:	e0eb      	b.n	100059d2 <process_control_request+0x332>
100057fa:	0021      	movs	r1, r4
100057fc:	0028      	movs	r0, r5
100057fe:	f7ff fd31 	bl	10005264 <process_get_descriptor>
10005802:	0006      	movs	r6, r0
10005804:	e0e5      	b.n	100059d2 <process_control_request+0x332>
10005806:	78a2      	ldrb	r2, [r4, #2]
10005808:	78e3      	ldrb	r3, [r4, #3]
1000580a:	021b      	lsls	r3, r3, #8
1000580c:	4313      	orrs	r3, r2
1000580e:	2b01      	cmp	r3, #1
10005810:	d001      	beq.n	10005816 <process_control_request+0x176>
10005812:	2600      	movs	r6, #0
10005814:	e0dd      	b.n	100059d2 <process_control_request+0x332>
10005816:	4a80      	ldr	r2, [pc, #512]	@ (10005a18 <process_control_request+0x378>)
10005818:	7813      	ldrb	r3, [r2, #0]
1000581a:	2108      	movs	r1, #8
1000581c:	430b      	orrs	r3, r1
1000581e:	7013      	strb	r3, [r2, #0]
10005820:	0021      	movs	r1, r4
10005822:	0028      	movs	r0, r5
10005824:	f000 fa26 	bl	10005c74 <tud_control_status>
10005828:	2601      	movs	r6, #1
1000582a:	e0d2      	b.n	100059d2 <process_control_request+0x332>
1000582c:	78a2      	ldrb	r2, [r4, #2]
1000582e:	78e3      	ldrb	r3, [r4, #3]
10005830:	021b      	lsls	r3, r3, #8
10005832:	4313      	orrs	r3, r2
10005834:	2b01      	cmp	r3, #1
10005836:	d001      	beq.n	1000583c <process_control_request+0x19c>
10005838:	2600      	movs	r6, #0
1000583a:	e0ca      	b.n	100059d2 <process_control_request+0x332>
1000583c:	4a76      	ldr	r2, [pc, #472]	@ (10005a18 <process_control_request+0x378>)
1000583e:	7813      	ldrb	r3, [r2, #0]
10005840:	2108      	movs	r1, #8
10005842:	438b      	bics	r3, r1
10005844:	7013      	strb	r3, [r2, #0]
10005846:	0021      	movs	r1, r4
10005848:	0028      	movs	r0, r5
1000584a:	f000 fa13 	bl	10005c74 <tud_control_status>
1000584e:	2601      	movs	r6, #1
10005850:	e0bf      	b.n	100059d2 <process_control_request+0x332>
10005852:	4b71      	ldr	r3, [pc, #452]	@ (10005a18 <process_control_request+0x378>)
10005854:	781a      	ldrb	r2, [r3, #0]
10005856:	0951      	lsrs	r1, r2, #5
10005858:	0892      	lsrs	r2, r2, #2
1000585a:	2301      	movs	r3, #1
1000585c:	400b      	ands	r3, r1
1000585e:	2102      	movs	r1, #2
10005860:	400a      	ands	r2, r1
10005862:	4313      	orrs	r3, r2
10005864:	466a      	mov	r2, sp
10005866:	3206      	adds	r2, #6
10005868:	8013      	strh	r3, [r2, #0]
1000586a:	2302      	movs	r3, #2
1000586c:	0021      	movs	r1, r4
1000586e:	0028      	movs	r0, r5
10005870:	f000 fa14 	bl	10005c9c <tud_control_xfer>
10005874:	2601      	movs	r6, #1
10005876:	e0ac      	b.n	100059d2 <process_control_request+0x332>
10005878:	7923      	ldrb	r3, [r4, #4]
1000587a:	2b0f      	cmp	r3, #15
1000587c:	d900      	bls.n	10005880 <process_control_request+0x1e0>
1000587e:	e0b5      	b.n	100059ec <process_control_request+0x34c>
10005880:	4a65      	ldr	r2, [pc, #404]	@ (10005a18 <process_control_request+0x378>)
10005882:	18d3      	adds	r3, r2, r3
10005884:	791b      	ldrb	r3, [r3, #4]
10005886:	4a65      	ldr	r2, [pc, #404]	@ (10005a1c <process_control_request+0x37c>)
10005888:	7812      	ldrb	r2, [r2, #0]
1000588a:	4293      	cmp	r3, r2
1000588c:	d223      	bcs.n	100058d6 <process_control_request+0x236>
1000588e:	4a64      	ldr	r2, [pc, #400]	@ (10005a20 <process_control_request+0x380>)
10005890:	6811      	ldr	r1, [r2, #0]
10005892:	015b      	lsls	r3, r3, #5
10005894:	18c9      	adds	r1, r1, r3
10005896:	2900      	cmp	r1, #0
10005898:	d100      	bne.n	1000589c <process_control_request+0x1fc>
1000589a:	e0a9      	b.n	100059f0 <process_control_request+0x350>
1000589c:	0022      	movs	r2, r4
1000589e:	0028      	movs	r0, r5
100058a0:	f7ff fbf5 	bl	1000508e <invoke_class_control>
100058a4:	1e06      	subs	r6, r0, #0
100058a6:	d000      	beq.n	100058aa <process_control_request+0x20a>
100058a8:	e093      	b.n	100059d2 <process_control_request+0x332>
100058aa:	7823      	ldrb	r3, [r4, #0]
100058ac:	2260      	movs	r2, #96	@ 0x60
100058ae:	421a      	tst	r2, r3
100058b0:	d000      	beq.n	100058b4 <process_control_request+0x214>
100058b2:	e08e      	b.n	100059d2 <process_control_request+0x332>
100058b4:	7863      	ldrb	r3, [r4, #1]
100058b6:	3b0a      	subs	r3, #10
100058b8:	2b01      	cmp	r3, #1
100058ba:	d900      	bls.n	100058be <process_control_request+0x21e>
100058bc:	e089      	b.n	100059d2 <process_control_request+0x332>
100058be:	2000      	movs	r0, #0
100058c0:	f000 fa42 	bl	10005d48 <usbd_control_set_complete_callback>
100058c4:	7863      	ldrb	r3, [r4, #1]
100058c6:	2b0a      	cmp	r3, #10
100058c8:	d00e      	beq.n	100058e8 <process_control_request+0x248>
100058ca:	0021      	movs	r1, r4
100058cc:	0028      	movs	r0, r5
100058ce:	f000 f9d1 	bl	10005c74 <tud_control_status>
100058d2:	2601      	movs	r6, #1
100058d4:	e07d      	b.n	100059d2 <process_control_request+0x332>
100058d6:	1c51      	adds	r1, r2, #1
100058d8:	4299      	cmp	r1, r3
100058da:	da00      	bge.n	100058de <process_control_request+0x23e>
100058dc:	e08a      	b.n	100059f4 <process_control_request+0x354>
100058de:	1a9b      	subs	r3, r3, r2
100058e0:	015b      	lsls	r3, r3, #5
100058e2:	4950      	ldr	r1, [pc, #320]	@ (10005a24 <process_control_request+0x384>)
100058e4:	1859      	adds	r1, r3, r1
100058e6:	e7d9      	b.n	1000589c <process_control_request+0x1fc>
100058e8:	466b      	mov	r3, sp
100058ea:	1d9a      	adds	r2, r3, #6
100058ec:	2300      	movs	r3, #0
100058ee:	7013      	strb	r3, [r2, #0]
100058f0:	3301      	adds	r3, #1
100058f2:	0021      	movs	r1, r4
100058f4:	0028      	movs	r0, r5
100058f6:	f000 f9d1 	bl	10005c9c <tud_control_xfer>
100058fa:	3601      	adds	r6, #1
100058fc:	e069      	b.n	100059d2 <process_control_request+0x332>
100058fe:	7921      	ldrb	r1, [r4, #4]
10005900:	207f      	movs	r0, #127	@ 0x7f
10005902:	4008      	ands	r0, r1
10005904:	09ce      	lsrs	r6, r1, #7
10005906:	2370      	movs	r3, #112	@ 0x70
10005908:	420b      	tst	r3, r1
1000590a:	d117      	bne.n	1000593c <process_control_request+0x29c>
1000590c:	4b42      	ldr	r3, [pc, #264]	@ (10005a18 <process_control_request+0x378>)
1000590e:	0040      	lsls	r0, r0, #1
10005910:	181b      	adds	r3, r3, r0
10005912:	199b      	adds	r3, r3, r6
10005914:	7d1b      	ldrb	r3, [r3, #20]
10005916:	4841      	ldr	r0, [pc, #260]	@ (10005a1c <process_control_request+0x37c>)
10005918:	7800      	ldrb	r0, [r0, #0]
1000591a:	4283      	cmp	r3, r0
1000591c:	d215      	bcs.n	1000594a <process_control_request+0x2aa>
1000591e:	4840      	ldr	r0, [pc, #256]	@ (10005a20 <process_control_request+0x380>)
10005920:	6806      	ldr	r6, [r0, #0]
10005922:	015b      	lsls	r3, r3, #5
10005924:	18f6      	adds	r6, r6, r3
10005926:	2a00      	cmp	r2, #0
10005928:	d019      	beq.n	1000595e <process_control_request+0x2be>
1000592a:	2e00      	cmp	r6, #0
1000592c:	d064      	beq.n	100059f8 <process_control_request+0x358>
1000592e:	0022      	movs	r2, r4
10005930:	0031      	movs	r1, r6
10005932:	0028      	movs	r0, r5
10005934:	f7ff fbab 	bl	1000508e <invoke_class_control>
10005938:	0006      	movs	r6, r0
1000593a:	e04a      	b.n	100059d2 <process_control_request+0x332>
1000593c:	4932      	ldr	r1, [pc, #200]	@ (10005a08 <process_control_request+0x368>)
1000593e:	4833      	ldr	r0, [pc, #204]	@ (10005a0c <process_control_request+0x36c>)
10005940:	4a3a      	ldr	r2, [pc, #232]	@ (10005a2c <process_control_request+0x38c>)
10005942:	f7fe fccf 	bl	100042e4 <__wrap_printf>
10005946:	2600      	movs	r6, #0
10005948:	e043      	b.n	100059d2 <process_control_request+0x332>
1000594a:	1c46      	adds	r6, r0, #1
1000594c:	429e      	cmp	r6, r3
1000594e:	db04      	blt.n	1000595a <process_control_request+0x2ba>
10005950:	1a1b      	subs	r3, r3, r0
10005952:	015b      	lsls	r3, r3, #5
10005954:	4e33      	ldr	r6, [pc, #204]	@ (10005a24 <process_control_request+0x384>)
10005956:	199e      	adds	r6, r3, r6
10005958:	e7e5      	b.n	10005926 <process_control_request+0x286>
1000595a:	2600      	movs	r6, #0
1000595c:	e7e3      	b.n	10005926 <process_control_request+0x286>
1000595e:	7863      	ldrb	r3, [r4, #1]
10005960:	2b01      	cmp	r3, #1
10005962:	d010      	beq.n	10005986 <process_control_request+0x2e6>
10005964:	2b03      	cmp	r3, #3
10005966:	d00e      	beq.n	10005986 <process_control_request+0x2e6>
10005968:	2b00      	cmp	r3, #0
1000596a:	d147      	bne.n	100059fc <process_control_request+0x35c>
1000596c:	0028      	movs	r0, r5
1000596e:	f7ff fe89 	bl	10005684 <usbd_edpt_stalled>
10005972:	466b      	mov	r3, sp
10005974:	1d9a      	adds	r2, r3, #6
10005976:	8010      	strh	r0, [r2, #0]
10005978:	2302      	movs	r3, #2
1000597a:	0021      	movs	r1, r4
1000597c:	0028      	movs	r0, r5
1000597e:	f000 f98d 	bl	10005c9c <tud_control_xfer>
10005982:	2601      	movs	r6, #1
10005984:	e025      	b.n	100059d2 <process_control_request+0x332>
10005986:	78a0      	ldrb	r0, [r4, #2]
10005988:	78e2      	ldrb	r2, [r4, #3]
1000598a:	0212      	lsls	r2, r2, #8
1000598c:	4302      	orrs	r2, r0
1000598e:	d104      	bne.n	1000599a <process_control_request+0x2fa>
10005990:	2b01      	cmp	r3, #1
10005992:	d019      	beq.n	100059c8 <process_control_request+0x328>
10005994:	0028      	movs	r0, r5
10005996:	f7ff fe41 	bl	1000561c <usbd_edpt_stall>
1000599a:	2e00      	cmp	r6, #0
1000599c:	d030      	beq.n	10005a00 <process_control_request+0x360>
1000599e:	0022      	movs	r2, r4
100059a0:	0031      	movs	r1, r6
100059a2:	0028      	movs	r0, r5
100059a4:	f7ff fb73 	bl	1000508e <invoke_class_control>
100059a8:	2000      	movs	r0, #0
100059aa:	f000 f9cd 	bl	10005d48 <usbd_control_set_complete_callback>
100059ae:	4b1a      	ldr	r3, [pc, #104]	@ (10005a18 <process_control_request+0x378>)
100059b0:	2235      	movs	r2, #53	@ 0x35
100059b2:	5c9b      	ldrb	r3, [r3, r2]
100059b4:	07db      	lsls	r3, r3, #31
100059b6:	0fde      	lsrs	r6, r3, #31
100059b8:	2b00      	cmp	r3, #0
100059ba:	d10a      	bne.n	100059d2 <process_control_request+0x332>
100059bc:	0021      	movs	r1, r4
100059be:	0028      	movs	r0, r5
100059c0:	f000 f958 	bl	10005c74 <tud_control_status>
100059c4:	2601      	movs	r6, #1
100059c6:	e004      	b.n	100059d2 <process_control_request+0x332>
100059c8:	0028      	movs	r0, r5
100059ca:	f7ff fe41 	bl	10005650 <usbd_edpt_clear_stall>
100059ce:	e7e4      	b.n	1000599a <process_control_request+0x2fa>
100059d0:	2600      	movs	r6, #0
100059d2:	0030      	movs	r0, r6
100059d4:	b002      	add	sp, #8
100059d6:	bc80      	pop	{r7}
100059d8:	46b8      	mov	r8, r7
100059da:	bdf0      	pop	{r4, r5, r6, r7, pc}
100059dc:	2600      	movs	r6, #0
100059de:	e7f8      	b.n	100059d2 <process_control_request+0x332>
100059e0:	2600      	movs	r6, #0
100059e2:	e7f6      	b.n	100059d2 <process_control_request+0x332>
100059e4:	2600      	movs	r6, #0
100059e6:	e7f4      	b.n	100059d2 <process_control_request+0x332>
100059e8:	2600      	movs	r6, #0
100059ea:	e7f2      	b.n	100059d2 <process_control_request+0x332>
100059ec:	2600      	movs	r6, #0
100059ee:	e7f0      	b.n	100059d2 <process_control_request+0x332>
100059f0:	2600      	movs	r6, #0
100059f2:	e7ee      	b.n	100059d2 <process_control_request+0x332>
100059f4:	2600      	movs	r6, #0
100059f6:	e7ec      	b.n	100059d2 <process_control_request+0x332>
100059f8:	2600      	movs	r6, #0
100059fa:	e7ea      	b.n	100059d2 <process_control_request+0x332>
100059fc:	2600      	movs	r6, #0
100059fe:	e7e8      	b.n	100059d2 <process_control_request+0x332>
10005a00:	2601      	movs	r6, #1
10005a02:	e7e6      	b.n	100059d2 <process_control_request+0x332>
10005a04:	100094cc 	.word	0x100094cc
10005a08:	10009584 	.word	0x10009584
10005a0c:	10008e08 	.word	0x10008e08
10005a10:	000002c5 	.word	0x000002c5
10005a14:	100045e9 	.word	0x100045e9
10005a18:	200019c8 	.word	0x200019c8
10005a1c:	200025a9 	.word	0x200025a9
10005a20:	2000169c 	.word	0x2000169c
10005a24:	100095cc 	.word	0x100095cc
10005a28:	00000315 	.word	0x00000315
10005a2c:	00000386 	.word	0x00000386

10005a30 <tud_task_ext>:
10005a30:	b530      	push	{r4, r5, lr}
10005a32:	b085      	sub	sp, #20
10005a34:	f7ff fc9a 	bl	1000536c <tud_inited>
10005a38:	2800      	cmp	r0, #0
10005a3a:	d108      	bne.n	10005a4e <tud_task_ext+0x1e>
10005a3c:	b005      	add	sp, #20
10005a3e:	bd30      	pop	{r4, r5, pc}
10005a40:	ac01      	add	r4, sp, #4
10005a42:	7820      	ldrb	r0, [r4, #0]
10005a44:	f7ff fb1d 	bl	10005082 <usbd_reset>
10005a48:	7922      	ldrb	r2, [r4, #4]
10005a4a:	4b60      	ldr	r3, [pc, #384]	@ (10005bcc <tud_task_ext+0x19c>)
10005a4c:	709a      	strb	r2, [r3, #2]
10005a4e:	4b60      	ldr	r3, [pc, #384]	@ (10005bd0 <tud_task_ext+0x1a0>)
10005a50:	681c      	ldr	r4, [r3, #0]
10005a52:	0020      	movs	r0, r4
10005a54:	3014      	adds	r0, #20
10005a56:	f7ff fb09 	bl	1000506c <critical_section_enter_blocking>
10005a5a:	a901      	add	r1, sp, #4
10005a5c:	0020      	movs	r0, r4
10005a5e:	f001 fb2f 	bl	100070c0 <tu_fifo_read>
10005a62:	6962      	ldr	r2, [r4, #20]
10005a64:	69a3      	ldr	r3, [r4, #24]
10005a66:	f3bf 8f5f 	dmb	sy
10005a6a:	2100      	movs	r1, #0
10005a6c:	6011      	str	r1, [r2, #0]
10005a6e:	f383 8810 	msr	PRIMASK, r3
10005a72:	2800      	cmp	r0, #0
10005a74:	d0e2      	beq.n	10005a3c <tud_task_ext+0xc>
10005a76:	ab01      	add	r3, sp, #4
10005a78:	785b      	ldrb	r3, [r3, #1]
10005a7a:	2b08      	cmp	r3, #8
10005a7c:	d8e7      	bhi.n	10005a4e <tud_task_ext+0x1e>
10005a7e:	009b      	lsls	r3, r3, #2
10005a80:	4a54      	ldr	r2, [pc, #336]	@ (10005bd4 <tud_task_ext+0x1a4>)
10005a82:	58d3      	ldr	r3, [r2, r3]
10005a84:	469f      	mov	pc, r3
10005a86:	ab01      	add	r3, sp, #4
10005a88:	7818      	ldrb	r0, [r3, #0]
10005a8a:	f7ff fafa 	bl	10005082 <usbd_reset>
10005a8e:	f7ff fc5a 	bl	10005346 <tud_umount_cb>
10005a92:	e7dc      	b.n	10005a4e <tud_task_ext+0x1e>
10005a94:	4b50      	ldr	r3, [pc, #320]	@ (10005bd8 <tud_task_ext+0x1a8>)
10005a96:	781b      	ldrb	r3, [r3, #0]
10005a98:	2b00      	cmp	r3, #0
10005a9a:	d02d      	beq.n	10005af8 <tud_task_ext+0xc8>
10005a9c:	4a4e      	ldr	r2, [pc, #312]	@ (10005bd8 <tud_task_ext+0x1a8>)
10005a9e:	7813      	ldrb	r3, [r2, #0]
10005aa0:	3b01      	subs	r3, #1
10005aa2:	b2db      	uxtb	r3, r3
10005aa4:	7013      	strb	r3, [r2, #0]
10005aa6:	7813      	ldrb	r3, [r2, #0]
10005aa8:	2b00      	cmp	r3, #0
10005aaa:	d1d0      	bne.n	10005a4e <tud_task_ext+0x1e>
10005aac:	4b47      	ldr	r3, [pc, #284]	@ (10005bcc <tud_task_ext+0x19c>)
10005aae:	781a      	ldrb	r2, [r3, #0]
10005ab0:	2401      	movs	r4, #1
10005ab2:	2101      	movs	r1, #1
10005ab4:	430a      	orrs	r2, r1
10005ab6:	701a      	strb	r2, [r3, #0]
10005ab8:	2234      	movs	r2, #52	@ 0x34
10005aba:	5c99      	ldrb	r1, [r3, r2]
10005abc:	43a1      	bics	r1, r4
10005abe:	5499      	strb	r1, [r3, r2]
10005ac0:	5c99      	ldrb	r1, [r3, r2]
10005ac2:	2004      	movs	r0, #4
10005ac4:	4381      	bics	r1, r0
10005ac6:	5499      	strb	r1, [r3, r2]
10005ac8:	3201      	adds	r2, #1
10005aca:	5c99      	ldrb	r1, [r3, r2]
10005acc:	43a1      	bics	r1, r4
10005ace:	5499      	strb	r1, [r3, r2]
10005ad0:	5c99      	ldrb	r1, [r3, r2]
10005ad2:	4381      	bics	r1, r0
10005ad4:	5499      	strb	r1, [r3, r2]
10005ad6:	ab01      	add	r3, sp, #4
10005ad8:	7818      	ldrb	r0, [r3, #0]
10005ada:	a902      	add	r1, sp, #8
10005adc:	f7ff fde0 	bl	100056a0 <process_control_request>
10005ae0:	2800      	cmp	r0, #0
10005ae2:	d1b4      	bne.n	10005a4e <tud_task_ext+0x1e>
10005ae4:	ac01      	add	r4, sp, #4
10005ae6:	7820      	ldrb	r0, [r4, #0]
10005ae8:	2100      	movs	r1, #0
10005aea:	f7ff f9eb 	bl	10004ec4 <dcd_edpt_stall>
10005aee:	7820      	ldrb	r0, [r4, #0]
10005af0:	2180      	movs	r1, #128	@ 0x80
10005af2:	f7ff f9e7 	bl	10004ec4 <dcd_edpt_stall>
10005af6:	e7aa      	b.n	10005a4e <tud_task_ext+0x1e>
10005af8:	4938      	ldr	r1, [pc, #224]	@ (10005bdc <tud_task_ext+0x1ac>)
10005afa:	4839      	ldr	r0, [pc, #228]	@ (10005be0 <tud_task_ext+0x1b0>)
10005afc:	4a39      	ldr	r2, [pc, #228]	@ (10005be4 <tud_task_ext+0x1b4>)
10005afe:	f7fe fbf1 	bl	100042e4 <__wrap_printf>
10005b02:	e79b      	b.n	10005a3c <tud_task_ext+0xc>
10005b04:	ab01      	add	r3, sp, #4
10005b06:	7919      	ldrb	r1, [r3, #4]
10005b08:	227f      	movs	r2, #127	@ 0x7f
10005b0a:	400a      	ands	r2, r1
10005b0c:	09cc      	lsrs	r4, r1, #7
10005b0e:	4b2f      	ldr	r3, [pc, #188]	@ (10005bcc <tud_task_ext+0x19c>)
10005b10:	0050      	lsls	r0, r2, #1
10005b12:	181b      	adds	r3, r3, r0
10005b14:	191b      	adds	r3, r3, r4
10005b16:	3330      	adds	r3, #48	@ 0x30
10005b18:	7918      	ldrb	r0, [r3, #4]
10005b1a:	2501      	movs	r5, #1
10005b1c:	43a8      	bics	r0, r5
10005b1e:	7118      	strb	r0, [r3, #4]
10005b20:	7918      	ldrb	r0, [r3, #4]
10005b22:	3503      	adds	r5, #3
10005b24:	43a8      	bics	r0, r5
10005b26:	7118      	strb	r0, [r3, #4]
10005b28:	2a00      	cmp	r2, #0
10005b2a:	d015      	beq.n	10005b58 <tud_task_ext+0x128>
10005b2c:	4b27      	ldr	r3, [pc, #156]	@ (10005bcc <tud_task_ext+0x19c>)
10005b2e:	0052      	lsls	r2, r2, #1
10005b30:	189b      	adds	r3, r3, r2
10005b32:	191b      	adds	r3, r3, r4
10005b34:	7d1b      	ldrb	r3, [r3, #20]
10005b36:	4a2c      	ldr	r2, [pc, #176]	@ (10005be8 <tud_task_ext+0x1b8>)
10005b38:	7812      	ldrb	r2, [r2, #0]
10005b3a:	4293      	cmp	r3, r2
10005b3c:	d213      	bcs.n	10005b66 <tud_task_ext+0x136>
10005b3e:	4a2b      	ldr	r2, [pc, #172]	@ (10005bec <tud_task_ext+0x1bc>)
10005b40:	6812      	ldr	r2, [r2, #0]
10005b42:	015b      	lsls	r3, r3, #5
10005b44:	18d3      	adds	r3, r2, r3
10005b46:	2b00      	cmp	r3, #0
10005b48:	d015      	beq.n	10005b76 <tud_task_ext+0x146>
10005b4a:	699c      	ldr	r4, [r3, #24]
10005b4c:	a801      	add	r0, sp, #4
10005b4e:	7942      	ldrb	r2, [r0, #5]
10005b50:	9b03      	ldr	r3, [sp, #12]
10005b52:	7800      	ldrb	r0, [r0, #0]
10005b54:	47a0      	blx	r4
10005b56:	e77a      	b.n	10005a4e <tud_task_ext+0x1e>
10005b58:	a801      	add	r0, sp, #4
10005b5a:	7942      	ldrb	r2, [r0, #5]
10005b5c:	9b03      	ldr	r3, [sp, #12]
10005b5e:	7800      	ldrb	r0, [r0, #0]
10005b60:	f000 f906 	bl	10005d70 <usbd_control_xfer_cb>
10005b64:	e773      	b.n	10005a4e <tud_task_ext+0x1e>
10005b66:	1c50      	adds	r0, r2, #1
10005b68:	4298      	cmp	r0, r3
10005b6a:	db04      	blt.n	10005b76 <tud_task_ext+0x146>
10005b6c:	1a9b      	subs	r3, r3, r2
10005b6e:	015b      	lsls	r3, r3, #5
10005b70:	4a1f      	ldr	r2, [pc, #124]	@ (10005bf0 <tud_task_ext+0x1c0>)
10005b72:	189b      	adds	r3, r3, r2
10005b74:	e7e9      	b.n	10005b4a <tud_task_ext+0x11a>
10005b76:	4919      	ldr	r1, [pc, #100]	@ (10005bdc <tud_task_ext+0x1ac>)
10005b78:	4819      	ldr	r0, [pc, #100]	@ (10005be0 <tud_task_ext+0x1b0>)
10005b7a:	4a1e      	ldr	r2, [pc, #120]	@ (10005bf4 <tud_task_ext+0x1c4>)
10005b7c:	f7fe fbb2 	bl	100042e4 <__wrap_printf>
10005b80:	e75c      	b.n	10005a3c <tud_task_ext+0xc>
10005b82:	4b12      	ldr	r3, [pc, #72]	@ (10005bcc <tud_task_ext+0x19c>)
10005b84:	781b      	ldrb	r3, [r3, #0]
10005b86:	07db      	lsls	r3, r3, #31
10005b88:	d400      	bmi.n	10005b8c <tud_task_ext+0x15c>
10005b8a:	e760      	b.n	10005a4e <tud_task_ext+0x1e>
10005b8c:	4b0f      	ldr	r3, [pc, #60]	@ (10005bcc <tud_task_ext+0x19c>)
10005b8e:	7818      	ldrb	r0, [r3, #0]
10005b90:	0700      	lsls	r0, r0, #28
10005b92:	0fc0      	lsrs	r0, r0, #31
10005b94:	f7ff fbd8 	bl	10005348 <tud_suspend_cb>
10005b98:	e759      	b.n	10005a4e <tud_task_ext+0x1e>
10005b9a:	4b0c      	ldr	r3, [pc, #48]	@ (10005bcc <tud_task_ext+0x19c>)
10005b9c:	781b      	ldrb	r3, [r3, #0]
10005b9e:	07db      	lsls	r3, r3, #31
10005ba0:	d400      	bmi.n	10005ba4 <tud_task_ext+0x174>
10005ba2:	e754      	b.n	10005a4e <tud_task_ext+0x1e>
10005ba4:	f7ff fbd1 	bl	1000534a <tud_resume_cb>
10005ba8:	e751      	b.n	10005a4e <tud_task_ext+0x1e>
10005baa:	9b02      	ldr	r3, [sp, #8]
10005bac:	2b00      	cmp	r3, #0
10005bae:	d100      	bne.n	10005bb2 <tud_task_ext+0x182>
10005bb0:	e74d      	b.n	10005a4e <tud_task_ext+0x1e>
10005bb2:	9803      	ldr	r0, [sp, #12]
10005bb4:	4798      	blx	r3
10005bb6:	e74a      	b.n	10005a4e <tud_task_ext+0x1e>
10005bb8:	4b04      	ldr	r3, [pc, #16]	@ (10005bcc <tud_task_ext+0x19c>)
10005bba:	78db      	ldrb	r3, [r3, #3]
10005bbc:	07db      	lsls	r3, r3, #31
10005bbe:	d400      	bmi.n	10005bc2 <tud_task_ext+0x192>
10005bc0:	e745      	b.n	10005a4e <tud_task_ext+0x1e>
10005bc2:	9802      	ldr	r0, [sp, #8]
10005bc4:	f7ff fb49 	bl	1000525a <tud_sof_cb>
10005bc8:	e741      	b.n	10005a4e <tud_task_ext+0x1e>
10005bca:	46c0      	nop			@ (mov r8, r8)
10005bcc:	200019c8 	.word	0x200019c8
10005bd0:	20001a20 	.word	0x20001a20
10005bd4:	100094f4 	.word	0x100094f4
10005bd8:	200025ab 	.word	0x200025ab
10005bdc:	100095b0 	.word	0x100095b0
10005be0:	10008e08 	.word	0x10008e08
10005be4:	00000256 	.word	0x00000256
10005be8:	200025a9 	.word	0x200025a9
10005bec:	2000169c 	.word	0x2000169c
10005bf0:	100095cc 	.word	0x100095cc
10005bf4:	00000281 	.word	0x00000281

10005bf8 <_status_stage_xact>:
10005bf8:	b510      	push	{r4, lr}
10005bfa:	2300      	movs	r3, #0
10005bfc:	56cb      	ldrsb	r3, [r1, r3]
10005bfe:	2b00      	cmp	r3, #0
10005c00:	db05      	blt.n	10005c0e <_status_stage_xact+0x16>
10005c02:	2180      	movs	r1, #128	@ 0x80
10005c04:	2300      	movs	r3, #0
10005c06:	2200      	movs	r2, #0
10005c08:	f7ff fcc4 	bl	10005594 <usbd_edpt_xfer>
10005c0c:	bd10      	pop	{r4, pc}
10005c0e:	2100      	movs	r1, #0
10005c10:	e7f8      	b.n	10005c04 <_status_stage_xact+0xc>
	...

10005c14 <_data_stage_xact>:
10005c14:	b5f8      	push	{r3, r4, r5, r6, r7, lr}
10005c16:	0005      	movs	r5, r0
10005c18:	4b14      	ldr	r3, [pc, #80]	@ (10005c6c <_data_stage_xact+0x58>)
10005c1a:	899f      	ldrh	r7, [r3, #12]
10005c1c:	89de      	ldrh	r6, [r3, #14]
10005c1e:	1bbb      	subs	r3, r7, r6
10005c20:	b29b      	uxth	r3, r3
10005c22:	1c1c      	adds	r4, r3, #0
10005c24:	2b40      	cmp	r3, #64	@ 0x40
10005c26:	d900      	bls.n	10005c2a <_data_stage_xact+0x16>
10005c28:	2440      	movs	r4, #64	@ 0x40
10005c2a:	b2a4      	uxth	r4, r4
10005c2c:	4b0f      	ldr	r3, [pc, #60]	@ (10005c6c <_data_stage_xact+0x58>)
10005c2e:	781b      	ldrb	r3, [r3, #0]
10005c30:	b25b      	sxtb	r3, r3
10005c32:	2b00      	cmp	r3, #0
10005c34:	db08      	blt.n	10005c48 <_data_stage_xact+0x34>
10005c36:	2100      	movs	r1, #0
10005c38:	42b7      	cmp	r7, r6
10005c3a:	d013      	beq.n	10005c64 <_data_stage_xact+0x50>
10005c3c:	4a0c      	ldr	r2, [pc, #48]	@ (10005c70 <_data_stage_xact+0x5c>)
10005c3e:	0023      	movs	r3, r4
10005c40:	0028      	movs	r0, r5
10005c42:	f7ff fca7 	bl	10005594 <usbd_edpt_xfer>
10005c46:	bdf8      	pop	{r3, r4, r5, r6, r7, pc}
10005c48:	42b7      	cmp	r7, r6
10005c4a:	d009      	beq.n	10005c60 <_data_stage_xact+0x4c>
10005c4c:	4b07      	ldr	r3, [pc, #28]	@ (10005c6c <_data_stage_xact+0x58>)
10005c4e:	6899      	ldr	r1, [r3, #8]
10005c50:	2c40      	cmp	r4, #64	@ 0x40
10005c52:	d809      	bhi.n	10005c68 <_data_stage_xact+0x54>
10005c54:	4806      	ldr	r0, [pc, #24]	@ (10005c70 <_data_stage_xact+0x5c>)
10005c56:	0022      	movs	r2, r4
10005c58:	f7fd f8d0 	bl	10002dfc <__wrap___aeabi_memcpy>
10005c5c:	2180      	movs	r1, #128	@ 0x80
10005c5e:	e7eb      	b.n	10005c38 <_data_stage_xact+0x24>
10005c60:	2180      	movs	r1, #128	@ 0x80
10005c62:	e7e9      	b.n	10005c38 <_data_stage_xact+0x24>
10005c64:	2200      	movs	r2, #0
10005c66:	e7ea      	b.n	10005c3e <_data_stage_xact+0x2a>
10005c68:	2000      	movs	r0, #0
10005c6a:	e7ec      	b.n	10005c46 <_data_stage_xact+0x32>
10005c6c:	2000196c 	.word	0x2000196c
10005c70:	20001988 	.word	0x20001988

10005c74 <tud_control_status>:
10005c74:	b570      	push	{r4, r5, r6, lr}
10005c76:	0006      	movs	r6, r0
10005c78:	000d      	movs	r5, r1
10005c7a:	4c07      	ldr	r4, [pc, #28]	@ (10005c98 <tud_control_status+0x24>)
10005c7c:	2208      	movs	r2, #8
10005c7e:	0020      	movs	r0, r4
10005c80:	f7fd f8bc 	bl	10002dfc <__wrap___aeabi_memcpy>
10005c84:	2300      	movs	r3, #0
10005c86:	60a3      	str	r3, [r4, #8]
10005c88:	81e3      	strh	r3, [r4, #14]
10005c8a:	81a3      	strh	r3, [r4, #12]
10005c8c:	0029      	movs	r1, r5
10005c8e:	0030      	movs	r0, r6
10005c90:	f7ff ffb2 	bl	10005bf8 <_status_stage_xact>
10005c94:	bd70      	pop	{r4, r5, r6, pc}
10005c96:	46c0      	nop			@ (mov r8, r8)
10005c98:	2000196c 	.word	0x2000196c

10005c9c <tud_control_xfer>:
10005c9c:	b5f0      	push	{r4, r5, r6, r7, lr}
10005c9e:	46c6      	mov	lr, r8
10005ca0:	b500      	push	{lr}
10005ca2:	4680      	mov	r8, r0
10005ca4:	000c      	movs	r4, r1
10005ca6:	0016      	movs	r6, r2
10005ca8:	001d      	movs	r5, r3
10005caa:	4b1f      	ldr	r3, [pc, #124]	@ (10005d28 <tud_control_xfer+0x8c>)
10005cac:	2208      	movs	r2, #8
10005cae:	001f      	movs	r7, r3
10005cb0:	0018      	movs	r0, r3
10005cb2:	f7fd f8a3 	bl	10002dfc <__wrap___aeabi_memcpy>
10005cb6:	60be      	str	r6, [r7, #8]
10005cb8:	2300      	movs	r3, #0
10005cba:	81fb      	strh	r3, [r7, #14]
10005cbc:	79a3      	ldrb	r3, [r4, #6]
10005cbe:	79e1      	ldrb	r1, [r4, #7]
10005cc0:	0209      	lsls	r1, r1, #8
10005cc2:	4319      	orrs	r1, r3
10005cc4:	1c0b      	adds	r3, r1, #0
10005cc6:	42a9      	cmp	r1, r5
10005cc8:	d900      	bls.n	10005ccc <tud_control_xfer+0x30>
10005cca:	1c2b      	adds	r3, r5, #0
10005ccc:	b299      	uxth	r1, r3
10005cce:	4a16      	ldr	r2, [pc, #88]	@ (10005d28 <tud_control_xfer+0x8c>)
10005cd0:	8193      	strh	r3, [r2, #12]
10005cd2:	79a2      	ldrb	r2, [r4, #6]
10005cd4:	79e3      	ldrb	r3, [r4, #7]
10005cd6:	021b      	lsls	r3, r3, #8
10005cd8:	4313      	orrs	r3, r2
10005cda:	d019      	beq.n	10005d10 <tud_control_xfer+0x74>
10005cdc:	2900      	cmp	r1, #0
10005cde:	d001      	beq.n	10005ce4 <tud_control_xfer+0x48>
10005ce0:	2e00      	cmp	r6, #0
10005ce2:	d008      	beq.n	10005cf6 <tud_control_xfer+0x5a>
10005ce4:	4640      	mov	r0, r8
10005ce6:	f7ff ff95 	bl	10005c14 <_data_stage_xact>
10005cea:	1e04      	subs	r4, r0, #0
10005cec:	d00a      	beq.n	10005d04 <tud_control_xfer+0x68>
10005cee:	0020      	movs	r0, r4
10005cf0:	bc80      	pop	{r7}
10005cf2:	46b8      	mov	r8, r7
10005cf4:	bdf0      	pop	{r4, r5, r6, r7, pc}
10005cf6:	490d      	ldr	r1, [pc, #52]	@ (10005d2c <tud_control_xfer+0x90>)
10005cf8:	480d      	ldr	r0, [pc, #52]	@ (10005d30 <tud_control_xfer+0x94>)
10005cfa:	2277      	movs	r2, #119	@ 0x77
10005cfc:	f7fe faf2 	bl	100042e4 <__wrap_printf>
10005d00:	2400      	movs	r4, #0
10005d02:	e7f4      	b.n	10005cee <tud_control_xfer+0x52>
10005d04:	4909      	ldr	r1, [pc, #36]	@ (10005d2c <tud_control_xfer+0x90>)
10005d06:	480a      	ldr	r0, [pc, #40]	@ (10005d30 <tud_control_xfer+0x94>)
10005d08:	227d      	movs	r2, #125	@ 0x7d
10005d0a:	f7fe faeb 	bl	100042e4 <__wrap_printf>
10005d0e:	e7ee      	b.n	10005cee <tud_control_xfer+0x52>
10005d10:	0021      	movs	r1, r4
10005d12:	4640      	mov	r0, r8
10005d14:	f7ff ff70 	bl	10005bf8 <_status_stage_xact>
10005d18:	1e04      	subs	r4, r0, #0
10005d1a:	d1e8      	bne.n	10005cee <tud_control_xfer+0x52>
10005d1c:	4903      	ldr	r1, [pc, #12]	@ (10005d2c <tud_control_xfer+0x90>)
10005d1e:	4804      	ldr	r0, [pc, #16]	@ (10005d30 <tud_control_xfer+0x94>)
10005d20:	2280      	movs	r2, #128	@ 0x80
10005d22:	f7fe fadf 	bl	100042e4 <__wrap_printf>
10005d26:	e7e2      	b.n	10005cee <tud_control_xfer+0x52>
10005d28:	2000196c 	.word	0x2000196c
10005d2c:	10009624 	.word	0x10009624
10005d30:	10008e08 	.word	0x10008e08

10005d34 <usbd_control_reset>:
10005d34:	b510      	push	{r4, lr}
10005d36:	4803      	ldr	r0, [pc, #12]	@ (10005d44 <usbd_control_reset+0x10>)
10005d38:	2214      	movs	r2, #20
10005d3a:	2100      	movs	r1, #0
10005d3c:	f7fd f858 	bl	10002df0 <__wrap_memset>
10005d40:	bd10      	pop	{r4, pc}
10005d42:	46c0      	nop			@ (mov r8, r8)
10005d44:	2000196c 	.word	0x2000196c

10005d48 <usbd_control_set_complete_callback>:
10005d48:	4b01      	ldr	r3, [pc, #4]	@ (10005d50 <usbd_control_set_complete_callback+0x8>)
10005d4a:	6118      	str	r0, [r3, #16]
10005d4c:	4770      	bx	lr
10005d4e:	46c0      	nop			@ (mov r8, r8)
10005d50:	2000196c 	.word	0x2000196c

10005d54 <usbd_control_set_request>:
10005d54:	b510      	push	{r4, lr}
10005d56:	0001      	movs	r1, r0
10005d58:	4c04      	ldr	r4, [pc, #16]	@ (10005d6c <usbd_control_set_request+0x18>)
10005d5a:	2208      	movs	r2, #8
10005d5c:	0020      	movs	r0, r4
10005d5e:	f7fd f84d 	bl	10002dfc <__wrap___aeabi_memcpy>
10005d62:	2300      	movs	r3, #0
10005d64:	60a3      	str	r3, [r4, #8]
10005d66:	81e3      	strh	r3, [r4, #14]
10005d68:	81a3      	strh	r3, [r4, #12]
10005d6a:	bd10      	pop	{r4, pc}
10005d6c:	2000196c 	.word	0x2000196c

10005d70 <usbd_control_xfer_cb>:
10005d70:	b570      	push	{r4, r5, r6, lr}
10005d72:	0005      	movs	r5, r0
10005d74:	001c      	movs	r4, r3
10005d76:	09c9      	lsrs	r1, r1, #7
10005d78:	4b31      	ldr	r3, [pc, #196]	@ (10005e40 <usbd_control_xfer_cb+0xd0>)
10005d7a:	781b      	ldrb	r3, [r3, #0]
10005d7c:	09db      	lsrs	r3, r3, #7
10005d7e:	428b      	cmp	r3, r1
10005d80:	d016      	beq.n	10005db0 <usbd_control_xfer_cb+0x40>
10005d82:	2c00      	cmp	r4, #0
10005d84:	d007      	beq.n	10005d96 <usbd_control_xfer_cb+0x26>
10005d86:	492f      	ldr	r1, [pc, #188]	@ (10005e44 <usbd_control_xfer_cb+0xd4>)
10005d88:	482f      	ldr	r0, [pc, #188]	@ (10005e48 <usbd_control_xfer_cb+0xd8>)
10005d8a:	22a7      	movs	r2, #167	@ 0xa7
10005d8c:	f7fe faaa 	bl	100042e4 <__wrap_printf>
10005d90:	2400      	movs	r4, #0
10005d92:	0020      	movs	r0, r4
10005d94:	bd70      	pop	{r4, r5, r6, pc}
10005d96:	4c2a      	ldr	r4, [pc, #168]	@ (10005e40 <usbd_control_xfer_cb+0xd0>)
10005d98:	0021      	movs	r1, r4
10005d9a:	f7ff f849 	bl	10004e30 <dcd_edpt0_status_complete>
10005d9e:	6923      	ldr	r3, [r4, #16]
10005da0:	2b00      	cmp	r3, #0
10005da2:	d003      	beq.n	10005dac <usbd_control_xfer_cb+0x3c>
10005da4:	4a26      	ldr	r2, [pc, #152]	@ (10005e40 <usbd_control_xfer_cb+0xd0>)
10005da6:	2103      	movs	r1, #3
10005da8:	0028      	movs	r0, r5
10005daa:	4798      	blx	r3
10005dac:	2401      	movs	r4, #1
10005dae:	e7f0      	b.n	10005d92 <usbd_control_xfer_cb+0x22>
10005db0:	4b23      	ldr	r3, [pc, #140]	@ (10005e40 <usbd_control_xfer_cb+0xd0>)
10005db2:	781b      	ldrb	r3, [r3, #0]
10005db4:	b25b      	sxtb	r3, r3
10005db6:	2b00      	cmp	r3, #0
10005db8:	db07      	blt.n	10005dca <usbd_control_xfer_cb+0x5a>
10005dba:	4b21      	ldr	r3, [pc, #132]	@ (10005e40 <usbd_control_xfer_cb+0xd0>)
10005dbc:	6898      	ldr	r0, [r3, #8]
10005dbe:	2800      	cmp	r0, #0
10005dc0:	d03c      	beq.n	10005e3c <usbd_control_xfer_cb+0xcc>
10005dc2:	4922      	ldr	r1, [pc, #136]	@ (10005e4c <usbd_control_xfer_cb+0xdc>)
10005dc4:	0022      	movs	r2, r4
10005dc6:	f7fd f819 	bl	10002dfc <__wrap___aeabi_memcpy>
10005dca:	4a1d      	ldr	r2, [pc, #116]	@ (10005e40 <usbd_control_xfer_cb+0xd0>)
10005dcc:	89d3      	ldrh	r3, [r2, #14]
10005dce:	b2a1      	uxth	r1, r4
10005dd0:	185b      	adds	r3, r3, r1
10005dd2:	b29b      	uxth	r3, r3
10005dd4:	81d3      	strh	r3, [r2, #14]
10005dd6:	6891      	ldr	r1, [r2, #8]
10005dd8:	1909      	adds	r1, r1, r4
10005dda:	6091      	str	r1, [r2, #8]
10005ddc:	88d2      	ldrh	r2, [r2, #6]
10005dde:	4293      	cmp	r3, r2
10005de0:	d001      	beq.n	10005de6 <usbd_control_xfer_cb+0x76>
10005de2:	2c3f      	cmp	r4, #63	@ 0x3f
10005de4:	d81f      	bhi.n	10005e26 <usbd_control_xfer_cb+0xb6>
10005de6:	4b16      	ldr	r3, [pc, #88]	@ (10005e40 <usbd_control_xfer_cb+0xd0>)
10005de8:	691b      	ldr	r3, [r3, #16]
10005dea:	2b00      	cmp	r3, #0
10005dec:	d005      	beq.n	10005dfa <usbd_control_xfer_cb+0x8a>
10005dee:	4a14      	ldr	r2, [pc, #80]	@ (10005e40 <usbd_control_xfer_cb+0xd0>)
10005df0:	2102      	movs	r1, #2
10005df2:	0028      	movs	r0, r5
10005df4:	4798      	blx	r3
10005df6:	2800      	cmp	r0, #0
10005df8:	d00b      	beq.n	10005e12 <usbd_control_xfer_cb+0xa2>
10005dfa:	4911      	ldr	r1, [pc, #68]	@ (10005e40 <usbd_control_xfer_cb+0xd0>)
10005dfc:	0028      	movs	r0, r5
10005dfe:	f7ff fefb 	bl	10005bf8 <_status_stage_xact>
10005e02:	1e04      	subs	r4, r0, #0
10005e04:	d1c5      	bne.n	10005d92 <usbd_control_xfer_cb+0x22>
10005e06:	490f      	ldr	r1, [pc, #60]	@ (10005e44 <usbd_control_xfer_cb+0xd4>)
10005e08:	480f      	ldr	r0, [pc, #60]	@ (10005e48 <usbd_control_xfer_cb+0xd8>)
10005e0a:	22d0      	movs	r2, #208	@ 0xd0
10005e0c:	f7fe fa6a 	bl	100042e4 <__wrap_printf>
10005e10:	e7bf      	b.n	10005d92 <usbd_control_xfer_cb+0x22>
10005e12:	2100      	movs	r1, #0
10005e14:	0028      	movs	r0, r5
10005e16:	f7ff f855 	bl	10004ec4 <dcd_edpt_stall>
10005e1a:	2180      	movs	r1, #128	@ 0x80
10005e1c:	0028      	movs	r0, r5
10005e1e:	f7ff f851 	bl	10004ec4 <dcd_edpt_stall>
10005e22:	2401      	movs	r4, #1
10005e24:	e7b5      	b.n	10005d92 <usbd_control_xfer_cb+0x22>
10005e26:	0028      	movs	r0, r5
10005e28:	f7ff fef4 	bl	10005c14 <_data_stage_xact>
10005e2c:	1e04      	subs	r4, r0, #0
10005e2e:	d1b0      	bne.n	10005d92 <usbd_control_xfer_cb+0x22>
10005e30:	4904      	ldr	r1, [pc, #16]	@ (10005e44 <usbd_control_xfer_cb+0xd4>)
10005e32:	4805      	ldr	r0, [pc, #20]	@ (10005e48 <usbd_control_xfer_cb+0xd8>)
10005e34:	22d8      	movs	r2, #216	@ 0xd8
10005e36:	f7fe fa55 	bl	100042e4 <__wrap_printf>
10005e3a:	e7aa      	b.n	10005d92 <usbd_control_xfer_cb+0x22>
10005e3c:	2400      	movs	r4, #0
10005e3e:	e7a8      	b.n	10005d92 <usbd_control_xfer_cb+0x22>
10005e40:	2000196c 	.word	0x2000196c
10005e44:	1000960c 	.word	0x1000960c
10005e48:	10008e08 	.word	0x10008e08
10005e4c:	20001988 	.word	0x20001988

10005e50 <_prep_out_transaction>:
10005e50:	b570      	push	{r4, r5, r6, lr}
10005e52:	0004      	movs	r4, r0
10005e54:	f7ff fa7a 	bl	1000534c <tud_mounted>
10005e58:	2800      	cmp	r0, #0
10005e5a:	d107      	bne.n	10005e6c <_prep_out_transaction+0x1c>
10005e5c:	2000      	movs	r0, #0
10005e5e:	2800      	cmp	r0, #0
10005e60:	d003      	beq.n	10005e6a <_prep_out_transaction+0x1a>
10005e62:	78e3      	ldrb	r3, [r4, #3]
10005e64:	2b00      	cmp	r3, #0
10005e66:	d109      	bne.n	10005e7c <_prep_out_transaction+0x2c>
10005e68:	2000      	movs	r0, #0
10005e6a:	bd70      	pop	{r4, r5, r6, pc}
10005e6c:	f7ff fa76 	bl	1000535c <tud_suspended>
10005e70:	2800      	cmp	r0, #0
10005e72:	d101      	bne.n	10005e78 <_prep_out_transaction+0x28>
10005e74:	3001      	adds	r0, #1
10005e76:	e7f2      	b.n	10005e5e <_prep_out_transaction+0xe>
10005e78:	2000      	movs	r0, #0
10005e7a:	e7f0      	b.n	10005e5e <_prep_out_transaction+0xe>
10005e7c:	0025      	movs	r5, r4
10005e7e:	3510      	adds	r5, #16
10005e80:	0028      	movs	r0, r5
10005e82:	f001 f907 	bl	10007094 <tu_fifo_remaining>
10005e86:	283f      	cmp	r0, #63	@ 0x3f
10005e88:	d801      	bhi.n	10005e8e <_prep_out_transaction+0x3e>
10005e8a:	2000      	movs	r0, #0
10005e8c:	e7ed      	b.n	10005e6a <_prep_out_transaction+0x1a>
10005e8e:	78e1      	ldrb	r1, [r4, #3]
10005e90:	2000      	movs	r0, #0
10005e92:	f7ff fb57 	bl	10005544 <usbd_edpt_claim>
10005e96:	2800      	cmp	r0, #0
10005e98:	d0e7      	beq.n	10005e6a <_prep_out_transaction+0x1a>
10005e9a:	0028      	movs	r0, r5
10005e9c:	f001 f8fa 	bl	10007094 <tu_fifo_remaining>
10005ea0:	283f      	cmp	r0, #63	@ 0x3f
10005ea2:	d908      	bls.n	10005eb6 <_prep_out_transaction+0x66>
10005ea4:	2392      	movs	r3, #146	@ 0x92
10005ea6:	009b      	lsls	r3, r3, #2
10005ea8:	18e2      	adds	r2, r4, r3
10005eaa:	78e1      	ldrb	r1, [r4, #3]
10005eac:	2340      	movs	r3, #64	@ 0x40
10005eae:	2000      	movs	r0, #0
10005eb0:	f7ff fb70 	bl	10005594 <usbd_edpt_xfer>
10005eb4:	e7d9      	b.n	10005e6a <_prep_out_transaction+0x1a>
10005eb6:	78e1      	ldrb	r1, [r4, #3]
10005eb8:	2000      	movs	r0, #0
10005eba:	f7ff fb57 	bl	1000556c <usbd_edpt_release>
10005ebe:	2000      	movs	r0, #0
10005ec0:	e7d3      	b.n	10005e6a <_prep_out_transaction+0x1a>
	...

10005ec4 <tud_cdc_n_connected>:
10005ec4:	b510      	push	{r4, lr}
10005ec6:	0004      	movs	r4, r0
10005ec8:	f7ff fa40 	bl	1000534c <tud_mounted>
10005ecc:	2800      	cmp	r0, #0
10005ece:	d101      	bne.n	10005ed4 <tud_cdc_n_connected+0x10>
10005ed0:	2000      	movs	r0, #0
10005ed2:	bd10      	pop	{r4, pc}
10005ed4:	f7ff fa42 	bl	1000535c <tud_suspended>
10005ed8:	2800      	cmp	r0, #0
10005eda:	d109      	bne.n	10005ef0 <tud_cdc_n_connected+0x2c>
10005edc:	4b06      	ldr	r3, [pc, #24]	@ (10005ef8 <tud_cdc_n_connected+0x34>)
10005ede:	22b2      	movs	r2, #178	@ 0xb2
10005ee0:	0092      	lsls	r2, r2, #2
10005ee2:	4362      	muls	r2, r4
10005ee4:	189b      	adds	r3, r3, r2
10005ee6:	791b      	ldrb	r3, [r3, #4]
10005ee8:	07db      	lsls	r3, r3, #31
10005eea:	d503      	bpl.n	10005ef4 <tud_cdc_n_connected+0x30>
10005eec:	3001      	adds	r0, #1
10005eee:	e7f0      	b.n	10005ed2 <tud_cdc_n_connected+0xe>
10005ef0:	2000      	movs	r0, #0
10005ef2:	e7ee      	b.n	10005ed2 <tud_cdc_n_connected+0xe>
10005ef4:	2000      	movs	r0, #0
10005ef6:	e7ec      	b.n	10005ed2 <tud_cdc_n_connected+0xe>
10005ef8:	200016a4 	.word	0x200016a4

10005efc <tud_cdc_n_available>:
10005efc:	b510      	push	{r4, lr}
10005efe:	23b2      	movs	r3, #178	@ 0xb2
10005f00:	009b      	lsls	r3, r3, #2
10005f02:	4343      	muls	r3, r0
10005f04:	3310      	adds	r3, #16
10005f06:	4802      	ldr	r0, [pc, #8]	@ (10005f10 <tud_cdc_n_available+0x14>)
10005f08:	1818      	adds	r0, r3, r0
10005f0a:	f001 f893 	bl	10007034 <tu_fifo_count>
10005f0e:	bd10      	pop	{r4, pc}
10005f10:	200016a4 	.word	0x200016a4

10005f14 <tud_cdc_n_read>:
10005f14:	b570      	push	{r4, r5, r6, lr}
10005f16:	23b2      	movs	r3, #178	@ 0xb2
10005f18:	009b      	lsls	r3, r3, #2
10005f1a:	4358      	muls	r0, r3
10005f1c:	4b08      	ldr	r3, [pc, #32]	@ (10005f40 <tud_cdc_n_read+0x2c>)
10005f1e:	18c5      	adds	r5, r0, r3
10005f20:	3010      	adds	r0, #16
10005f22:	18c0      	adds	r0, r0, r3
10005f24:	4b07      	ldr	r3, [pc, #28]	@ (10005f44 <tud_cdc_n_read+0x30>)
10005f26:	429a      	cmp	r2, r3
10005f28:	d808      	bhi.n	10005f3c <tud_cdc_n_read+0x28>
10005f2a:	b292      	uxth	r2, r2
10005f2c:	f001 f8e9 	bl	10007102 <tu_fifo_read_n>
10005f30:	0004      	movs	r4, r0
10005f32:	0028      	movs	r0, r5
10005f34:	f7ff ff8c 	bl	10005e50 <_prep_out_transaction>
10005f38:	0020      	movs	r0, r4
10005f3a:	bd70      	pop	{r4, r5, r6, pc}
10005f3c:	4a02      	ldr	r2, [pc, #8]	@ (10005f48 <tud_cdc_n_read+0x34>)
10005f3e:	e7f5      	b.n	10005f2c <tud_cdc_n_read+0x18>
10005f40:	200016a4 	.word	0x200016a4
10005f44:	0000fffe 	.word	0x0000fffe
10005f48:	0000ffff 	.word	0x0000ffff

10005f4c <tud_cdc_n_write_flush>:
10005f4c:	b570      	push	{r4, r5, r6, lr}
10005f4e:	0005      	movs	r5, r0
10005f50:	f7ff f9fc 	bl	1000534c <tud_mounted>
10005f54:	2800      	cmp	r0, #0
10005f56:	d104      	bne.n	10005f62 <tud_cdc_n_write_flush+0x16>
10005f58:	2300      	movs	r3, #0
10005f5a:	2b00      	cmp	r3, #0
10005f5c:	d109      	bne.n	10005f72 <tud_cdc_n_write_flush+0x26>
10005f5e:	2000      	movs	r0, #0
10005f60:	bd70      	pop	{r4, r5, r6, pc}
10005f62:	f7ff f9fb 	bl	1000535c <tud_suspended>
10005f66:	2800      	cmp	r0, #0
10005f68:	d101      	bne.n	10005f6e <tud_cdc_n_write_flush+0x22>
10005f6a:	2301      	movs	r3, #1
10005f6c:	e7f5      	b.n	10005f5a <tud_cdc_n_write_flush+0xe>
10005f6e:	2300      	movs	r3, #0
10005f70:	e7f3      	b.n	10005f5a <tud_cdc_n_write_flush+0xe>
10005f72:	24b2      	movs	r4, #178	@ 0xb2
10005f74:	00a4      	lsls	r4, r4, #2
10005f76:	436c      	muls	r4, r5
10005f78:	3420      	adds	r4, #32
10005f7a:	4b24      	ldr	r3, [pc, #144]	@ (1000600c <tud_cdc_n_write_flush+0xc0>)
10005f7c:	18e4      	adds	r4, r4, r3
10005f7e:	3404      	adds	r4, #4
10005f80:	0020      	movs	r0, r4
10005f82:	f001 f857 	bl	10007034 <tu_fifo_count>
10005f86:	2800      	cmp	r0, #0
10005f88:	d101      	bne.n	10005f8e <tud_cdc_n_write_flush+0x42>
10005f8a:	2000      	movs	r0, #0
10005f8c:	e7e8      	b.n	10005f60 <tud_cdc_n_write_flush+0x14>
10005f8e:	4b1f      	ldr	r3, [pc, #124]	@ (1000600c <tud_cdc_n_write_flush+0xc0>)
10005f90:	22b2      	movs	r2, #178	@ 0xb2
10005f92:	0092      	lsls	r2, r2, #2
10005f94:	436a      	muls	r2, r5
10005f96:	189b      	adds	r3, r3, r2
10005f98:	7899      	ldrb	r1, [r3, #2]
10005f9a:	2000      	movs	r0, #0
10005f9c:	f7ff fad2 	bl	10005544 <usbd_edpt_claim>
10005fa0:	2800      	cmp	r0, #0
10005fa2:	d101      	bne.n	10005fa8 <tud_cdc_n_write_flush+0x5c>
10005fa4:	2000      	movs	r0, #0
10005fa6:	e7db      	b.n	10005f60 <tud_cdc_n_write_flush+0x14>
10005fa8:	26b2      	movs	r6, #178	@ 0xb2
10005faa:	00b6      	lsls	r6, r6, #2
10005fac:	436e      	muls	r6, r5
10005fae:	23a2      	movs	r3, #162	@ 0xa2
10005fb0:	009b      	lsls	r3, r3, #2
10005fb2:	469c      	mov	ip, r3
10005fb4:	4466      	add	r6, ip
10005fb6:	4b15      	ldr	r3, [pc, #84]	@ (1000600c <tud_cdc_n_write_flush+0xc0>)
10005fb8:	18f6      	adds	r6, r6, r3
10005fba:	2240      	movs	r2, #64	@ 0x40
10005fbc:	0031      	movs	r1, r6
10005fbe:	0020      	movs	r0, r4
10005fc0:	f001 f89f 	bl	10007102 <tu_fifo_read_n>
10005fc4:	1e04      	subs	r4, r0, #0
10005fc6:	d015      	beq.n	10005ff4 <tud_cdc_n_write_flush+0xa8>
10005fc8:	4b10      	ldr	r3, [pc, #64]	@ (1000600c <tud_cdc_n_write_flush+0xc0>)
10005fca:	22b2      	movs	r2, #178	@ 0xb2
10005fcc:	0092      	lsls	r2, r2, #2
10005fce:	436a      	muls	r2, r5
10005fd0:	189b      	adds	r3, r3, r2
10005fd2:	7899      	ldrb	r1, [r3, #2]
10005fd4:	0003      	movs	r3, r0
10005fd6:	0032      	movs	r2, r6
10005fd8:	2000      	movs	r0, #0
10005fda:	f7ff fadb 	bl	10005594 <usbd_edpt_xfer>
10005fde:	2800      	cmp	r0, #0
10005fe0:	d001      	beq.n	10005fe6 <tud_cdc_n_write_flush+0x9a>
10005fe2:	0020      	movs	r0, r4
10005fe4:	e7bc      	b.n	10005f60 <tud_cdc_n_write_flush+0x14>
10005fe6:	490a      	ldr	r1, [pc, #40]	@ (10006010 <tud_cdc_n_write_flush+0xc4>)
10005fe8:	480a      	ldr	r0, [pc, #40]	@ (10006014 <tud_cdc_n_write_flush+0xc8>)
10005fea:	22cd      	movs	r2, #205	@ 0xcd
10005fec:	f7fe f97a 	bl	100042e4 <__wrap_printf>
10005ff0:	2000      	movs	r0, #0
10005ff2:	e7b5      	b.n	10005f60 <tud_cdc_n_write_flush+0x14>
10005ff4:	4b05      	ldr	r3, [pc, #20]	@ (1000600c <tud_cdc_n_write_flush+0xc0>)
10005ff6:	22b2      	movs	r2, #178	@ 0xb2
10005ff8:	0092      	lsls	r2, r2, #2
10005ffa:	436a      	muls	r2, r5
10005ffc:	189b      	adds	r3, r3, r2
10005ffe:	7899      	ldrb	r1, [r3, #2]
10006000:	2000      	movs	r0, #0
10006002:	f7ff fab3 	bl	1000556c <usbd_edpt_release>
10006006:	2000      	movs	r0, #0
10006008:	e7aa      	b.n	10005f60 <tud_cdc_n_write_flush+0x14>
1000600a:	46c0      	nop			@ (mov r8, r8)
1000600c:	200016a4 	.word	0x200016a4
10006010:	10009654 	.word	0x10009654
10006014:	10008e08 	.word	0x10008e08

10006018 <tud_cdc_n_write>:
10006018:	b570      	push	{r4, r5, r6, lr}
1000601a:	0005      	movs	r5, r0
1000601c:	24b2      	movs	r4, #178	@ 0xb2
1000601e:	00a4      	lsls	r4, r4, #2
10006020:	4344      	muls	r4, r0
10006022:	3420      	adds	r4, #32
10006024:	4b0b      	ldr	r3, [pc, #44]	@ (10006054 <tud_cdc_n_write+0x3c>)
10006026:	18e4      	adds	r4, r4, r3
10006028:	3404      	adds	r4, #4
1000602a:	4b0b      	ldr	r3, [pc, #44]	@ (10006058 <tud_cdc_n_write+0x40>)
1000602c:	429a      	cmp	r2, r3
1000602e:	d80b      	bhi.n	10006048 <tud_cdc_n_write+0x30>
10006030:	b292      	uxth	r2, r2
10006032:	0020      	movs	r0, r4
10006034:	f001 f89c 	bl	10007170 <tu_fifo_write_n>
10006038:	0006      	movs	r6, r0
1000603a:	0020      	movs	r0, r4
1000603c:	f000 fffa 	bl	10007034 <tu_fifo_count>
10006040:	283f      	cmp	r0, #63	@ 0x3f
10006042:	d803      	bhi.n	1000604c <tud_cdc_n_write+0x34>
10006044:	0030      	movs	r0, r6
10006046:	bd70      	pop	{r4, r5, r6, pc}
10006048:	4a04      	ldr	r2, [pc, #16]	@ (1000605c <tud_cdc_n_write+0x44>)
1000604a:	e7f2      	b.n	10006032 <tud_cdc_n_write+0x1a>
1000604c:	0028      	movs	r0, r5
1000604e:	f7ff ff7d 	bl	10005f4c <tud_cdc_n_write_flush>
10006052:	e7f7      	b.n	10006044 <tud_cdc_n_write+0x2c>
10006054:	200016a4 	.word	0x200016a4
10006058:	0000fffe 	.word	0x0000fffe
1000605c:	0000ffff 	.word	0x0000ffff

10006060 <tud_cdc_n_write_available>:
10006060:	b510      	push	{r4, lr}
10006062:	23b2      	movs	r3, #178	@ 0xb2
10006064:	009b      	lsls	r3, r3, #2
10006066:	4358      	muls	r0, r3
10006068:	3020      	adds	r0, #32
1000606a:	4b03      	ldr	r3, [pc, #12]	@ (10006078 <tud_cdc_n_write_available+0x18>)
1000606c:	18c0      	adds	r0, r0, r3
1000606e:	3004      	adds	r0, #4
10006070:	f001 f810 	bl	10007094 <tu_fifo_remaining>
10006074:	bd10      	pop	{r4, pc}
10006076:	46c0      	nop			@ (mov r8, r8)
10006078:	200016a4 	.word	0x200016a4

1000607c <cdcd_init>:
1000607c:	b5f0      	push	{r4, r5, r6, r7, lr}
1000607e:	46ce      	mov	lr, r9
10006080:	4647      	mov	r7, r8
10006082:	b580      	push	{r7, lr}
10006084:	b083      	sub	sp, #12
10006086:	482b      	ldr	r0, [pc, #172]	@ (10006134 <cdcd_init+0xb8>)
10006088:	22b2      	movs	r2, #178	@ 0xb2
1000608a:	0092      	lsls	r2, r2, #2
1000608c:	2100      	movs	r1, #0
1000608e:	f7fc feaf 	bl	10002df0 <__wrap_memset>
10006092:	4b29      	ldr	r3, [pc, #164]	@ (10006138 <cdcd_init+0xbc>)
10006094:	2200      	movs	r2, #0
10006096:	701a      	strb	r2, [r3, #0]
10006098:	2700      	movs	r7, #0
1000609a:	2f00      	cmp	r7, #0
1000609c:	d004      	beq.n	100060a8 <cdcd_init+0x2c>
1000609e:	b003      	add	sp, #12
100060a0:	bcc0      	pop	{r6, r7}
100060a2:	46b9      	mov	r9, r7
100060a4:	46b0      	mov	r8, r6
100060a6:	bdf0      	pop	{r4, r5, r6, r7, pc}
100060a8:	4e22      	ldr	r6, [pc, #136]	@ (10006134 <cdcd_init+0xb8>)
100060aa:	24b2      	movs	r4, #178	@ 0xb2
100060ac:	00a4      	lsls	r4, r4, #2
100060ae:	437c      	muls	r4, r7
100060b0:	1935      	adds	r5, r6, r4
100060b2:	23ff      	movs	r3, #255	@ 0xff
100060b4:	716b      	strb	r3, [r5, #5]
100060b6:	23e1      	movs	r3, #225	@ 0xe1
100060b8:	025b      	lsls	r3, r3, #9
100060ba:	60ab      	str	r3, [r5, #8]
100060bc:	2300      	movs	r3, #0
100060be:	4698      	mov	r8, r3
100060c0:	732b      	strb	r3, [r5, #12]
100060c2:	736b      	strb	r3, [r5, #13]
100060c4:	3308      	adds	r3, #8
100060c6:	73ab      	strb	r3, [r5, #14]
100060c8:	0021      	movs	r1, r4
100060ca:	3138      	adds	r1, #56	@ 0x38
100060cc:	1989      	adds	r1, r1, r6
100060ce:	33f8      	adds	r3, #248	@ 0xf8
100060d0:	4699      	mov	r9, r3
100060d2:	0020      	movs	r0, r4
100060d4:	3010      	adds	r0, #16
100060d6:	1980      	adds	r0, r0, r6
100060d8:	4643      	mov	r3, r8
100060da:	9300      	str	r3, [sp, #0]
100060dc:	3301      	adds	r3, #1
100060de:	464a      	mov	r2, r9
100060e0:	f000 ff6a 	bl	10006fb8 <tu_fifo_config>
100060e4:	0021      	movs	r1, r4
100060e6:	3139      	adds	r1, #57	@ 0x39
100060e8:	31ff      	adds	r1, #255	@ 0xff
100060ea:	1989      	adds	r1, r1, r6
100060ec:	0020      	movs	r0, r4
100060ee:	3020      	adds	r0, #32
100060f0:	1980      	adds	r0, r0, r6
100060f2:	3004      	adds	r0, #4
100060f4:	2301      	movs	r3, #1
100060f6:	9300      	str	r3, [sp, #0]
100060f8:	464a      	mov	r2, r9
100060fa:	f000 ff5d 	bl	10006fb8 <tu_fifo_config>
100060fe:	238e      	movs	r3, #142	@ 0x8e
10006100:	009b      	lsls	r3, r3, #2
10006102:	18e3      	adds	r3, r4, r3
10006104:	4699      	mov	r9, r3
10006106:	44b1      	add	r9, r6
10006108:	4648      	mov	r0, r9
1000610a:	f7fb fa0d 	bl	10001528 <mutex_init>
1000610e:	2390      	movs	r3, #144	@ 0x90
10006110:	009b      	lsls	r3, r3, #2
10006112:	469c      	mov	ip, r3
10006114:	4464      	add	r4, ip
10006116:	19a4      	adds	r4, r4, r6
10006118:	0020      	movs	r0, r4
1000611a:	f7fb fa05 	bl	10001528 <mutex_init>
1000611e:	4643      	mov	r3, r8
10006120:	61eb      	str	r3, [r5, #28]
10006122:	464b      	mov	r3, r9
10006124:	622b      	str	r3, [r5, #32]
10006126:	632c      	str	r4, [r5, #48]	@ 0x30
10006128:	4643      	mov	r3, r8
1000612a:	636b      	str	r3, [r5, #52]	@ 0x34
1000612c:	3701      	adds	r7, #1
1000612e:	b2ff      	uxtb	r7, r7
10006130:	e7b3      	b.n	1000609a <cdcd_init+0x1e>
10006132:	46c0      	nop			@ (mov r8, r8)
10006134:	200016a4 	.word	0x200016a4
10006138:	200016a0 	.word	0x200016a0

1000613c <cdcd_deinit>:
1000613c:	b510      	push	{r4, lr}
1000613e:	2300      	movs	r3, #0
10006140:	2b00      	cmp	r3, #0
10006142:	d001      	beq.n	10006148 <cdcd_deinit+0xc>
10006144:	2001      	movs	r0, #1
10006146:	bd10      	pop	{r4, pc}
10006148:	0019      	movs	r1, r3
1000614a:	4a0f      	ldr	r2, [pc, #60]	@ (10006188 <cdcd_deinit+0x4c>)
1000614c:	20b2      	movs	r0, #178	@ 0xb2
1000614e:	0080      	lsls	r0, r0, #2
10006150:	4358      	muls	r0, r3
10006152:	1812      	adds	r2, r2, r0
10006154:	6a10      	ldr	r0, [r2, #32]
10006156:	6b14      	ldr	r4, [r2, #48]	@ 0x30
10006158:	2800      	cmp	r0, #0
1000615a:	d007      	beq.n	1000616c <cdcd_deinit+0x30>
1000615c:	4a0a      	ldr	r2, [pc, #40]	@ (10006188 <cdcd_deinit+0x4c>)
1000615e:	20b2      	movs	r0, #178	@ 0xb2
10006160:	0080      	lsls	r0, r0, #2
10006162:	4358      	muls	r0, r3
10006164:	1812      	adds	r2, r2, r0
10006166:	2000      	movs	r0, #0
10006168:	61d0      	str	r0, [r2, #28]
1000616a:	6210      	str	r0, [r2, #32]
1000616c:	2c00      	cmp	r4, #0
1000616e:	d007      	beq.n	10006180 <cdcd_deinit+0x44>
10006170:	4a05      	ldr	r2, [pc, #20]	@ (10006188 <cdcd_deinit+0x4c>)
10006172:	20b2      	movs	r0, #178	@ 0xb2
10006174:	0080      	lsls	r0, r0, #2
10006176:	4341      	muls	r1, r0
10006178:	1852      	adds	r2, r2, r1
1000617a:	2100      	movs	r1, #0
1000617c:	6311      	str	r1, [r2, #48]	@ 0x30
1000617e:	6351      	str	r1, [r2, #52]	@ 0x34
10006180:	3301      	adds	r3, #1
10006182:	b2db      	uxtb	r3, r3
10006184:	e7dc      	b.n	10006140 <cdcd_deinit+0x4>
10006186:	46c0      	nop			@ (mov r8, r8)
10006188:	200016a4 	.word	0x200016a4

1000618c <cdcd_reset>:
1000618c:	b570      	push	{r4, r5, r6, lr}
1000618e:	2400      	movs	r4, #0
10006190:	2c00      	cmp	r4, #0
10006192:	d000      	beq.n	10006196 <cdcd_reset+0xa>
10006194:	bd70      	pop	{r4, r5, r6, pc}
10006196:	0025      	movs	r5, r4
10006198:	20b2      	movs	r0, #178	@ 0xb2
1000619a:	0080      	lsls	r0, r0, #2
1000619c:	4360      	muls	r0, r4
1000619e:	4b17      	ldr	r3, [pc, #92]	@ (100061fc <cdcd_reset+0x70>)
100061a0:	18c0      	adds	r0, r0, r3
100061a2:	2205      	movs	r2, #5
100061a4:	2100      	movs	r1, #0
100061a6:	f7fc fe23 	bl	10002df0 <__wrap_memset>
100061aa:	4b15      	ldr	r3, [pc, #84]	@ (10006200 <cdcd_reset+0x74>)
100061ac:	781b      	ldrb	r3, [r3, #0]
100061ae:	07db      	lsls	r3, r3, #31
100061b0:	d510      	bpl.n	100061d4 <cdcd_reset+0x48>
100061b2:	4b13      	ldr	r3, [pc, #76]	@ (10006200 <cdcd_reset+0x74>)
100061b4:	781b      	ldrb	r3, [r3, #0]
100061b6:	079b      	lsls	r3, r3, #30
100061b8:	d515      	bpl.n	100061e6 <cdcd_reset+0x5a>
100061ba:	20b2      	movs	r0, #178	@ 0xb2
100061bc:	0080      	lsls	r0, r0, #2
100061be:	4368      	muls	r0, r5
100061c0:	3020      	adds	r0, #32
100061c2:	4b0e      	ldr	r3, [pc, #56]	@ (100061fc <cdcd_reset+0x70>)
100061c4:	18c0      	adds	r0, r0, r3
100061c6:	3004      	adds	r0, #4
100061c8:	2101      	movs	r1, #1
100061ca:	f000 fff5 	bl	100071b8 <tu_fifo_set_overwritable>
100061ce:	3401      	adds	r4, #1
100061d0:	b2e4      	uxtb	r4, r4
100061d2:	e7dd      	b.n	10006190 <cdcd_reset+0x4>
100061d4:	20b2      	movs	r0, #178	@ 0xb2
100061d6:	0080      	lsls	r0, r0, #2
100061d8:	4360      	muls	r0, r4
100061da:	3010      	adds	r0, #16
100061dc:	4b07      	ldr	r3, [pc, #28]	@ (100061fc <cdcd_reset+0x70>)
100061de:	18c0      	adds	r0, r0, r3
100061e0:	f000 ffcb 	bl	1000717a <tu_fifo_clear>
100061e4:	e7e5      	b.n	100061b2 <cdcd_reset+0x26>
100061e6:	20b2      	movs	r0, #178	@ 0xb2
100061e8:	0080      	lsls	r0, r0, #2
100061ea:	4368      	muls	r0, r5
100061ec:	3020      	adds	r0, #32
100061ee:	4b03      	ldr	r3, [pc, #12]	@ (100061fc <cdcd_reset+0x70>)
100061f0:	18c0      	adds	r0, r0, r3
100061f2:	3004      	adds	r0, #4
100061f4:	f000 ffc1 	bl	1000717a <tu_fifo_clear>
100061f8:	e7df      	b.n	100061ba <cdcd_reset+0x2e>
100061fa:	46c0      	nop			@ (mov r8, r8)
100061fc:	200016a4 	.word	0x200016a4
10006200:	200016a0 	.word	0x200016a0

10006204 <cdcd_open>:
10006204:	b5f0      	push	{r4, r5, r6, r7, lr}
10006206:	b083      	sub	sp, #12
10006208:	0004      	movs	r4, r0
1000620a:	794b      	ldrb	r3, [r1, #5]
1000620c:	2b02      	cmp	r3, #2
1000620e:	d164      	bne.n	100062da <cdcd_open+0xd6>
10006210:	798b      	ldrb	r3, [r1, #6]
10006212:	2b02      	cmp	r3, #2
10006214:	d165      	bne.n	100062e2 <cdcd_open+0xde>
10006216:	2300      	movs	r3, #0
10006218:	2b00      	cmp	r3, #0
1000621a:	d007      	beq.n	1000622c <cdcd_open+0x28>
1000621c:	229a      	movs	r2, #154	@ 0x9a
1000621e:	4932      	ldr	r1, [pc, #200]	@ (100062e8 <cdcd_open+0xe4>)
10006220:	4832      	ldr	r0, [pc, #200]	@ (100062ec <cdcd_open+0xe8>)
10006222:	0052      	lsls	r2, r2, #1
10006224:	f7fe f85e 	bl	100042e4 <__wrap_printf>
10006228:	2500      	movs	r5, #0
1000622a:	e057      	b.n	100062dc <cdcd_open+0xd8>
1000622c:	4830      	ldr	r0, [pc, #192]	@ (100062f0 <cdcd_open+0xec>)
1000622e:	25b2      	movs	r5, #178	@ 0xb2
10006230:	00ad      	lsls	r5, r5, #2
10006232:	435d      	muls	r5, r3
10006234:	1940      	adds	r0, r0, r5
10006236:	7880      	ldrb	r0, [r0, #2]
10006238:	2800      	cmp	r0, #0
1000623a:	d002      	beq.n	10006242 <cdcd_open+0x3e>
1000623c:	3301      	adds	r3, #1
1000623e:	b2db      	uxtb	r3, r3
10006240:	e7ea      	b.n	10006218 <cdcd_open+0x14>
10006242:	4b2b      	ldr	r3, [pc, #172]	@ (100062f0 <cdcd_open+0xec>)
10006244:	18ee      	adds	r6, r5, r3
10006246:	788b      	ldrb	r3, [r1, #2]
10006248:	7033      	strb	r3, [r6, #0]
1000624a:	780f      	ldrb	r7, [r1, #0]
1000624c:	19cf      	adds	r7, r1, r7
1000624e:	2509      	movs	r5, #9
10006250:	787b      	ldrb	r3, [r7, #1]
10006252:	2b24      	cmp	r3, #36	@ 0x24
10006254:	d106      	bne.n	10006264 <cdcd_open+0x60>
10006256:	4295      	cmp	r5, r2
10006258:	d804      	bhi.n	10006264 <cdcd_open+0x60>
1000625a:	783b      	ldrb	r3, [r7, #0]
1000625c:	195d      	adds	r5, r3, r5
1000625e:	b2ad      	uxth	r5, r5
10006260:	18ff      	adds	r7, r7, r3
10006262:	e7f5      	b.n	10006250 <cdcd_open+0x4c>
10006264:	2b05      	cmp	r3, #5
10006266:	d009      	beq.n	1000627c <cdcd_open+0x78>
10006268:	787b      	ldrb	r3, [r7, #1]
1000626a:	2b04      	cmp	r3, #4
1000626c:	d102      	bne.n	10006274 <cdcd_open+0x70>
1000626e:	797b      	ldrb	r3, [r7, #5]
10006270:	2b0a      	cmp	r3, #10
10006272:	d018      	beq.n	100062a6 <cdcd_open+0xa2>
10006274:	0030      	movs	r0, r6
10006276:	f7ff fdeb 	bl	10005e50 <_prep_out_transaction>
1000627a:	e02f      	b.n	100062dc <cdcd_open+0xd8>
1000627c:	0039      	movs	r1, r7
1000627e:	0020      	movs	r0, r4
10006280:	f7ff f8ec 	bl	1000545c <usbd_edpt_open>
10006284:	2800      	cmp	r0, #0
10006286:	d006      	beq.n	10006296 <cdcd_open+0x92>
10006288:	78bb      	ldrb	r3, [r7, #2]
1000628a:	7073      	strb	r3, [r6, #1]
1000628c:	783b      	ldrb	r3, [r7, #0]
1000628e:	195d      	adds	r5, r3, r5
10006290:	b2ad      	uxth	r5, r5
10006292:	18ff      	adds	r7, r7, r3
10006294:	e7e8      	b.n	10006268 <cdcd_open+0x64>
10006296:	22a3      	movs	r2, #163	@ 0xa3
10006298:	4913      	ldr	r1, [pc, #76]	@ (100062e8 <cdcd_open+0xe4>)
1000629a:	4814      	ldr	r0, [pc, #80]	@ (100062ec <cdcd_open+0xe8>)
1000629c:	0052      	lsls	r2, r2, #1
1000629e:	f7fe f821 	bl	100042e4 <__wrap_printf>
100062a2:	2500      	movs	r5, #0
100062a4:	e01a      	b.n	100062dc <cdcd_open+0xd8>
100062a6:	7839      	ldrb	r1, [r7, #0]
100062a8:	194d      	adds	r5, r1, r5
100062aa:	b2ad      	uxth	r5, r5
100062ac:	1879      	adds	r1, r7, r1
100062ae:	1cb3      	adds	r3, r6, #2
100062b0:	9301      	str	r3, [sp, #4]
100062b2:	1cf3      	adds	r3, r6, #3
100062b4:	9300      	str	r3, [sp, #0]
100062b6:	2302      	movs	r3, #2
100062b8:	2202      	movs	r2, #2
100062ba:	0020      	movs	r0, r4
100062bc:	f7ff f8fe 	bl	100054bc <usbd_open_edpt_pair>
100062c0:	2800      	cmp	r0, #0
100062c2:	d002      	beq.n	100062ca <cdcd_open+0xc6>
100062c4:	350e      	adds	r5, #14
100062c6:	b2ad      	uxth	r5, r5
100062c8:	e7d4      	b.n	10006274 <cdcd_open+0x70>
100062ca:	2256      	movs	r2, #86	@ 0x56
100062cc:	4906      	ldr	r1, [pc, #24]	@ (100062e8 <cdcd_open+0xe4>)
100062ce:	4807      	ldr	r0, [pc, #28]	@ (100062ec <cdcd_open+0xe8>)
100062d0:	32ff      	adds	r2, #255	@ 0xff
100062d2:	f7fe f807 	bl	100042e4 <__wrap_printf>
100062d6:	2500      	movs	r5, #0
100062d8:	e000      	b.n	100062dc <cdcd_open+0xd8>
100062da:	2500      	movs	r5, #0
100062dc:	0028      	movs	r0, r5
100062de:	b003      	add	sp, #12
100062e0:	bdf0      	pop	{r4, r5, r6, r7, pc}
100062e2:	2500      	movs	r5, #0
100062e4:	e7fa      	b.n	100062dc <cdcd_open+0xd8>
100062e6:	46c0      	nop			@ (mov r8, r8)
100062e8:	10009648 	.word	0x10009648
100062ec:	10008e08 	.word	0x10008e08
100062f0:	200016a4 	.word	0x200016a4

100062f4 <cdcd_control_xfer_cb>:
100062f4:	b5f8      	push	{r3, r4, r5, r6, r7, lr}
100062f6:	0014      	movs	r4, r2
100062f8:	7812      	ldrb	r2, [r2, #0]
100062fa:	2360      	movs	r3, #96	@ 0x60
100062fc:	4013      	ands	r3, r2
100062fe:	2b20      	cmp	r3, #32
10006300:	d000      	beq.n	10006304 <cdcd_control_xfer_cb+0x10>
10006302:	e080      	b.n	10006406 <cdcd_control_xfer_cb+0x112>
10006304:	4a45      	ldr	r2, [pc, #276]	@ (1000641c <cdcd_control_xfer_cb+0x128>)
10006306:	2500      	movs	r5, #0
10006308:	2d00      	cmp	r5, #0
1000630a:	d000      	beq.n	1000630e <cdcd_control_xfer_cb+0x1a>
1000630c:	e07d      	b.n	1000640a <cdcd_control_xfer_cb+0x116>
1000630e:	7816      	ldrb	r6, [r2, #0]
10006310:	7927      	ldrb	r7, [r4, #4]
10006312:	7963      	ldrb	r3, [r4, #5]
10006314:	021b      	lsls	r3, r3, #8
10006316:	433b      	orrs	r3, r7
10006318:	429e      	cmp	r6, r3
1000631a:	d006      	beq.n	1000632a <cdcd_control_xfer_cb+0x36>
1000631c:	3501      	adds	r5, #1
1000631e:	b2ed      	uxtb	r5, r5
10006320:	23b2      	movs	r3, #178	@ 0xb2
10006322:	009b      	lsls	r3, r3, #2
10006324:	469c      	mov	ip, r3
10006326:	4462      	add	r2, ip
10006328:	e7ee      	b.n	10006308 <cdcd_control_xfer_cb+0x14>
1000632a:	7863      	ldrb	r3, [r4, #1]
1000632c:	2b22      	cmp	r3, #34	@ 0x22
1000632e:	d032      	beq.n	10006396 <cdcd_control_xfer_cb+0xa2>
10006330:	d809      	bhi.n	10006346 <cdcd_control_xfer_cb+0x52>
10006332:	2b20      	cmp	r3, #32
10006334:	d011      	beq.n	1000635a <cdcd_control_xfer_cb+0x66>
10006336:	2b21      	cmp	r3, #33	@ 0x21
10006338:	d103      	bne.n	10006342 <cdcd_control_xfer_cb+0x4e>
1000633a:	2901      	cmp	r1, #1
1000633c:	d024      	beq.n	10006388 <cdcd_control_xfer_cb+0x94>
1000633e:	2001      	movs	r0, #1
10006340:	e062      	b.n	10006408 <cdcd_control_xfer_cb+0x114>
10006342:	2000      	movs	r0, #0
10006344:	e060      	b.n	10006408 <cdcd_control_xfer_cb+0x114>
10006346:	2b23      	cmp	r3, #35	@ 0x23
10006348:	d105      	bne.n	10006356 <cdcd_control_xfer_cb+0x62>
1000634a:	2901      	cmp	r1, #1
1000634c:	d04a      	beq.n	100063e4 <cdcd_control_xfer_cb+0xf0>
1000634e:	2903      	cmp	r1, #3
10006350:	d04d      	beq.n	100063ee <cdcd_control_xfer_cb+0xfa>
10006352:	2001      	movs	r0, #1
10006354:	e058      	b.n	10006408 <cdcd_control_xfer_cb+0x114>
10006356:	2000      	movs	r0, #0
10006358:	e056      	b.n	10006408 <cdcd_control_xfer_cb+0x114>
1000635a:	2901      	cmp	r1, #1
1000635c:	d003      	beq.n	10006366 <cdcd_control_xfer_cb+0x72>
1000635e:	2903      	cmp	r1, #3
10006360:	d008      	beq.n	10006374 <cdcd_control_xfer_cb+0x80>
10006362:	2001      	movs	r0, #1
10006364:	e050      	b.n	10006408 <cdcd_control_xfer_cb+0x114>
10006366:	3208      	adds	r2, #8
10006368:	2307      	movs	r3, #7
1000636a:	0021      	movs	r1, r4
1000636c:	f7ff fc96 	bl	10005c9c <tud_control_xfer>
10006370:	2001      	movs	r0, #1
10006372:	e049      	b.n	10006408 <cdcd_control_xfer_cb+0x114>
10006374:	4b2a      	ldr	r3, [pc, #168]	@ (10006420 <cdcd_control_xfer_cb+0x12c>)
10006376:	2b00      	cmp	r3, #0
10006378:	d049      	beq.n	1000640e <cdcd_control_xfer_cb+0x11a>
1000637a:	3208      	adds	r2, #8
1000637c:	0011      	movs	r1, r2
1000637e:	0028      	movs	r0, r5
10006380:	f7fe f954 	bl	1000462c <tud_cdc_line_coding_cb>
10006384:	2001      	movs	r0, #1
10006386:	e03f      	b.n	10006408 <cdcd_control_xfer_cb+0x114>
10006388:	3208      	adds	r2, #8
1000638a:	2307      	movs	r3, #7
1000638c:	0021      	movs	r1, r4
1000638e:	f7ff fc85 	bl	10005c9c <tud_control_xfer>
10006392:	2001      	movs	r0, #1
10006394:	e038      	b.n	10006408 <cdcd_control_xfer_cb+0x114>
10006396:	2901      	cmp	r1, #1
10006398:	d003      	beq.n	100063a2 <cdcd_control_xfer_cb+0xae>
1000639a:	2903      	cmp	r1, #3
1000639c:	d006      	beq.n	100063ac <cdcd_control_xfer_cb+0xb8>
1000639e:	2001      	movs	r0, #1
100063a0:	e032      	b.n	10006408 <cdcd_control_xfer_cb+0x114>
100063a2:	0021      	movs	r1, r4
100063a4:	f7ff fc66 	bl	10005c74 <tud_control_status>
100063a8:	2001      	movs	r0, #1
100063aa:	e02d      	b.n	10006408 <cdcd_control_xfer_cb+0x114>
100063ac:	78a1      	ldrb	r1, [r4, #2]
100063ae:	78e3      	ldrb	r3, [r4, #3]
100063b0:	021b      	lsls	r3, r3, #8
100063b2:	430b      	orrs	r3, r1
100063b4:	2001      	movs	r0, #1
100063b6:	0019      	movs	r1, r3
100063b8:	4001      	ands	r1, r0
100063ba:	000e      	movs	r6, r1
100063bc:	085c      	lsrs	r4, r3, #1
100063be:	4004      	ands	r4, r0
100063c0:	7113      	strb	r3, [r2, #4]
100063c2:	424b      	negs	r3, r1
100063c4:	4159      	adcs	r1, r3
100063c6:	b2c9      	uxtb	r1, r1
100063c8:	3224      	adds	r2, #36	@ 0x24
100063ca:	0010      	movs	r0, r2
100063cc:	f000 fef4 	bl	100071b8 <tu_fifo_set_overwritable>
100063d0:	4b14      	ldr	r3, [pc, #80]	@ (10006424 <cdcd_control_xfer_cb+0x130>)
100063d2:	2b00      	cmp	r3, #0
100063d4:	d01d      	beq.n	10006412 <cdcd_control_xfer_cb+0x11e>
100063d6:	0022      	movs	r2, r4
100063d8:	0031      	movs	r1, r6
100063da:	0028      	movs	r0, r5
100063dc:	e000      	b.n	100063e0 <cdcd_control_xfer_cb+0xec>
100063de:	bf00      	nop
100063e0:	2001      	movs	r0, #1
100063e2:	e011      	b.n	10006408 <cdcd_control_xfer_cb+0x114>
100063e4:	0021      	movs	r1, r4
100063e6:	f7ff fc45 	bl	10005c74 <tud_control_status>
100063ea:	2001      	movs	r0, #1
100063ec:	e00c      	b.n	10006408 <cdcd_control_xfer_cb+0x114>
100063ee:	4b0e      	ldr	r3, [pc, #56]	@ (10006428 <cdcd_control_xfer_cb+0x134>)
100063f0:	2b00      	cmp	r3, #0
100063f2:	d010      	beq.n	10006416 <cdcd_control_xfer_cb+0x122>
100063f4:	78a3      	ldrb	r3, [r4, #2]
100063f6:	78e1      	ldrb	r1, [r4, #3]
100063f8:	0209      	lsls	r1, r1, #8
100063fa:	4319      	orrs	r1, r3
100063fc:	0028      	movs	r0, r5
100063fe:	e000      	b.n	10006402 <cdcd_control_xfer_cb+0x10e>
10006400:	bf00      	nop
10006402:	2001      	movs	r0, #1
10006404:	e000      	b.n	10006408 <cdcd_control_xfer_cb+0x114>
10006406:	2000      	movs	r0, #0
10006408:	bdf8      	pop	{r3, r4, r5, r6, r7, pc}
1000640a:	2000      	movs	r0, #0
1000640c:	e7fc      	b.n	10006408 <cdcd_control_xfer_cb+0x114>
1000640e:	2001      	movs	r0, #1
10006410:	e7fa      	b.n	10006408 <cdcd_control_xfer_cb+0x114>
10006412:	2001      	movs	r0, #1
10006414:	e7f8      	b.n	10006408 <cdcd_control_xfer_cb+0x114>
10006416:	2001      	movs	r0, #1
10006418:	e7f6      	b.n	10006408 <cdcd_control_xfer_cb+0x114>
1000641a:	46c0      	nop			@ (mov r8, r8)
1000641c:	200016a4 	.word	0x200016a4
10006420:	1000462d 	.word	0x1000462d
	...

1000642c <cdcd_xfer_cb>:
1000642c:	b5f0      	push	{r4, r5, r6, r7, lr}
1000642e:	46d6      	mov	lr, sl
10006430:	b500      	push	{lr}
10006432:	b082      	sub	sp, #8
10006434:	9001      	str	r0, [sp, #4]
10006436:	000f      	movs	r7, r1
10006438:	9300      	str	r3, [sp, #0]
1000643a:	2400      	movs	r4, #0
1000643c:	2c00      	cmp	r4, #0
1000643e:	d00d      	beq.n	1000645c <cdcd_xfer_cb+0x30>
10006440:	2c00      	cmp	r4, #0
10006442:	d119      	bne.n	10006478 <cdcd_xfer_cb+0x4c>
10006444:	78eb      	ldrb	r3, [r5, #3]
10006446:	42bb      	cmp	r3, r7
10006448:	d01e      	beq.n	10006488 <cdcd_xfer_cb+0x5c>
1000644a:	78ab      	ldrb	r3, [r5, #2]
1000644c:	42bb      	cmp	r3, r7
1000644e:	d055      	beq.n	100064fc <cdcd_xfer_cb+0xd0>
10006450:	2401      	movs	r4, #1
10006452:	0020      	movs	r0, r4
10006454:	b002      	add	sp, #8
10006456:	bc80      	pop	{r7}
10006458:	46ba      	mov	sl, r7
1000645a:	bdf0      	pop	{r4, r5, r6, r7, pc}
1000645c:	25b2      	movs	r5, #178	@ 0xb2
1000645e:	00ad      	lsls	r5, r5, #2
10006460:	4365      	muls	r5, r4
10006462:	4b3d      	ldr	r3, [pc, #244]	@ (10006558 <cdcd_xfer_cb+0x12c>)
10006464:	18ed      	adds	r5, r5, r3
10006466:	78eb      	ldrb	r3, [r5, #3]
10006468:	42bb      	cmp	r3, r7
1000646a:	d0e9      	beq.n	10006440 <cdcd_xfer_cb+0x14>
1000646c:	78ab      	ldrb	r3, [r5, #2]
1000646e:	42bb      	cmp	r3, r7
10006470:	d0e6      	beq.n	10006440 <cdcd_xfer_cb+0x14>
10006472:	3401      	adds	r4, #1
10006474:	b2e4      	uxtb	r4, r4
10006476:	e7e1      	b.n	1000643c <cdcd_xfer_cb+0x10>
10006478:	22b6      	movs	r2, #182	@ 0xb6
1000647a:	4938      	ldr	r1, [pc, #224]	@ (1000655c <cdcd_xfer_cb+0x130>)
1000647c:	4838      	ldr	r0, [pc, #224]	@ (10006560 <cdcd_xfer_cb+0x134>)
1000647e:	32ff      	adds	r2, #255	@ 0xff
10006480:	f7fd ff30 	bl	100042e4 <__wrap_printf>
10006484:	2400      	movs	r4, #0
10006486:	e7e4      	b.n	10006452 <cdcd_xfer_cb+0x26>
10006488:	2310      	movs	r3, #16
1000648a:	469a      	mov	sl, r3
1000648c:	44aa      	add	sl, r5
1000648e:	2392      	movs	r3, #146	@ 0x92
10006490:	009b      	lsls	r3, r3, #2
10006492:	18e9      	adds	r1, r5, r3
10006494:	466b      	mov	r3, sp
10006496:	881a      	ldrh	r2, [r3, #0]
10006498:	4650      	mov	r0, sl
1000649a:	f000 fe69 	bl	10007170 <tu_fifo_write_n>
1000649e:	4b31      	ldr	r3, [pc, #196]	@ (10006564 <cdcd_xfer_cb+0x138>)
100064a0:	2b00      	cmp	r3, #0
100064a2:	d01b      	beq.n	100064dc <cdcd_xfer_cb+0xb0>
100064a4:	796b      	ldrb	r3, [r5, #5]
100064a6:	2bff      	cmp	r3, #255	@ 0xff
100064a8:	d018      	beq.n	100064dc <cdcd_xfer_cb+0xb0>
100064aa:	2600      	movs	r6, #0
100064ac:	e000      	b.n	100064b0 <cdcd_xfer_cb+0x84>
100064ae:	3601      	adds	r6, #1
100064b0:	9b00      	ldr	r3, [sp, #0]
100064b2:	429e      	cmp	r6, r3
100064b4:	d212      	bcs.n	100064dc <cdcd_xfer_cb+0xb0>
100064b6:	796a      	ldrb	r2, [r5, #5]
100064b8:	19ab      	adds	r3, r5, r6
100064ba:	2192      	movs	r1, #146	@ 0x92
100064bc:	0089      	lsls	r1, r1, #2
100064be:	468c      	mov	ip, r1
100064c0:	4463      	add	r3, ip
100064c2:	781b      	ldrb	r3, [r3, #0]
100064c4:	429a      	cmp	r2, r3
100064c6:	d1f2      	bne.n	100064ae <cdcd_xfer_cb+0x82>
100064c8:	4650      	mov	r0, sl
100064ca:	f000 fdc8 	bl	1000705e <tu_fifo_empty>
100064ce:	2800      	cmp	r0, #0
100064d0:	d1ed      	bne.n	100064ae <cdcd_xfer_cb+0x82>
100064d2:	7969      	ldrb	r1, [r5, #5]
100064d4:	0020      	movs	r0, r4
100064d6:	e000      	b.n	100064da <cdcd_xfer_cb+0xae>
100064d8:	bf00      	nop
100064da:	e7e8      	b.n	100064ae <cdcd_xfer_cb+0x82>
100064dc:	4b22      	ldr	r3, [pc, #136]	@ (10006568 <cdcd_xfer_cb+0x13c>)
100064de:	2b00      	cmp	r3, #0
100064e0:	d004      	beq.n	100064ec <cdcd_xfer_cb+0xc0>
100064e2:	4650      	mov	r0, sl
100064e4:	f000 fdbb 	bl	1000705e <tu_fifo_empty>
100064e8:	2800      	cmp	r0, #0
100064ea:	d003      	beq.n	100064f4 <cdcd_xfer_cb+0xc8>
100064ec:	0028      	movs	r0, r5
100064ee:	f7ff fcaf 	bl	10005e50 <_prep_out_transaction>
100064f2:	e7aa      	b.n	1000644a <cdcd_xfer_cb+0x1e>
100064f4:	0020      	movs	r0, r4
100064f6:	e000      	b.n	100064fa <cdcd_xfer_cb+0xce>
100064f8:	bf00      	nop
100064fa:	e7f7      	b.n	100064ec <cdcd_xfer_cb+0xc0>
100064fc:	4b1b      	ldr	r3, [pc, #108]	@ (1000656c <cdcd_xfer_cb+0x140>)
100064fe:	2b00      	cmp	r3, #0
10006500:	d002      	beq.n	10006508 <cdcd_xfer_cb+0xdc>
10006502:	0020      	movs	r0, r4
10006504:	e000      	b.n	10006508 <cdcd_xfer_cb+0xdc>
10006506:	bf00      	nop
10006508:	0020      	movs	r0, r4
1000650a:	f7ff fd1f 	bl	10005f4c <tud_cdc_n_write_flush>
1000650e:	2800      	cmp	r0, #0
10006510:	d001      	beq.n	10006516 <cdcd_xfer_cb+0xea>
10006512:	2401      	movs	r4, #1
10006514:	e79d      	b.n	10006452 <cdcd_xfer_cb+0x26>
10006516:	0028      	movs	r0, r5
10006518:	3024      	adds	r0, #36	@ 0x24
1000651a:	f000 fd8b 	bl	10007034 <tu_fifo_count>
1000651e:	2800      	cmp	r0, #0
10006520:	d115      	bne.n	1000654e <cdcd_xfer_cb+0x122>
10006522:	9b00      	ldr	r3, [sp, #0]
10006524:	2b00      	cmp	r3, #0
10006526:	d014      	beq.n	10006552 <cdcd_xfer_cb+0x126>
10006528:	069e      	lsls	r6, r3, #26
1000652a:	d001      	beq.n	10006530 <cdcd_xfer_cb+0x104>
1000652c:	2401      	movs	r4, #1
1000652e:	e790      	b.n	10006452 <cdcd_xfer_cb+0x26>
10006530:	78a9      	ldrb	r1, [r5, #2]
10006532:	9801      	ldr	r0, [sp, #4]
10006534:	f7ff f806 	bl	10005544 <usbd_edpt_claim>
10006538:	1e04      	subs	r4, r0, #0
1000653a:	d101      	bne.n	10006540 <cdcd_xfer_cb+0x114>
1000653c:	2401      	movs	r4, #1
1000653e:	e788      	b.n	10006452 <cdcd_xfer_cb+0x26>
10006540:	78a9      	ldrb	r1, [r5, #2]
10006542:	2300      	movs	r3, #0
10006544:	2200      	movs	r2, #0
10006546:	9801      	ldr	r0, [sp, #4]
10006548:	f7ff f824 	bl	10005594 <usbd_edpt_xfer>
1000654c:	e781      	b.n	10006452 <cdcd_xfer_cb+0x26>
1000654e:	2401      	movs	r4, #1
10006550:	e77f      	b.n	10006452 <cdcd_xfer_cb+0x26>
10006552:	2401      	movs	r4, #1
10006554:	e77d      	b.n	10006452 <cdcd_xfer_cb+0x26>
10006556:	46c0      	nop			@ (mov r8, r8)
10006558:	200016a4 	.word	0x200016a4
1000655c:	10009638 	.word	0x10009638
10006560:	10008e08 	.word	0x10008e08
	...

10006570 <tud_vendor_n_mounted>:
10006570:	2800      	cmp	r0, #0
10006572:	d118      	bne.n	100065a6 <tud_vendor_n_mounted+0x36>
10006574:	4b0d      	ldr	r3, [pc, #52]	@ (100065ac <tud_vendor_n_mounted+0x3c>)
10006576:	22b3      	movs	r2, #179	@ 0xb3
10006578:	0092      	lsls	r2, r2, #2
1000657a:	4342      	muls	r2, r0
1000657c:	189b      	adds	r3, r3, r2
1000657e:	33aa      	adds	r3, #170	@ 0xaa
10006580:	33ff      	adds	r3, #255	@ 0xff
10006582:	781b      	ldrb	r3, [r3, #0]
10006584:	2b00      	cmp	r3, #0
10006586:	d10a      	bne.n	1000659e <tud_vendor_n_mounted+0x2e>
10006588:	4b08      	ldr	r3, [pc, #32]	@ (100065ac <tud_vendor_n_mounted+0x3c>)
1000658a:	22b3      	movs	r2, #179	@ 0xb3
1000658c:	0092      	lsls	r2, r2, #2
1000658e:	4342      	muls	r2, r0
10006590:	189b      	adds	r3, r3, r2
10006592:	3385      	adds	r3, #133	@ 0x85
10006594:	781b      	ldrb	r3, [r3, #0]
10006596:	2b00      	cmp	r3, #0
10006598:	d003      	beq.n	100065a2 <tud_vendor_n_mounted+0x32>
1000659a:	3001      	adds	r0, #1
1000659c:	e004      	b.n	100065a8 <tud_vendor_n_mounted+0x38>
1000659e:	2001      	movs	r0, #1
100065a0:	e002      	b.n	100065a8 <tud_vendor_n_mounted+0x38>
100065a2:	2000      	movs	r0, #0
100065a4:	e000      	b.n	100065a8 <tud_vendor_n_mounted+0x38>
100065a6:	2000      	movs	r0, #0
100065a8:	4770      	bx	lr
100065aa:	46c0      	nop			@ (mov r8, r8)
100065ac:	20001ae4 	.word	0x20001ae4

100065b0 <tud_vendor_n_write_flush>:
100065b0:	b510      	push	{r4, lr}
100065b2:	2800      	cmp	r0, #0
100065b4:	d001      	beq.n	100065ba <tud_vendor_n_write_flush+0xa>
100065b6:	2000      	movs	r0, #0
100065b8:	bd10      	pop	{r4, pc}
100065ba:	21b3      	movs	r1, #179	@ 0xb3
100065bc:	0089      	lsls	r1, r1, #2
100065be:	4341      	muls	r1, r0
100065c0:	3180      	adds	r1, #128	@ 0x80
100065c2:	4b03      	ldr	r3, [pc, #12]	@ (100065d0 <tud_vendor_n_write_flush+0x20>)
100065c4:	18c9      	adds	r1, r1, r3
100065c6:	3104      	adds	r1, #4
100065c8:	f000 fac6 	bl	10006b58 <tu_edpt_stream_write_xfer>
100065cc:	e7f4      	b.n	100065b8 <tud_vendor_n_write_flush+0x8>
100065ce:	46c0      	nop			@ (mov r8, r8)
100065d0:	20001ae4 	.word	0x20001ae4

100065d4 <vendord_init>:
100065d4:	b5f0      	push	{r4, r5, r6, r7, lr}
100065d6:	46c6      	mov	lr, r8
100065d8:	b500      	push	{lr}
100065da:	b084      	sub	sp, #16
100065dc:	4820      	ldr	r0, [pc, #128]	@ (10006660 <vendord_init+0x8c>)
100065de:	22b3      	movs	r2, #179	@ 0xb3
100065e0:	0092      	lsls	r2, r2, #2
100065e2:	2100      	movs	r1, #0
100065e4:	f7fc fc04 	bl	10002df0 <__wrap_memset>
100065e8:	2500      	movs	r5, #0
100065ea:	2d00      	cmp	r5, #0
100065ec:	d003      	beq.n	100065f6 <vendord_init+0x22>
100065ee:	b004      	add	sp, #16
100065f0:	bc80      	pop	{r7}
100065f2:	46b8      	mov	r8, r7
100065f4:	bdf0      	pop	{r4, r5, r6, r7, pc}
100065f6:	24b3      	movs	r4, #179	@ 0xb3
100065f8:	00a4      	lsls	r4, r4, #2
100065fa:	436c      	muls	r4, r5
100065fc:	0023      	movs	r3, r4
100065fe:	33c9      	adds	r3, #201	@ 0xc9
10006600:	33ff      	adds	r3, #255	@ 0xff
10006602:	4e17      	ldr	r6, [pc, #92]	@ (10006660 <vendord_init+0x8c>)
10006604:	199b      	adds	r3, r3, r6
10006606:	3304      	adds	r3, #4
10006608:	19a2      	adds	r2, r4, r6
1000660a:	3204      	adds	r2, #4
1000660c:	0020      	movs	r0, r4
1000660e:	30a9      	adds	r0, #169	@ 0xa9
10006610:	30ff      	adds	r0, #255	@ 0xff
10006612:	1980      	adds	r0, r0, r6
10006614:	2140      	movs	r1, #64	@ 0x40
10006616:	4688      	mov	r8, r1
10006618:	9103      	str	r1, [sp, #12]
1000661a:	9202      	str	r2, [sp, #8]
1000661c:	2780      	movs	r7, #128	@ 0x80
1000661e:	007f      	lsls	r7, r7, #1
10006620:	9701      	str	r7, [sp, #4]
10006622:	9300      	str	r3, [sp, #0]
10006624:	2300      	movs	r3, #0
10006626:	2200      	movs	r2, #0
10006628:	2100      	movs	r1, #0
1000662a:	f000 fa22 	bl	10006a72 <tu_edpt_stream_init>
1000662e:	0023      	movs	r3, r4
10006630:	33a0      	adds	r3, #160	@ 0xa0
10006632:	199b      	adds	r3, r3, r6
10006634:	3308      	adds	r3, #8
10006636:	0022      	movs	r2, r4
10006638:	3240      	adds	r2, #64	@ 0x40
1000663a:	1992      	adds	r2, r2, r6
1000663c:	3204      	adds	r2, #4
1000663e:	3480      	adds	r4, #128	@ 0x80
10006640:	19a0      	adds	r0, r4, r6
10006642:	3004      	adds	r0, #4
10006644:	4641      	mov	r1, r8
10006646:	9103      	str	r1, [sp, #12]
10006648:	9202      	str	r2, [sp, #8]
1000664a:	9701      	str	r7, [sp, #4]
1000664c:	9300      	str	r3, [sp, #0]
1000664e:	2300      	movs	r3, #0
10006650:	2201      	movs	r2, #1
10006652:	2100      	movs	r1, #0
10006654:	f000 fa0d 	bl	10006a72 <tu_edpt_stream_init>
10006658:	3501      	adds	r5, #1
1000665a:	b2ed      	uxtb	r5, r5
1000665c:	e7c5      	b.n	100065ea <vendord_init+0x16>
1000665e:	46c0      	nop			@ (mov r8, r8)
10006660:	20001ae4 	.word	0x20001ae4

10006664 <vendord_deinit>:
10006664:	b570      	push	{r4, r5, r6, lr}
10006666:	2500      	movs	r5, #0
10006668:	2d00      	cmp	r5, #0
1000666a:	d001      	beq.n	10006670 <vendord_deinit+0xc>
1000666c:	2001      	movs	r0, #1
1000666e:	bd70      	pop	{r4, r5, r6, pc}
10006670:	24b3      	movs	r4, #179	@ 0xb3
10006672:	00a4      	lsls	r4, r4, #2
10006674:	436c      	muls	r4, r5
10006676:	0020      	movs	r0, r4
10006678:	30a9      	adds	r0, #169	@ 0xa9
1000667a:	30ff      	adds	r0, #255	@ 0xff
1000667c:	4e05      	ldr	r6, [pc, #20]	@ (10006694 <vendord_deinit+0x30>)
1000667e:	1980      	adds	r0, r0, r6
10006680:	f000 fa28 	bl	10006ad4 <tu_edpt_stream_deinit>
10006684:	3480      	adds	r4, #128	@ 0x80
10006686:	19a0      	adds	r0, r4, r6
10006688:	3004      	adds	r0, #4
1000668a:	f000 fa23 	bl	10006ad4 <tu_edpt_stream_deinit>
1000668e:	3501      	adds	r5, #1
10006690:	b2ed      	uxtb	r5, r5
10006692:	e7e9      	b.n	10006668 <vendord_deinit+0x4>
10006694:	20001ae4 	.word	0x20001ae4

10006698 <vendord_reset>:
10006698:	b570      	push	{r4, r5, r6, lr}
1000669a:	2500      	movs	r5, #0
1000669c:	2d00      	cmp	r5, #0
1000669e:	d000      	beq.n	100066a2 <vendord_reset+0xa>
100066a0:	bd70      	pop	{r4, r5, r6, pc}
100066a2:	24b3      	movs	r4, #179	@ 0xb3
100066a4:	00a4      	lsls	r4, r4, #2
100066a6:	436c      	muls	r4, r5
100066a8:	4e08      	ldr	r6, [pc, #32]	@ (100066cc <vendord_reset+0x34>)
100066aa:	19a3      	adds	r3, r4, r6
100066ac:	2200      	movs	r2, #0
100066ae:	701a      	strb	r2, [r3, #0]
100066b0:	0020      	movs	r0, r4
100066b2:	30b1      	adds	r0, #177	@ 0xb1
100066b4:	30ff      	adds	r0, #255	@ 0xff
100066b6:	1980      	adds	r0, r0, r6
100066b8:	f000 fd5f 	bl	1000717a <tu_fifo_clear>
100066bc:	3488      	adds	r4, #136	@ 0x88
100066be:	19a0      	adds	r0, r4, r6
100066c0:	3004      	adds	r0, #4
100066c2:	f000 fd5a 	bl	1000717a <tu_fifo_clear>
100066c6:	3501      	adds	r5, #1
100066c8:	b2ed      	uxtb	r5, r5
100066ca:	e7e7      	b.n	1000669c <vendord_reset+0x4>
100066cc:	20001ae4 	.word	0x20001ae4

100066d0 <vendord_open>:
100066d0:	b5f0      	push	{r4, r5, r6, r7, lr}
100066d2:	46c6      	mov	lr, r8
100066d4:	b500      	push	{lr}
100066d6:	b082      	sub	sp, #8
100066d8:	9001      	str	r0, [sp, #4]
100066da:	000f      	movs	r7, r1
100066dc:	794b      	ldrb	r3, [r1, #5]
100066de:	2bff      	cmp	r3, #255	@ 0xff
100066e0:	d000      	beq.n	100066e4 <vendord_open+0x14>
100066e2:	e09a      	b.n	1000681a <vendord_open+0x14a>
100066e4:	780c      	ldrb	r4, [r1, #0]
100066e6:	190c      	adds	r4, r1, r4
100066e8:	18a5      	adds	r5, r4, r2
100066ea:	2600      	movs	r6, #0
100066ec:	2e00      	cmp	r6, #0
100066ee:	d001      	beq.n	100066f4 <vendord_open+0x24>
100066f0:	2000      	movs	r0, #0
100066f2:	e093      	b.n	1000681c <vendord_open+0x14c>
100066f4:	0030      	movs	r0, r6
100066f6:	f7ff ff3b 	bl	10006570 <tud_vendor_n_mounted>
100066fa:	2800      	cmp	r0, #0
100066fc:	d002      	beq.n	10006704 <vendord_open+0x34>
100066fe:	3601      	adds	r6, #1
10006700:	b2f6      	uxtb	r6, r6
10006702:	e7f3      	b.n	100066ec <vendord_open+0x1c>
10006704:	23b3      	movs	r3, #179	@ 0xb3
10006706:	009b      	lsls	r3, r3, #2
10006708:	4373      	muls	r3, r6
1000670a:	4a46      	ldr	r2, [pc, #280]	@ (10006824 <vendord_open+0x154>)
1000670c:	4698      	mov	r8, r3
1000670e:	4490      	add	r8, r2
10006710:	78bb      	ldrb	r3, [r7, #2]
10006712:	4642      	mov	r2, r8
10006714:	7013      	strb	r3, [r2, #0]
10006716:	e033      	b.n	10006780 <vendord_open+0xb0>
10006718:	42ac      	cmp	r4, r5
1000671a:	d27b      	bcs.n	10006814 <vendord_open+0x144>
1000671c:	0021      	movs	r1, r4
1000671e:	9801      	ldr	r0, [sp, #4]
10006720:	f7fe fe9c 	bl	1000545c <usbd_edpt_open>
10006724:	2800      	cmp	r0, #0
10006726:	d036      	beq.n	10006796 <vendord_open+0xc6>
10006728:	3601      	adds	r6, #1
1000672a:	b2f6      	uxtb	r6, r6
1000672c:	78a3      	ldrb	r3, [r4, #2]
1000672e:	09db      	lsrs	r3, r3, #7
10006730:	2b01      	cmp	r3, #1
10006732:	d037      	beq.n	100067a4 <vendord_open+0xd4>
10006734:	4640      	mov	r0, r8
10006736:	30b1      	adds	r0, #177	@ 0xb1
10006738:	30ff      	adds	r0, #255	@ 0xff
1000673a:	f000 fd1e 	bl	1000717a <tu_fifo_clear>
1000673e:	78a1      	ldrb	r1, [r4, #2]
10006740:	22d4      	movs	r2, #212	@ 0xd4
10006742:	0052      	lsls	r2, r2, #1
10006744:	4643      	mov	r3, r8
10006746:	189b      	adds	r3, r3, r2
10006748:	7059      	strb	r1, [r3, #1]
1000674a:	7921      	ldrb	r1, [r4, #4]
1000674c:	7963      	ldrb	r3, [r4, #5]
1000674e:	021b      	lsls	r3, r3, #8
10006750:	430b      	orrs	r3, r1
10006752:	055b      	lsls	r3, r3, #21
10006754:	0d5b      	lsrs	r3, r3, #21
10006756:	4934      	ldr	r1, [pc, #208]	@ (10006828 <vendord_open+0x158>)
10006758:	468c      	mov	ip, r1
1000675a:	4463      	add	r3, ip
1000675c:	4259      	negs	r1, r3
1000675e:	414b      	adcs	r3, r1
10006760:	005b      	lsls	r3, r3, #1
10006762:	4641      	mov	r1, r8
10006764:	5c89      	ldrb	r1, [r1, r2]
10006766:	2002      	movs	r0, #2
10006768:	4381      	bics	r1, r0
1000676a:	430b      	orrs	r3, r1
1000676c:	4641      	mov	r1, r8
1000676e:	548b      	strb	r3, [r1, r2]
10006770:	1889      	adds	r1, r1, r2
10006772:	9801      	ldr	r0, [sp, #4]
10006774:	f000 fa32 	bl	10006bdc <tu_edpt_stream_read_xfer>
10006778:	2800      	cmp	r0, #0
1000677a:	d044      	beq.n	10006806 <vendord_open+0x136>
1000677c:	7823      	ldrb	r3, [r4, #0]
1000677e:	18e4      	adds	r4, r4, r3
10006780:	793b      	ldrb	r3, [r7, #4]
10006782:	42b3      	cmp	r3, r6
10006784:	d946      	bls.n	10006814 <vendord_open+0x144>
10006786:	7863      	ldrb	r3, [r4, #1]
10006788:	2b05      	cmp	r3, #5
1000678a:	d0c5      	beq.n	10006718 <vendord_open+0x48>
1000678c:	42ac      	cmp	r4, r5
1000678e:	d2c3      	bcs.n	10006718 <vendord_open+0x48>
10006790:	7823      	ldrb	r3, [r4, #0]
10006792:	18e4      	adds	r4, r4, r3
10006794:	e7f7      	b.n	10006786 <vendord_open+0xb6>
10006796:	4925      	ldr	r1, [pc, #148]	@ (1000682c <vendord_open+0x15c>)
10006798:	4825      	ldr	r0, [pc, #148]	@ (10006830 <vendord_open+0x160>)
1000679a:	22da      	movs	r2, #218	@ 0xda
1000679c:	f7fd fda2 	bl	100042e4 <__wrap_printf>
100067a0:	2000      	movs	r0, #0
100067a2:	e03b      	b.n	1000681c <vendord_open+0x14c>
100067a4:	4640      	mov	r0, r8
100067a6:	308c      	adds	r0, #140	@ 0x8c
100067a8:	f000 fce7 	bl	1000717a <tu_fifo_clear>
100067ac:	78a3      	ldrb	r3, [r4, #2]
100067ae:	2284      	movs	r2, #132	@ 0x84
100067b0:	4641      	mov	r1, r8
100067b2:	3184      	adds	r1, #132	@ 0x84
100067b4:	704b      	strb	r3, [r1, #1]
100067b6:	7921      	ldrb	r1, [r4, #4]
100067b8:	7963      	ldrb	r3, [r4, #5]
100067ba:	021b      	lsls	r3, r3, #8
100067bc:	430b      	orrs	r3, r1
100067be:	055b      	lsls	r3, r3, #21
100067c0:	0d5b      	lsrs	r3, r3, #21
100067c2:	4919      	ldr	r1, [pc, #100]	@ (10006828 <vendord_open+0x158>)
100067c4:	468c      	mov	ip, r1
100067c6:	4463      	add	r3, ip
100067c8:	4259      	negs	r1, r3
100067ca:	414b      	adcs	r3, r1
100067cc:	005b      	lsls	r3, r3, #1
100067ce:	4641      	mov	r1, r8
100067d0:	5c89      	ldrb	r1, [r1, r2]
100067d2:	2002      	movs	r0, #2
100067d4:	4381      	bics	r1, r0
100067d6:	430b      	orrs	r3, r1
100067d8:	4641      	mov	r1, r8
100067da:	548b      	strb	r3, [r1, r2]
100067dc:	4a11      	ldr	r2, [pc, #68]	@ (10006824 <vendord_open+0x154>)
100067de:	1a8a      	subs	r2, r1, r2
100067e0:	1092      	asrs	r2, r2, #2
100067e2:	0053      	lsls	r3, r2, #1
100067e4:	189b      	adds	r3, r3, r2
100067e6:	0259      	lsls	r1, r3, #9
100067e8:	185b      	adds	r3, r3, r1
100067ea:	0298      	lsls	r0, r3, #10
100067ec:	1818      	adds	r0, r3, r0
100067ee:	0080      	lsls	r0, r0, #2
100067f0:	1880      	adds	r0, r0, r2
100067f2:	0040      	lsls	r0, r0, #1
100067f4:	1880      	adds	r0, r0, r2
100067f6:	0103      	lsls	r3, r0, #4
100067f8:	18c0      	adds	r0, r0, r3
100067fa:	0103      	lsls	r3, r0, #4
100067fc:	18c0      	adds	r0, r0, r3
100067fe:	b2c0      	uxtb	r0, r0
10006800:	f7ff fed6 	bl	100065b0 <tud_vendor_n_write_flush>
10006804:	e7ba      	b.n	1000677c <vendord_open+0xac>
10006806:	4909      	ldr	r1, [pc, #36]	@ (1000682c <vendord_open+0x15c>)
10006808:	4809      	ldr	r0, [pc, #36]	@ (10006830 <vendord_open+0x160>)
1000680a:	22e2      	movs	r2, #226	@ 0xe2
1000680c:	f7fd fd6a 	bl	100042e4 <__wrap_printf>
10006810:	2000      	movs	r0, #0
10006812:	e003      	b.n	1000681c <vendord_open+0x14c>
10006814:	1be0      	subs	r0, r4, r7
10006816:	b280      	uxth	r0, r0
10006818:	e000      	b.n	1000681c <vendord_open+0x14c>
1000681a:	2000      	movs	r0, #0
1000681c:	b002      	add	sp, #8
1000681e:	bc80      	pop	{r7}
10006820:	46b8      	mov	r8, r7
10006822:	bdf0      	pop	{r4, r5, r6, r7, pc}
10006824:	20001ae4 	.word	0x20001ae4
10006828:	fffffe00 	.word	0xfffffe00
1000682c:	1000966c 	.word	0x1000966c
10006830:	10008e08 	.word	0x10008e08

10006834 <vendord_xfer_cb>:
10006834:	b5f8      	push	{r3, r4, r5, r6, r7, lr}
10006836:	0006      	movs	r6, r0
10006838:	001d      	movs	r5, r3
1000683a:	4f2b      	ldr	r7, [pc, #172]	@ (100068e8 <vendord_xfer_cb+0xb4>)
1000683c:	2400      	movs	r4, #0
1000683e:	2c00      	cmp	r4, #0
10006840:	d150      	bne.n	100068e4 <vendord_xfer_cb+0xb0>
10006842:	23aa      	movs	r3, #170	@ 0xaa
10006844:	33ff      	adds	r3, #255	@ 0xff
10006846:	5cfb      	ldrb	r3, [r7, r3]
10006848:	428b      	cmp	r3, r1
1000684a:	d00a      	beq.n	10006862 <vendord_xfer_cb+0x2e>
1000684c:	2285      	movs	r2, #133	@ 0x85
1000684e:	5cba      	ldrb	r2, [r7, r2]
10006850:	428a      	cmp	r2, r1
10006852:	d006      	beq.n	10006862 <vendord_xfer_cb+0x2e>
10006854:	3401      	adds	r4, #1
10006856:	b2e4      	uxtb	r4, r4
10006858:	23b3      	movs	r3, #179	@ 0xb3
1000685a:	009b      	lsls	r3, r3, #2
1000685c:	469c      	mov	ip, r3
1000685e:	4467      	add	r7, ip
10006860:	e7ed      	b.n	1000683e <vendord_xfer_cb+0xa>
10006862:	428b      	cmp	r3, r1
10006864:	d005      	beq.n	10006872 <vendord_xfer_cb+0x3e>
10006866:	2385      	movs	r3, #133	@ 0x85
10006868:	5cfb      	ldrb	r3, [r7, r3]
1000686a:	428b      	cmp	r3, r1
1000686c:	d022      	beq.n	100068b4 <vendord_xfer_cb+0x80>
1000686e:	2001      	movs	r0, #1
10006870:	e039      	b.n	100068e6 <vendord_xfer_cb+0xb2>
10006872:	003b      	movs	r3, r7
10006874:	33b1      	adds	r3, #177	@ 0xb1
10006876:	33ff      	adds	r3, #255	@ 0xff
10006878:	889b      	ldrh	r3, [r3, #4]
1000687a:	2b00      	cmp	r3, #0
1000687c:	d10f      	bne.n	1000689e <vendord_xfer_cb+0x6a>
1000687e:	4b1b      	ldr	r3, [pc, #108]	@ (100068ec <vendord_xfer_cb+0xb8>)
10006880:	2b00      	cmp	r3, #0
10006882:	d004      	beq.n	1000688e <vendord_xfer_cb+0x5a>
10006884:	1d39      	adds	r1, r7, #4
10006886:	b2aa      	uxth	r2, r5
10006888:	0020      	movs	r0, r4
1000688a:	e000      	b.n	1000688e <vendord_xfer_cb+0x5a>
1000688c:	bf00      	nop
1000688e:	0039      	movs	r1, r7
10006890:	31a9      	adds	r1, #169	@ 0xa9
10006892:	31ff      	adds	r1, #255	@ 0xff
10006894:	0030      	movs	r0, r6
10006896:	f000 f9a1 	bl	10006bdc <tu_edpt_stream_read_xfer>
1000689a:	2001      	movs	r0, #1
1000689c:	e023      	b.n	100068e6 <vendord_xfer_cb+0xb2>
1000689e:	003b      	movs	r3, r7
100068a0:	33a9      	adds	r3, #169	@ 0xa9
100068a2:	33ff      	adds	r3, #255	@ 0xff
100068a4:	6859      	ldr	r1, [r3, #4]
100068a6:	b2aa      	uxth	r2, r5
100068a8:	0038      	movs	r0, r7
100068aa:	30b1      	adds	r0, #177	@ 0xb1
100068ac:	30ff      	adds	r0, #255	@ 0xff
100068ae:	f000 fc5f 	bl	10007170 <tu_fifo_write_n>
100068b2:	e7e4      	b.n	1000687e <vendord_xfer_cb+0x4a>
100068b4:	4b0e      	ldr	r3, [pc, #56]	@ (100068f0 <vendord_xfer_cb+0xbc>)
100068b6:	2b00      	cmp	r3, #0
100068b8:	d004      	beq.n	100068c4 <vendord_xfer_cb+0x90>
100068ba:	0429      	lsls	r1, r5, #16
100068bc:	0c09      	lsrs	r1, r1, #16
100068be:	0020      	movs	r0, r4
100068c0:	e000      	b.n	100068c4 <vendord_xfer_cb+0x90>
100068c2:	bf00      	nop
100068c4:	3784      	adds	r7, #132	@ 0x84
100068c6:	0039      	movs	r1, r7
100068c8:	0030      	movs	r0, r6
100068ca:	f000 f945 	bl	10006b58 <tu_edpt_stream_write_xfer>
100068ce:	2800      	cmp	r0, #0
100068d0:	d001      	beq.n	100068d6 <vendord_xfer_cb+0xa2>
100068d2:	2001      	movs	r0, #1
100068d4:	e007      	b.n	100068e6 <vendord_xfer_cb+0xb2>
100068d6:	002a      	movs	r2, r5
100068d8:	0039      	movs	r1, r7
100068da:	0030      	movs	r0, r6
100068dc:	f000 f8fc 	bl	10006ad8 <tu_edpt_stream_write_zlp_if_needed>
100068e0:	2001      	movs	r0, #1
100068e2:	e000      	b.n	100068e6 <vendord_xfer_cb+0xb2>
100068e4:	2000      	movs	r0, #0
100068e6:	bdf8      	pop	{r3, r4, r5, r6, r7, pc}
100068e8:	20001ae4 	.word	0x20001ae4
	...

100068f4 <tusb_init>:
100068f4:	b510      	push	{r4, lr}
100068f6:	2000      	movs	r0, #0
100068f8:	f7fe fd42 	bl	10005380 <tud_init>
100068fc:	1e04      	subs	r4, r0, #0
100068fe:	d001      	beq.n	10006904 <tusb_init+0x10>
10006900:	0020      	movs	r0, r4
10006902:	bd10      	pop	{r4, pc}
10006904:	4902      	ldr	r1, [pc, #8]	@ (10006910 <tusb_init+0x1c>)
10006906:	4803      	ldr	r0, [pc, #12]	@ (10006914 <tusb_init+0x20>)
10006908:	2231      	movs	r2, #49	@ 0x31
1000690a:	f7fd fceb 	bl	100042e4 <__wrap_printf>
1000690e:	e7f7      	b.n	10006900 <tusb_init+0xc>
10006910:	100096ec 	.word	0x100096ec
10006914:	10008e08 	.word	0x10008e08

10006918 <tu_edpt_claim>:
10006918:	b570      	push	{r4, r5, r6, lr}
1000691a:	0004      	movs	r4, r0
1000691c:	000d      	movs	r5, r1
1000691e:	7803      	ldrb	r3, [r0, #0]
10006920:	07db      	lsls	r3, r3, #31
10006922:	0fd8      	lsrs	r0, r3, #31
10006924:	2b00      	cmp	r3, #0
10006926:	d11d      	bne.n	10006964 <tu_edpt_claim+0x4c>
10006928:	7823      	ldrb	r3, [r4, #0]
1000692a:	075b      	lsls	r3, r3, #29
1000692c:	0fde      	lsrs	r6, r3, #31
1000692e:	2b00      	cmp	r3, #0
10006930:	db19      	blt.n	10006966 <tu_edpt_claim+0x4e>
10006932:	2101      	movs	r1, #1
10006934:	4249      	negs	r1, r1
10006936:	0028      	movs	r0, r5
10006938:	f001 fb5a 	bl	10007ff0 <__mutex_enter_timeout_ms_veneer>
1000693c:	7823      	ldrb	r3, [r4, #0]
1000693e:	07db      	lsls	r3, r3, #31
10006940:	0fda      	lsrs	r2, r3, #31
10006942:	2b00      	cmp	r3, #0
10006944:	d107      	bne.n	10006956 <tu_edpt_claim+0x3e>
10006946:	7823      	ldrb	r3, [r4, #0]
10006948:	075b      	lsls	r3, r3, #29
1000694a:	d409      	bmi.n	10006960 <tu_edpt_claim+0x48>
1000694c:	7823      	ldrb	r3, [r4, #0]
1000694e:	2204      	movs	r2, #4
10006950:	4313      	orrs	r3, r2
10006952:	7023      	strb	r3, [r4, #0]
10006954:	2601      	movs	r6, #1
10006956:	0028      	movs	r0, r5
10006958:	f001 fb22 	bl	10007fa0 <__mutex_exit_veneer>
1000695c:	0030      	movs	r0, r6
1000695e:	e002      	b.n	10006966 <tu_edpt_claim+0x4e>
10006960:	0016      	movs	r6, r2
10006962:	e7f8      	b.n	10006956 <tu_edpt_claim+0x3e>
10006964:	2000      	movs	r0, #0
10006966:	bd70      	pop	{r4, r5, r6, pc}

10006968 <tu_edpt_release>:
10006968:	b570      	push	{r4, r5, r6, lr}
1000696a:	0006      	movs	r6, r0
1000696c:	000c      	movs	r4, r1
1000696e:	2101      	movs	r1, #1
10006970:	4249      	negs	r1, r1
10006972:	0020      	movs	r0, r4
10006974:	f001 fb3c 	bl	10007ff0 <__mutex_enter_timeout_ms_veneer>
10006978:	7833      	ldrb	r3, [r6, #0]
1000697a:	075b      	lsls	r3, r3, #29
1000697c:	0fdd      	lsrs	r5, r3, #31
1000697e:	2b00      	cmp	r3, #0
10006980:	db04      	blt.n	1000698c <tu_edpt_release+0x24>
10006982:	0020      	movs	r0, r4
10006984:	f001 fb0c 	bl	10007fa0 <__mutex_exit_veneer>
10006988:	0028      	movs	r0, r5
1000698a:	bd70      	pop	{r4, r5, r6, pc}
1000698c:	7833      	ldrb	r3, [r6, #0]
1000698e:	07db      	lsls	r3, r3, #31
10006990:	d404      	bmi.n	1000699c <tu_edpt_release+0x34>
10006992:	7833      	ldrb	r3, [r6, #0]
10006994:	2204      	movs	r2, #4
10006996:	4393      	bics	r3, r2
10006998:	7033      	strb	r3, [r6, #0]
1000699a:	e7f2      	b.n	10006982 <tu_edpt_release+0x1a>
1000699c:	2500      	movs	r5, #0
1000699e:	e7f0      	b.n	10006982 <tu_edpt_release+0x1a>

100069a0 <tu_edpt_validate>:
100069a0:	b510      	push	{r4, lr}
100069a2:	7902      	ldrb	r2, [r0, #4]
100069a4:	7943      	ldrb	r3, [r0, #5]
100069a6:	021b      	lsls	r3, r3, #8
100069a8:	4313      	orrs	r3, r2
100069aa:	055b      	lsls	r3, r3, #21
100069ac:	0d5b      	lsrs	r3, r3, #21
100069ae:	78c2      	ldrb	r2, [r0, #3]
100069b0:	0792      	lsls	r2, r2, #30
100069b2:	0f92      	lsrs	r2, r2, #30
100069b4:	2a02      	cmp	r2, #2
100069b6:	d014      	beq.n	100069e2 <tu_edpt_validate+0x42>
100069b8:	2a03      	cmp	r2, #3
100069ba:	d02d      	beq.n	10006a18 <tu_edpt_validate+0x78>
100069bc:	2a01      	cmp	r2, #1
100069be:	d13c      	bne.n	10006a3a <tu_edpt_validate+0x9a>
100069c0:	2902      	cmp	r1, #2
100069c2:	d004      	beq.n	100069ce <tu_edpt_validate+0x2e>
100069c4:	4a1e      	ldr	r2, [pc, #120]	@ (10006a40 <tu_edpt_validate+0xa0>)
100069c6:	429a      	cmp	r2, r3
100069c8:	d304      	bcc.n	100069d4 <tu_edpt_validate+0x34>
100069ca:	2001      	movs	r0, #1
100069cc:	e036      	b.n	10006a3c <tu_edpt_validate+0x9c>
100069ce:	2280      	movs	r2, #128	@ 0x80
100069d0:	00d2      	lsls	r2, r2, #3
100069d2:	e7f8      	b.n	100069c6 <tu_edpt_validate+0x26>
100069d4:	491b      	ldr	r1, [pc, #108]	@ (10006a44 <tu_edpt_validate+0xa4>)
100069d6:	481c      	ldr	r0, [pc, #112]	@ (10006a48 <tu_edpt_validate+0xa8>)
100069d8:	2290      	movs	r2, #144	@ 0x90
100069da:	f7fd fc83 	bl	100042e4 <__wrap_printf>
100069de:	2000      	movs	r0, #0
100069e0:	e02c      	b.n	10006a3c <tu_edpt_validate+0x9c>
100069e2:	2902      	cmp	r1, #2
100069e4:	d003      	beq.n	100069ee <tu_edpt_validate+0x4e>
100069e6:	2b40      	cmp	r3, #64	@ 0x40
100069e8:	d80f      	bhi.n	10006a0a <tu_edpt_validate+0x6a>
100069ea:	2001      	movs	r0, #1
100069ec:	e026      	b.n	10006a3c <tu_edpt_validate+0x9c>
100069ee:	2280      	movs	r2, #128	@ 0x80
100069f0:	0092      	lsls	r2, r2, #2
100069f2:	4293      	cmp	r3, r2
100069f4:	d101      	bne.n	100069fa <tu_edpt_validate+0x5a>
100069f6:	2001      	movs	r0, #1
100069f8:	e020      	b.n	10006a3c <tu_edpt_validate+0x9c>
100069fa:	4912      	ldr	r1, [pc, #72]	@ (10006a44 <tu_edpt_validate+0xa4>)
100069fc:	4812      	ldr	r0, [pc, #72]	@ (10006a48 <tu_edpt_validate+0xa8>)
100069fe:	3a6a      	subs	r2, #106	@ 0x6a
10006a00:	3aff      	subs	r2, #255	@ 0xff
10006a02:	f7fd fc6f 	bl	100042e4 <__wrap_printf>
10006a06:	2000      	movs	r0, #0
10006a08:	e018      	b.n	10006a3c <tu_edpt_validate+0x9c>
10006a0a:	490e      	ldr	r1, [pc, #56]	@ (10006a44 <tu_edpt_validate+0xa4>)
10006a0c:	480e      	ldr	r0, [pc, #56]	@ (10006a48 <tu_edpt_validate+0xa8>)
10006a0e:	229a      	movs	r2, #154	@ 0x9a
10006a10:	f7fd fc68 	bl	100042e4 <__wrap_printf>
10006a14:	2000      	movs	r0, #0
10006a16:	e011      	b.n	10006a3c <tu_edpt_validate+0x9c>
10006a18:	2902      	cmp	r1, #2
10006a1a:	d004      	beq.n	10006a26 <tu_edpt_validate+0x86>
10006a1c:	2240      	movs	r2, #64	@ 0x40
10006a1e:	429a      	cmp	r2, r3
10006a20:	d304      	bcc.n	10006a2c <tu_edpt_validate+0x8c>
10006a22:	2001      	movs	r0, #1
10006a24:	e00a      	b.n	10006a3c <tu_edpt_validate+0x9c>
10006a26:	2280      	movs	r2, #128	@ 0x80
10006a28:	00d2      	lsls	r2, r2, #3
10006a2a:	e7f8      	b.n	10006a1e <tu_edpt_validate+0x7e>
10006a2c:	4905      	ldr	r1, [pc, #20]	@ (10006a44 <tu_edpt_validate+0xa4>)
10006a2e:	4806      	ldr	r0, [pc, #24]	@ (10006a48 <tu_edpt_validate+0xa8>)
10006a30:	22a0      	movs	r2, #160	@ 0xa0
10006a32:	f7fd fc57 	bl	100042e4 <__wrap_printf>
10006a36:	2000      	movs	r0, #0
10006a38:	e000      	b.n	10006a3c <tu_edpt_validate+0x9c>
10006a3a:	2000      	movs	r0, #0
10006a3c:	bd10      	pop	{r4, pc}
10006a3e:	46c0      	nop			@ (mov r8, r8)
10006a40:	000003ff 	.word	0x000003ff
10006a44:	100096d8 	.word	0x100096d8
10006a48:	10008e08 	.word	0x10008e08

10006a4c <tu_edpt_bind_driver>:
10006a4c:	b530      	push	{r4, r5, lr}
10006a4e:	188a      	adds	r2, r1, r2
10006a50:	e001      	b.n	10006a56 <tu_edpt_bind_driver+0xa>
10006a52:	780c      	ldrb	r4, [r1, #0]
10006a54:	1909      	adds	r1, r1, r4
10006a56:	4291      	cmp	r1, r2
10006a58:	d20a      	bcs.n	10006a70 <tu_edpt_bind_driver+0x24>
10006a5a:	784c      	ldrb	r4, [r1, #1]
10006a5c:	2c05      	cmp	r4, #5
10006a5e:	d1f8      	bne.n	10006a52 <tu_edpt_bind_driver+0x6>
10006a60:	788d      	ldrb	r5, [r1, #2]
10006a62:	347a      	adds	r4, #122	@ 0x7a
10006a64:	402c      	ands	r4, r5
10006a66:	0064      	lsls	r4, r4, #1
10006a68:	1904      	adds	r4, r0, r4
10006a6a:	09ed      	lsrs	r5, r5, #7
10006a6c:	5563      	strb	r3, [r4, r5]
10006a6e:	e7f0      	b.n	10006a52 <tu_edpt_bind_driver+0x6>
10006a70:	bd30      	pop	{r4, r5, pc}

10006a72 <tu_edpt_stream_init>:
10006a72:	b5f0      	push	{r4, r5, r6, r7, lr}
10006a74:	b085      	sub	sp, #20
10006a76:	0004      	movs	r4, r0
10006a78:	9203      	str	r2, [sp, #12]
10006a7a:	aa0a      	add	r2, sp, #40	@ 0x28
10006a7c:	ca40      	ldmia	r2!, {r6}
10006a7e:	8817      	ldrh	r7, [r2, #0]
10006a80:	aa0d      	add	r2, sp, #52	@ 0x34
10006a82:	8815      	ldrh	r5, [r2, #0]
10006a84:	2201      	movs	r2, #1
10006a86:	400a      	ands	r2, r1
10006a88:	7801      	ldrb	r1, [r0, #0]
10006a8a:	2001      	movs	r0, #1
10006a8c:	4381      	bics	r1, r0
10006a8e:	4311      	orrs	r1, r2
10006a90:	7021      	strb	r1, [r4, #0]
10006a92:	0020      	movs	r0, r4
10006a94:	3008      	adds	r0, #8
10006a96:	9300      	str	r3, [sp, #0]
10006a98:	2301      	movs	r3, #1
10006a9a:	003a      	movs	r2, r7
10006a9c:	0031      	movs	r1, r6
10006a9e:	f000 fa8b 	bl	10006fb8 <tu_fifo_config>
10006aa2:	2e00      	cmp	r6, #0
10006aa4:	d001      	beq.n	10006aaa <tu_edpt_stream_init+0x38>
10006aa6:	2f00      	cmp	r7, #0
10006aa8:	d105      	bne.n	10006ab6 <tu_edpt_stream_init+0x44>
10006aaa:	9b0c      	ldr	r3, [sp, #48]	@ 0x30
10006aac:	6063      	str	r3, [r4, #4]
10006aae:	8065      	strh	r5, [r4, #2]
10006ab0:	2001      	movs	r0, #1
10006ab2:	b005      	add	sp, #20
10006ab4:	bdf0      	pop	{r4, r5, r6, r7, pc}
10006ab6:	0026      	movs	r6, r4
10006ab8:	361c      	adds	r6, #28
10006aba:	0030      	movs	r0, r6
10006abc:	f7fa fd34 	bl	10001528 <mutex_init>
10006ac0:	9b03      	ldr	r3, [sp, #12]
10006ac2:	2b00      	cmp	r3, #0
10006ac4:	d004      	beq.n	10006ad0 <tu_edpt_stream_init+0x5e>
10006ac6:	0033      	movs	r3, r6
10006ac8:	2600      	movs	r6, #0
10006aca:	6163      	str	r3, [r4, #20]
10006acc:	61a6      	str	r6, [r4, #24]
10006ace:	e7ec      	b.n	10006aaa <tu_edpt_stream_init+0x38>
10006ad0:	2300      	movs	r3, #0
10006ad2:	e7fa      	b.n	10006aca <tu_edpt_stream_init+0x58>

10006ad4 <tu_edpt_stream_deinit>:
10006ad4:	2001      	movs	r0, #1
10006ad6:	4770      	bx	lr

10006ad8 <tu_edpt_stream_write_zlp_if_needed>:
10006ad8:	b5f8      	push	{r3, r4, r5, r6, r7, lr}
10006ada:	0006      	movs	r6, r0
10006adc:	000c      	movs	r4, r1
10006ade:	0015      	movs	r5, r2
10006ae0:	780b      	ldrb	r3, [r1, #0]
10006ae2:	079b      	lsls	r3, r3, #30
10006ae4:	d511      	bpl.n	10006b0a <tu_edpt_stream_write_zlp_if_needed+0x32>
10006ae6:	2780      	movs	r7, #128	@ 0x80
10006ae8:	00bf      	lsls	r7, r7, #2
10006aea:	0020      	movs	r0, r4
10006aec:	3008      	adds	r0, #8
10006aee:	f000 faa1 	bl	10007034 <tu_fifo_count>
10006af2:	2800      	cmp	r0, #0
10006af4:	d125      	bne.n	10006b42 <tu_edpt_stream_write_zlp_if_needed+0x6a>
10006af6:	2d00      	cmp	r5, #0
10006af8:	d025      	beq.n	10006b46 <tu_edpt_stream_write_zlp_if_needed+0x6e>
10006afa:	3f01      	subs	r7, #1
10006afc:	423d      	tst	r5, r7
10006afe:	d124      	bne.n	10006b4a <tu_edpt_stream_write_zlp_if_needed+0x72>
10006b00:	7823      	ldrb	r3, [r4, #0]
10006b02:	07db      	lsls	r3, r3, #31
10006b04:	d503      	bpl.n	10006b0e <tu_edpt_stream_write_zlp_if_needed+0x36>
10006b06:	2000      	movs	r0, #0
10006b08:	e01c      	b.n	10006b44 <tu_edpt_stream_write_zlp_if_needed+0x6c>
10006b0a:	2740      	movs	r7, #64	@ 0x40
10006b0c:	e7ed      	b.n	10006aea <tu_edpt_stream_write_zlp_if_needed+0x12>
10006b0e:	7861      	ldrb	r1, [r4, #1]
10006b10:	0030      	movs	r0, r6
10006b12:	f7fe fd17 	bl	10005544 <usbd_edpt_claim>
10006b16:	2800      	cmp	r0, #0
10006b18:	d0f5      	beq.n	10006b06 <tu_edpt_stream_write_zlp_if_needed+0x2e>
10006b1a:	7823      	ldrb	r3, [r4, #0]
10006b1c:	07db      	lsls	r3, r3, #31
10006b1e:	d507      	bpl.n	10006b30 <tu_edpt_stream_write_zlp_if_needed+0x58>
10006b20:	2226      	movs	r2, #38	@ 0x26
10006b22:	490b      	ldr	r1, [pc, #44]	@ (10006b50 <tu_edpt_stream_write_zlp_if_needed+0x78>)
10006b24:	480b      	ldr	r0, [pc, #44]	@ (10006b54 <tu_edpt_stream_write_zlp_if_needed+0x7c>)
10006b26:	32ff      	adds	r2, #255	@ 0xff
10006b28:	f7fd fbdc 	bl	100042e4 <__wrap_printf>
10006b2c:	2000      	movs	r0, #0
10006b2e:	e009      	b.n	10006b44 <tu_edpt_stream_write_zlp_if_needed+0x6c>
10006b30:	7861      	ldrb	r1, [r4, #1]
10006b32:	2300      	movs	r3, #0
10006b34:	2200      	movs	r2, #0
10006b36:	0030      	movs	r0, r6
10006b38:	f7fe fd2c 	bl	10005594 <usbd_edpt_xfer>
10006b3c:	2800      	cmp	r0, #0
10006b3e:	d101      	bne.n	10006b44 <tu_edpt_stream_write_zlp_if_needed+0x6c>
10006b40:	e7ee      	b.n	10006b20 <tu_edpt_stream_write_zlp_if_needed+0x48>
10006b42:	2000      	movs	r0, #0
10006b44:	bdf8      	pop	{r3, r4, r5, r6, r7, pc}
10006b46:	2000      	movs	r0, #0
10006b48:	e7fc      	b.n	10006b44 <tu_edpt_stream_write_zlp_if_needed+0x6c>
10006b4a:	2000      	movs	r0, #0
10006b4c:	e7fa      	b.n	10006b44 <tu_edpt_stream_write_zlp_if_needed+0x6c>
10006b4e:	46c0      	nop			@ (mov r8, r8)
10006b50:	100096b4 	.word	0x100096b4
10006b54:	10008e08 	.word	0x10008e08

10006b58 <tu_edpt_stream_write_xfer>:
10006b58:	b570      	push	{r4, r5, r6, lr}
10006b5a:	0005      	movs	r5, r0
10006b5c:	000c      	movs	r4, r1
10006b5e:	000e      	movs	r6, r1
10006b60:	3608      	adds	r6, #8
10006b62:	0030      	movs	r0, r6
10006b64:	f000 fa66 	bl	10007034 <tu_fifo_count>
10006b68:	2800      	cmp	r0, #0
10006b6a:	d030      	beq.n	10006bce <tu_edpt_stream_write_xfer+0x76>
10006b6c:	7823      	ldrb	r3, [r4, #0]
10006b6e:	07db      	lsls	r3, r3, #31
10006b70:	d501      	bpl.n	10006b76 <tu_edpt_stream_write_xfer+0x1e>
10006b72:	2000      	movs	r0, #0
10006b74:	bd70      	pop	{r4, r5, r6, pc}
10006b76:	7861      	ldrb	r1, [r4, #1]
10006b78:	0028      	movs	r0, r5
10006b7a:	f7fe fce3 	bl	10005544 <usbd_edpt_claim>
10006b7e:	2800      	cmp	r0, #0
10006b80:	d0f7      	beq.n	10006b72 <tu_edpt_stream_write_xfer+0x1a>
10006b82:	6861      	ldr	r1, [r4, #4]
10006b84:	8862      	ldrh	r2, [r4, #2]
10006b86:	0030      	movs	r0, r6
10006b88:	f000 fabb 	bl	10007102 <tu_fifo_read_n>
10006b8c:	1e06      	subs	r6, r0, #0
10006b8e:	d014      	beq.n	10006bba <tu_edpt_stream_write_xfer+0x62>
10006b90:	7823      	ldrb	r3, [r4, #0]
10006b92:	07db      	lsls	r3, r3, #31
10006b94:	d507      	bpl.n	10006ba6 <tu_edpt_stream_write_xfer+0x4e>
10006b96:	2234      	movs	r2, #52	@ 0x34
10006b98:	490e      	ldr	r1, [pc, #56]	@ (10006bd4 <tu_edpt_stream_write_xfer+0x7c>)
10006b9a:	480f      	ldr	r0, [pc, #60]	@ (10006bd8 <tu_edpt_stream_write_xfer+0x80>)
10006b9c:	32ff      	adds	r2, #255	@ 0xff
10006b9e:	f7fd fba1 	bl	100042e4 <__wrap_printf>
10006ba2:	2000      	movs	r0, #0
10006ba4:	e7e6      	b.n	10006b74 <tu_edpt_stream_write_xfer+0x1c>
10006ba6:	6862      	ldr	r2, [r4, #4]
10006ba8:	7861      	ldrb	r1, [r4, #1]
10006baa:	0003      	movs	r3, r0
10006bac:	0028      	movs	r0, r5
10006bae:	f7fe fcf1 	bl	10005594 <usbd_edpt_xfer>
10006bb2:	2800      	cmp	r0, #0
10006bb4:	d0ef      	beq.n	10006b96 <tu_edpt_stream_write_xfer+0x3e>
10006bb6:	0030      	movs	r0, r6
10006bb8:	e7dc      	b.n	10006b74 <tu_edpt_stream_write_xfer+0x1c>
10006bba:	7823      	ldrb	r3, [r4, #0]
10006bbc:	07db      	lsls	r3, r3, #31
10006bbe:	d501      	bpl.n	10006bc4 <tu_edpt_stream_write_xfer+0x6c>
10006bc0:	2000      	movs	r0, #0
10006bc2:	e7d7      	b.n	10006b74 <tu_edpt_stream_write_xfer+0x1c>
10006bc4:	7861      	ldrb	r1, [r4, #1]
10006bc6:	0028      	movs	r0, r5
10006bc8:	f7fe fcd0 	bl	1000556c <usbd_edpt_release>
10006bcc:	e7f8      	b.n	10006bc0 <tu_edpt_stream_write_xfer+0x68>
10006bce:	2000      	movs	r0, #0
10006bd0:	e7d0      	b.n	10006b74 <tu_edpt_stream_write_xfer+0x1c>
10006bd2:	46c0      	nop			@ (mov r8, r8)
10006bd4:	10009698 	.word	0x10009698
10006bd8:	10008e08 	.word	0x10008e08

10006bdc <tu_edpt_stream_read_xfer>:
10006bdc:	b5f8      	push	{r3, r4, r5, r6, r7, lr}
10006bde:	0005      	movs	r5, r0
10006be0:	000c      	movs	r4, r1
10006be2:	898b      	ldrh	r3, [r1, #12]
10006be4:	2b00      	cmp	r3, #0
10006be6:	d122      	bne.n	10006c2e <tu_edpt_stream_read_xfer+0x52>
10006be8:	780b      	ldrb	r3, [r1, #0]
10006bea:	07db      	lsls	r3, r3, #31
10006bec:	d501      	bpl.n	10006bf2 <tu_edpt_stream_read_xfer+0x16>
10006bee:	2000      	movs	r0, #0
10006bf0:	bdf8      	pop	{r3, r4, r5, r6, r7, pc}
10006bf2:	7849      	ldrb	r1, [r1, #1]
10006bf4:	f7fe fca6 	bl	10005544 <usbd_edpt_claim>
10006bf8:	2800      	cmp	r0, #0
10006bfa:	d0f8      	beq.n	10006bee <tu_edpt_stream_read_xfer+0x12>
10006bfc:	8863      	ldrh	r3, [r4, #2]
10006bfe:	7822      	ldrb	r2, [r4, #0]
10006c00:	07d2      	lsls	r2, r2, #31
10006c02:	d507      	bpl.n	10006c14 <tu_edpt_stream_read_xfer+0x38>
10006c04:	226e      	movs	r2, #110	@ 0x6e
10006c06:	4930      	ldr	r1, [pc, #192]	@ (10006cc8 <tu_edpt_stream_read_xfer+0xec>)
10006c08:	4830      	ldr	r0, [pc, #192]	@ (10006ccc <tu_edpt_stream_read_xfer+0xf0>)
10006c0a:	32ff      	adds	r2, #255	@ 0xff
10006c0c:	f7fd fb6a 	bl	100042e4 <__wrap_printf>
10006c10:	2000      	movs	r0, #0
10006c12:	e7ed      	b.n	10006bf0 <tu_edpt_stream_read_xfer+0x14>
10006c14:	7861      	ldrb	r1, [r4, #1]
10006c16:	2b00      	cmp	r3, #0
10006c18:	d007      	beq.n	10006c2a <tu_edpt_stream_read_xfer+0x4e>
10006c1a:	6862      	ldr	r2, [r4, #4]
10006c1c:	0028      	movs	r0, r5
10006c1e:	f7fe fcb9 	bl	10005594 <usbd_edpt_xfer>
10006c22:	2800      	cmp	r0, #0
10006c24:	d0ee      	beq.n	10006c04 <tu_edpt_stream_read_xfer+0x28>
10006c26:	8860      	ldrh	r0, [r4, #2]
10006c28:	e7e2      	b.n	10006bf0 <tu_edpt_stream_read_xfer+0x14>
10006c2a:	2200      	movs	r2, #0
10006c2c:	e7f6      	b.n	10006c1c <tu_edpt_stream_read_xfer+0x40>
10006c2e:	780b      	ldrb	r3, [r1, #0]
10006c30:	079b      	lsls	r3, r3, #30
10006c32:	d50d      	bpl.n	10006c50 <tu_edpt_stream_read_xfer+0x74>
10006c34:	2680      	movs	r6, #128	@ 0x80
10006c36:	00b6      	lsls	r6, r6, #2
10006c38:	0027      	movs	r7, r4
10006c3a:	3708      	adds	r7, #8
10006c3c:	0038      	movs	r0, r7
10006c3e:	f000 fa29 	bl	10007094 <tu_fifo_remaining>
10006c42:	4286      	cmp	r6, r0
10006c44:	d83e      	bhi.n	10006cc4 <tu_edpt_stream_read_xfer+0xe8>
10006c46:	7823      	ldrb	r3, [r4, #0]
10006c48:	07db      	lsls	r3, r3, #31
10006c4a:	d503      	bpl.n	10006c54 <tu_edpt_stream_read_xfer+0x78>
10006c4c:	2000      	movs	r0, #0
10006c4e:	e7cf      	b.n	10006bf0 <tu_edpt_stream_read_xfer+0x14>
10006c50:	2640      	movs	r6, #64	@ 0x40
10006c52:	e7f1      	b.n	10006c38 <tu_edpt_stream_read_xfer+0x5c>
10006c54:	7861      	ldrb	r1, [r4, #1]
10006c56:	0028      	movs	r0, r5
10006c58:	f7fe fc74 	bl	10005544 <usbd_edpt_claim>
10006c5c:	2800      	cmp	r0, #0
10006c5e:	d0f5      	beq.n	10006c4c <tu_edpt_stream_read_xfer+0x70>
10006c60:	0038      	movs	r0, r7
10006c62:	f000 fa17 	bl	10007094 <tu_fifo_remaining>
10006c66:	4286      	cmp	r6, r0
10006c68:	d822      	bhi.n	10006cb0 <tu_edpt_stream_read_xfer+0xd4>
10006c6a:	4276      	negs	r6, r6
10006c6c:	b2b6      	uxth	r6, r6
10006c6e:	8862      	ldrh	r2, [r4, #2]
10006c70:	4030      	ands	r0, r6
10006c72:	1c03      	adds	r3, r0, #0
10006c74:	b280      	uxth	r0, r0
10006c76:	4290      	cmp	r0, r2
10006c78:	d900      	bls.n	10006c7c <tu_edpt_stream_read_xfer+0xa0>
10006c7a:	1c13      	adds	r3, r2, #0
10006c7c:	b29e      	uxth	r6, r3
10006c7e:	7823      	ldrb	r3, [r4, #0]
10006c80:	07db      	lsls	r3, r3, #31
10006c82:	d507      	bpl.n	10006c94 <tu_edpt_stream_read_xfer+0xb8>
10006c84:	22c1      	movs	r2, #193	@ 0xc1
10006c86:	4910      	ldr	r1, [pc, #64]	@ (10006cc8 <tu_edpt_stream_read_xfer+0xec>)
10006c88:	4810      	ldr	r0, [pc, #64]	@ (10006ccc <tu_edpt_stream_read_xfer+0xf0>)
10006c8a:	0052      	lsls	r2, r2, #1
10006c8c:	f7fd fb2a 	bl	100042e4 <__wrap_printf>
10006c90:	2000      	movs	r0, #0
10006c92:	e7ad      	b.n	10006bf0 <tu_edpt_stream_read_xfer+0x14>
10006c94:	7861      	ldrb	r1, [r4, #1]
10006c96:	2e00      	cmp	r6, #0
10006c98:	d008      	beq.n	10006cac <tu_edpt_stream_read_xfer+0xd0>
10006c9a:	6862      	ldr	r2, [r4, #4]
10006c9c:	0033      	movs	r3, r6
10006c9e:	0028      	movs	r0, r5
10006ca0:	f7fe fc78 	bl	10005594 <usbd_edpt_xfer>
10006ca4:	2800      	cmp	r0, #0
10006ca6:	d0ed      	beq.n	10006c84 <tu_edpt_stream_read_xfer+0xa8>
10006ca8:	0030      	movs	r0, r6
10006caa:	e7a1      	b.n	10006bf0 <tu_edpt_stream_read_xfer+0x14>
10006cac:	2200      	movs	r2, #0
10006cae:	e7f5      	b.n	10006c9c <tu_edpt_stream_read_xfer+0xc0>
10006cb0:	7823      	ldrb	r3, [r4, #0]
10006cb2:	07db      	lsls	r3, r3, #31
10006cb4:	d501      	bpl.n	10006cba <tu_edpt_stream_read_xfer+0xde>
10006cb6:	2000      	movs	r0, #0
10006cb8:	e79a      	b.n	10006bf0 <tu_edpt_stream_read_xfer+0x14>
10006cba:	7861      	ldrb	r1, [r4, #1]
10006cbc:	0028      	movs	r0, r5
10006cbe:	f7fe fc55 	bl	1000556c <usbd_edpt_release>
10006cc2:	e7f8      	b.n	10006cb6 <tu_edpt_stream_read_xfer+0xda>
10006cc4:	2000      	movs	r0, #0
10006cc6:	e793      	b.n	10006bf0 <tu_edpt_stream_read_xfer+0x14>
10006cc8:	1000967c 	.word	0x1000967c
10006ccc:	10008e08 	.word	0x10008e08

10006cd0 <advance_index>:
10006cd0:	0003      	movs	r3, r0
10006cd2:	188a      	adds	r2, r1, r2
10006cd4:	b290      	uxth	r0, r2
10006cd6:	4281      	cmp	r1, r0
10006cd8:	d802      	bhi.n	10006ce0 <advance_index+0x10>
10006cda:	005a      	lsls	r2, r3, #1
10006cdc:	4290      	cmp	r0, r2
10006cde:	db03      	blt.n	10006ce8 <advance_index+0x18>
10006ce0:	005b      	lsls	r3, r3, #1
10006ce2:	b29b      	uxth	r3, r3
10006ce4:	1ac0      	subs	r0, r0, r3
10006ce6:	b280      	uxth	r0, r0
10006ce8:	4770      	bx	lr

10006cea <_tu_fifo_peek>:
10006cea:	b570      	push	{r4, r5, r6, lr}
10006cec:	0005      	movs	r5, r0
10006cee:	0008      	movs	r0, r1
10006cf0:	88ac      	ldrh	r4, [r5, #4]
10006cf2:	429a      	cmp	r2, r3
10006cf4:	d30b      	bcc.n	10006d0e <_tu_fifo_peek+0x24>
10006cf6:	1ad1      	subs	r1, r2, r3
10006cf8:	b289      	uxth	r1, r1
10006cfa:	2900      	cmp	r1, #0
10006cfc:	d01e      	beq.n	10006d3c <_tu_fifo_peek+0x52>
10006cfe:	428c      	cmp	r4, r1
10006d00:	d210      	bcs.n	10006d24 <_tu_fifo_peek+0x3a>
10006d02:	4294      	cmp	r4, r2
10006d04:	d809      	bhi.n	10006d1a <_tu_fifo_peek+0x30>
10006d06:	1b12      	subs	r2, r2, r4
10006d08:	b293      	uxth	r3, r2
10006d0a:	816b      	strh	r3, [r5, #10]
10006d0c:	e00a      	b.n	10006d24 <_tu_fifo_peek+0x3a>
10006d0e:	1ad1      	subs	r1, r2, r3
10006d10:	b289      	uxth	r1, r1
10006d12:	0066      	lsls	r6, r4, #1
10006d14:	1989      	adds	r1, r1, r6
10006d16:	b289      	uxth	r1, r1
10006d18:	e7ef      	b.n	10006cfa <_tu_fifo_peek+0x10>
10006d1a:	18a2      	adds	r2, r4, r2
10006d1c:	b293      	uxth	r3, r2
10006d1e:	e7f4      	b.n	10006d0a <_tu_fifo_peek+0x20>
10006d20:	1b1b      	subs	r3, r3, r4
10006d22:	b29b      	uxth	r3, r3
10006d24:	429c      	cmp	r4, r3
10006d26:	d9fb      	bls.n	10006d20 <_tu_fifo_peek+0x36>
10006d28:	6829      	ldr	r1, [r5, #0]
10006d2a:	88ea      	ldrh	r2, [r5, #6]
10006d2c:	0452      	lsls	r2, r2, #17
10006d2e:	0c52      	lsrs	r2, r2, #17
10006d30:	4353      	muls	r3, r2
10006d32:	18c9      	adds	r1, r1, r3
10006d34:	f7fc f862 	bl	10002dfc <__wrap___aeabi_memcpy>
10006d38:	2001      	movs	r0, #1
10006d3a:	bd70      	pop	{r4, r5, r6, pc}
10006d3c:	2000      	movs	r0, #0
10006d3e:	e7fc      	b.n	10006d3a <_tu_fifo_peek+0x50>

10006d40 <_ff_pull_n>:
10006d40:	b5f8      	push	{r3, r4, r5, r6, r7, lr}
10006d42:	46ce      	mov	lr, r9
10006d44:	4647      	mov	r7, r8
10006d46:	b580      	push	{r7, lr}
10006d48:	0005      	movs	r5, r0
10006d4a:	468c      	mov	ip, r1
10006d4c:	a908      	add	r1, sp, #32
10006d4e:	7809      	ldrb	r1, [r1, #0]
10006d50:	8884      	ldrh	r4, [r0, #4]
10006d52:	1ae0      	subs	r0, r4, r3
10006d54:	b280      	uxth	r0, r0
10006d56:	1b1c      	subs	r4, r3, r4
10006d58:	1914      	adds	r4, r2, r4
10006d5a:	b2a4      	uxth	r4, r4
10006d5c:	88ef      	ldrh	r7, [r5, #6]
10006d5e:	047f      	lsls	r7, r7, #17
10006d60:	0c7e      	lsrs	r6, r7, #17
10006d62:	0007      	movs	r7, r0
10006d64:	4377      	muls	r7, r6
10006d66:	b2bf      	uxth	r7, r7
10006d68:	4374      	muls	r4, r6
10006d6a:	b2a4      	uxth	r4, r4
10006d6c:	46a1      	mov	r9, r4
10006d6e:	682c      	ldr	r4, [r5, #0]
10006d70:	46a0      	mov	r8, r4
10006d72:	4373      	muls	r3, r6
10006d74:	4443      	add	r3, r8
10006d76:	2900      	cmp	r1, #0
10006d78:	d106      	bne.n	10006d88 <_ff_pull_n+0x48>
10006d7a:	4290      	cmp	r0, r2
10006d7c:	d308      	bcc.n	10006d90 <_ff_pull_n+0x50>
10006d7e:	4372      	muls	r2, r6
10006d80:	0019      	movs	r1, r3
10006d82:	4660      	mov	r0, ip
10006d84:	f7fc f83a 	bl	10002dfc <__wrap___aeabi_memcpy>
10006d88:	bcc0      	pop	{r6, r7}
10006d8a:	46b9      	mov	r9, r7
10006d8c:	46b0      	mov	r8, r6
10006d8e:	bdf8      	pop	{r3, r4, r5, r6, r7, pc}
10006d90:	003a      	movs	r2, r7
10006d92:	0019      	movs	r1, r3
10006d94:	4664      	mov	r4, ip
10006d96:	0020      	movs	r0, r4
10006d98:	f7fc f830 	bl	10002dfc <__wrap___aeabi_memcpy>
10006d9c:	6829      	ldr	r1, [r5, #0]
10006d9e:	19e0      	adds	r0, r4, r7
10006da0:	464a      	mov	r2, r9
10006da2:	f7fc f82b 	bl	10002dfc <__wrap___aeabi_memcpy>
10006da6:	e7ef      	b.n	10006d88 <_ff_pull_n+0x48>

10006da8 <_tu_fifo_peek_n>:
10006da8:	b5f0      	push	{r4, r5, r6, r7, lr}
10006daa:	46c6      	mov	lr, r8
10006dac:	b500      	push	{lr}
10006dae:	b082      	sub	sp, #8
10006db0:	001e      	movs	r6, r3
10006db2:	ab08      	add	r3, sp, #32
10006db4:	881b      	ldrh	r3, [r3, #0]
10006db6:	ac09      	add	r4, sp, #36	@ 0x24
10006db8:	7827      	ldrb	r7, [r4, #0]
10006dba:	8884      	ldrh	r4, [r0, #4]
10006dbc:	429e      	cmp	r6, r3
10006dbe:	d30f      	bcc.n	10006de0 <_tu_fifo_peek_n+0x38>
10006dc0:	1af5      	subs	r5, r6, r3
10006dc2:	b2ad      	uxth	r5, r5
10006dc4:	2d00      	cmp	r5, #0
10006dc6:	d01f      	beq.n	10006e08 <_tu_fifo_peek_n+0x60>
10006dc8:	42ac      	cmp	r4, r5
10006dca:	d205      	bcs.n	10006dd8 <_tu_fifo_peek_n+0x30>
10006dcc:	42b4      	cmp	r4, r6
10006dce:	d810      	bhi.n	10006df2 <_tu_fifo_peek_n+0x4a>
10006dd0:	1b33      	subs	r3, r6, r4
10006dd2:	b29b      	uxth	r3, r3
10006dd4:	8143      	strh	r3, [r0, #10]
10006dd6:	0025      	movs	r5, r4
10006dd8:	4295      	cmp	r5, r2
10006dda:	d30f      	bcc.n	10006dfc <_tu_fifo_peek_n+0x54>
10006ddc:	0015      	movs	r5, r2
10006dde:	e00d      	b.n	10006dfc <_tu_fifo_peek_n+0x54>
10006de0:	1af5      	subs	r5, r6, r3
10006de2:	b2ad      	uxth	r5, r5
10006de4:	46a8      	mov	r8, r5
10006de6:	0065      	lsls	r5, r4, #1
10006de8:	46ac      	mov	ip, r5
10006dea:	4645      	mov	r5, r8
10006dec:	4465      	add	r5, ip
10006dee:	b2ad      	uxth	r5, r5
10006df0:	e7e8      	b.n	10006dc4 <_tu_fifo_peek_n+0x1c>
10006df2:	19a6      	adds	r6, r4, r6
10006df4:	b2b3      	uxth	r3, r6
10006df6:	e7ed      	b.n	10006dd4 <_tu_fifo_peek_n+0x2c>
10006df8:	1b1b      	subs	r3, r3, r4
10006dfa:	b29b      	uxth	r3, r3
10006dfc:	429c      	cmp	r4, r3
10006dfe:	d9fb      	bls.n	10006df8 <_tu_fifo_peek_n+0x50>
10006e00:	9700      	str	r7, [sp, #0]
10006e02:	002a      	movs	r2, r5
10006e04:	f7ff ff9c 	bl	10006d40 <_ff_pull_n>
10006e08:	0028      	movs	r0, r5
10006e0a:	b002      	add	sp, #8
10006e0c:	bc80      	pop	{r7}
10006e0e:	46b8      	mov	r8, r7
10006e10:	bdf0      	pop	{r4, r5, r6, r7, pc}

10006e12 <_tu_fifo_read_n>:
10006e12:	b5f0      	push	{r4, r5, r6, r7, lr}
10006e14:	b083      	sub	sp, #12
10006e16:	0004      	movs	r4, r0
10006e18:	000d      	movs	r5, r1
10006e1a:	0016      	movs	r6, r2
10006e1c:	001f      	movs	r7, r3
10006e1e:	6900      	ldr	r0, [r0, #16]
10006e20:	2800      	cmp	r0, #0
10006e22:	d003      	beq.n	10006e2c <_tu_fifo_read_n+0x1a>
10006e24:	2101      	movs	r1, #1
10006e26:	4249      	negs	r1, r1
10006e28:	f001 f8e2 	bl	10007ff0 <__mutex_enter_timeout_ms_veneer>
10006e2c:	8923      	ldrh	r3, [r4, #8]
10006e2e:	b29b      	uxth	r3, r3
10006e30:	8962      	ldrh	r2, [r4, #10]
10006e32:	9701      	str	r7, [sp, #4]
10006e34:	9200      	str	r2, [sp, #0]
10006e36:	0032      	movs	r2, r6
10006e38:	0029      	movs	r1, r5
10006e3a:	0020      	movs	r0, r4
10006e3c:	f7ff ffb4 	bl	10006da8 <_tu_fifo_peek_n>
10006e40:	0005      	movs	r5, r0
10006e42:	8961      	ldrh	r1, [r4, #10]
10006e44:	b289      	uxth	r1, r1
10006e46:	88a0      	ldrh	r0, [r4, #4]
10006e48:	002a      	movs	r2, r5
10006e4a:	f7ff ff41 	bl	10006cd0 <advance_index>
10006e4e:	8160      	strh	r0, [r4, #10]
10006e50:	6920      	ldr	r0, [r4, #16]
10006e52:	2800      	cmp	r0, #0
10006e54:	d001      	beq.n	10006e5a <_tu_fifo_read_n+0x48>
10006e56:	f001 f8a3 	bl	10007fa0 <__mutex_exit_veneer>
10006e5a:	0028      	movs	r0, r5
10006e5c:	b003      	add	sp, #12
10006e5e:	bdf0      	pop	{r4, r5, r6, r7, pc}

10006e60 <_ff_push_n>:
10006e60:	b5f8      	push	{r3, r4, r5, r6, r7, lr}
10006e62:	46ce      	mov	lr, r9
10006e64:	4647      	mov	r7, r8
10006e66:	b580      	push	{r7, lr}
10006e68:	0005      	movs	r5, r0
10006e6a:	468c      	mov	ip, r1
10006e6c:	a908      	add	r1, sp, #32
10006e6e:	7808      	ldrb	r0, [r1, #0]
10006e70:	88ac      	ldrh	r4, [r5, #4]
10006e72:	1ae1      	subs	r1, r4, r3
10006e74:	b289      	uxth	r1, r1
10006e76:	1b1c      	subs	r4, r3, r4
10006e78:	1914      	adds	r4, r2, r4
10006e7a:	b2a4      	uxth	r4, r4
10006e7c:	88ef      	ldrh	r7, [r5, #6]
10006e7e:	047f      	lsls	r7, r7, #17
10006e80:	0c7e      	lsrs	r6, r7, #17
10006e82:	000f      	movs	r7, r1
10006e84:	4377      	muls	r7, r6
10006e86:	b2bf      	uxth	r7, r7
10006e88:	4374      	muls	r4, r6
10006e8a:	b2a4      	uxth	r4, r4
10006e8c:	46a1      	mov	r9, r4
10006e8e:	682c      	ldr	r4, [r5, #0]
10006e90:	46a0      	mov	r8, r4
10006e92:	4373      	muls	r3, r6
10006e94:	4443      	add	r3, r8
10006e96:	2800      	cmp	r0, #0
10006e98:	d106      	bne.n	10006ea8 <_ff_push_n+0x48>
10006e9a:	4291      	cmp	r1, r2
10006e9c:	d308      	bcc.n	10006eb0 <_ff_push_n+0x50>
10006e9e:	4372      	muls	r2, r6
10006ea0:	4661      	mov	r1, ip
10006ea2:	0018      	movs	r0, r3
10006ea4:	f7fb ffaa 	bl	10002dfc <__wrap___aeabi_memcpy>
10006ea8:	bcc0      	pop	{r6, r7}
10006eaa:	46b9      	mov	r9, r7
10006eac:	46b0      	mov	r8, r6
10006eae:	bdf8      	pop	{r3, r4, r5, r6, r7, pc}
10006eb0:	003a      	movs	r2, r7
10006eb2:	4664      	mov	r4, ip
10006eb4:	0021      	movs	r1, r4
10006eb6:	0018      	movs	r0, r3
10006eb8:	f7fb ffa0 	bl	10002dfc <__wrap___aeabi_memcpy>
10006ebc:	6828      	ldr	r0, [r5, #0]
10006ebe:	19e1      	adds	r1, r4, r7
10006ec0:	464a      	mov	r2, r9
10006ec2:	f7fb ff9b 	bl	10002dfc <__wrap___aeabi_memcpy>
10006ec6:	e7ef      	b.n	10006ea8 <_ff_push_n+0x48>

10006ec8 <_tu_fifo_write_n>:
10006ec8:	b5f0      	push	{r4, r5, r6, r7, lr}
10006eca:	b085      	sub	sp, #20
10006ecc:	0006      	movs	r6, r0
10006ece:	9103      	str	r1, [sp, #12]
10006ed0:	1e15      	subs	r5, r2, #0
10006ed2:	9302      	str	r3, [sp, #8]
10006ed4:	d100      	bne.n	10006ed8 <_tu_fifo_write_n+0x10>
10006ed6:	e06d      	b.n	10006fb4 <_tu_fifo_write_n+0xec>
10006ed8:	68c0      	ldr	r0, [r0, #12]
10006eda:	2800      	cmp	r0, #0
10006edc:	d003      	beq.n	10006ee6 <_tu_fifo_write_n+0x1e>
10006ede:	2101      	movs	r1, #1
10006ee0:	4249      	negs	r1, r1
10006ee2:	f001 f885 	bl	10007ff0 <__mutex_enter_timeout_ms_veneer>
10006ee6:	8934      	ldrh	r4, [r6, #8]
10006ee8:	b2a4      	uxth	r4, r4
10006eea:	8971      	ldrh	r1, [r6, #10]
10006eec:	b289      	uxth	r1, r1
10006eee:	79f3      	ldrb	r3, [r6, #7]
10006ef0:	09db      	lsrs	r3, r3, #7
10006ef2:	d11a      	bne.n	10006f2a <_tu_fifo_write_n+0x62>
10006ef4:	88b3      	ldrh	r3, [r6, #4]
10006ef6:	428c      	cmp	r4, r1
10006ef8:	d30f      	bcc.n	10006f1a <_tu_fifo_write_n+0x52>
10006efa:	1a61      	subs	r1, r4, r1
10006efc:	b289      	uxth	r1, r1
10006efe:	428b      	cmp	r3, r1
10006f00:	d911      	bls.n	10006f26 <_tu_fifo_write_n+0x5e>
10006f02:	1a5b      	subs	r3, r3, r1
10006f04:	b29b      	uxth	r3, r3
10006f06:	1c2f      	adds	r7, r5, #0
10006f08:	429d      	cmp	r5, r3
10006f0a:	d900      	bls.n	10006f0e <_tu_fifo_write_n+0x46>
10006f0c:	1c1f      	adds	r7, r3, #0
10006f0e:	b2bf      	uxth	r7, r7
10006f10:	2f00      	cmp	r7, #0
10006f12:	d047      	beq.n	10006fa4 <_tu_fifo_write_n+0xdc>
10006f14:	88b2      	ldrh	r2, [r6, #4]
10006f16:	0023      	movs	r3, r4
10006f18:	e035      	b.n	10006f86 <_tu_fifo_write_n+0xbe>
10006f1a:	1a61      	subs	r1, r4, r1
10006f1c:	b289      	uxth	r1, r1
10006f1e:	005a      	lsls	r2, r3, #1
10006f20:	1889      	adds	r1, r1, r2
10006f22:	b289      	uxth	r1, r1
10006f24:	e7eb      	b.n	10006efe <_tu_fifo_write_n+0x36>
10006f26:	2300      	movs	r3, #0
10006f28:	e7ed      	b.n	10006f06 <_tu_fifo_write_n+0x3e>
10006f2a:	88b7      	ldrh	r7, [r6, #4]
10006f2c:	42af      	cmp	r7, r5
10006f2e:	d80e      	bhi.n	10006f4e <_tu_fifo_write_n+0x86>
10006f30:	9b02      	ldr	r3, [sp, #8]
10006f32:	2b00      	cmp	r3, #0
10006f34:	d121      	bne.n	10006f7a <_tu_fifo_write_n+0xb2>
10006f36:	1bed      	subs	r5, r5, r7
10006f38:	88f3      	ldrh	r3, [r6, #6]
10006f3a:	045b      	lsls	r3, r3, #17
10006f3c:	0c5b      	lsrs	r3, r3, #17
10006f3e:	436b      	muls	r3, r5
10006f40:	9a03      	ldr	r2, [sp, #12]
10006f42:	4694      	mov	ip, r2
10006f44:	449c      	add	ip, r3
10006f46:	4663      	mov	r3, ip
10006f48:	9303      	str	r3, [sp, #12]
10006f4a:	000c      	movs	r4, r1
10006f4c:	e7e0      	b.n	10006f10 <_tu_fifo_write_n+0x48>
10006f4e:	428c      	cmp	r4, r1
10006f50:	d30d      	bcc.n	10006f6e <_tu_fifo_write_n+0xa6>
10006f52:	1a63      	subs	r3, r4, r1
10006f54:	b29b      	uxth	r3, r3
10006f56:	195b      	adds	r3, r3, r5
10006f58:	007a      	lsls	r2, r7, #1
10006f5a:	4293      	cmp	r3, r2
10006f5c:	db0f      	blt.n	10006f7e <_tu_fifo_write_n+0xb6>
10006f5e:	1b7a      	subs	r2, r7, r5
10006f60:	b292      	uxth	r2, r2
10006f62:	0038      	movs	r0, r7
10006f64:	f7ff feb4 	bl	10006cd0 <advance_index>
10006f68:	0004      	movs	r4, r0
10006f6a:	002f      	movs	r7, r5
10006f6c:	e7d0      	b.n	10006f10 <_tu_fifo_write_n+0x48>
10006f6e:	1a63      	subs	r3, r4, r1
10006f70:	b29b      	uxth	r3, r3
10006f72:	007a      	lsls	r2, r7, #1
10006f74:	189b      	adds	r3, r3, r2
10006f76:	b29b      	uxth	r3, r3
10006f78:	e7ed      	b.n	10006f56 <_tu_fifo_write_n+0x8e>
10006f7a:	000c      	movs	r4, r1
10006f7c:	e7c8      	b.n	10006f10 <_tu_fifo_write_n+0x48>
10006f7e:	002f      	movs	r7, r5
10006f80:	e7c6      	b.n	10006f10 <_tu_fifo_write_n+0x48>
10006f82:	1a9b      	subs	r3, r3, r2
10006f84:	b29b      	uxth	r3, r3
10006f86:	429a      	cmp	r2, r3
10006f88:	d9fb      	bls.n	10006f82 <_tu_fifo_write_n+0xba>
10006f8a:	9a02      	ldr	r2, [sp, #8]
10006f8c:	9200      	str	r2, [sp, #0]
10006f8e:	003a      	movs	r2, r7
10006f90:	9903      	ldr	r1, [sp, #12]
10006f92:	0030      	movs	r0, r6
10006f94:	f7ff ff64 	bl	10006e60 <_ff_push_n>
10006f98:	88b0      	ldrh	r0, [r6, #4]
10006f9a:	003a      	movs	r2, r7
10006f9c:	0021      	movs	r1, r4
10006f9e:	f7ff fe97 	bl	10006cd0 <advance_index>
10006fa2:	8130      	strh	r0, [r6, #8]
10006fa4:	68f0      	ldr	r0, [r6, #12]
10006fa6:	2800      	cmp	r0, #0
10006fa8:	d001      	beq.n	10006fae <_tu_fifo_write_n+0xe6>
10006faa:	f000 fff9 	bl	10007fa0 <__mutex_exit_veneer>
10006fae:	0038      	movs	r0, r7
10006fb0:	b005      	add	sp, #20
10006fb2:	bdf0      	pop	{r4, r5, r6, r7, pc}
10006fb4:	0017      	movs	r7, r2
10006fb6:	e7fa      	b.n	10006fae <_tu_fifo_write_n+0xe6>

10006fb8 <tu_fifo_config>:
10006fb8:	b5f0      	push	{r4, r5, r6, r7, lr}
10006fba:	b083      	sub	sp, #12
10006fbc:	0004      	movs	r4, r0
10006fbe:	9101      	str	r1, [sp, #4]
10006fc0:	0016      	movs	r6, r2
10006fc2:	001d      	movs	r5, r3
10006fc4:	ab08      	add	r3, sp, #32
10006fc6:	781f      	ldrb	r7, [r3, #0]
10006fc8:	2380      	movs	r3, #128	@ 0x80
10006fca:	021b      	lsls	r3, r3, #8
10006fcc:	429a      	cmp	r2, r3
10006fce:	d82d      	bhi.n	1000702c <tu_fifo_config+0x74>
10006fd0:	68c0      	ldr	r0, [r0, #12]
10006fd2:	2800      	cmp	r0, #0
10006fd4:	d003      	beq.n	10006fde <tu_fifo_config+0x26>
10006fd6:	2101      	movs	r1, #1
10006fd8:	4249      	negs	r1, r1
10006fda:	f001 f809 	bl	10007ff0 <__mutex_enter_timeout_ms_veneer>
10006fde:	6920      	ldr	r0, [r4, #16]
10006fe0:	2800      	cmp	r0, #0
10006fe2:	d003      	beq.n	10006fec <tu_fifo_config+0x34>
10006fe4:	2101      	movs	r1, #1
10006fe6:	4249      	negs	r1, r1
10006fe8:	f001 f802 	bl	10007ff0 <__mutex_enter_timeout_ms_veneer>
10006fec:	9b01      	ldr	r3, [sp, #4]
10006fee:	6023      	str	r3, [r4, #0]
10006ff0:	80a6      	strh	r6, [r4, #4]
10006ff2:	046d      	lsls	r5, r5, #17
10006ff4:	0c6b      	lsrs	r3, r5, #17
10006ff6:	88e5      	ldrh	r5, [r4, #6]
10006ff8:	0bed      	lsrs	r5, r5, #15
10006ffa:	03ed      	lsls	r5, r5, #15
10006ffc:	431d      	orrs	r5, r3
10006ffe:	80e5      	strh	r5, [r4, #6]
10007000:	01fb      	lsls	r3, r7, #7
10007002:	79e2      	ldrb	r2, [r4, #7]
10007004:	277f      	movs	r7, #127	@ 0x7f
10007006:	4017      	ands	r7, r2
10007008:	431f      	orrs	r7, r3
1000700a:	71e7      	strb	r7, [r4, #7]
1000700c:	2300      	movs	r3, #0
1000700e:	8163      	strh	r3, [r4, #10]
10007010:	8123      	strh	r3, [r4, #8]
10007012:	68e0      	ldr	r0, [r4, #12]
10007014:	2800      	cmp	r0, #0
10007016:	d001      	beq.n	1000701c <tu_fifo_config+0x64>
10007018:	f000 ffc2 	bl	10007fa0 <__mutex_exit_veneer>
1000701c:	6920      	ldr	r0, [r4, #16]
1000701e:	2800      	cmp	r0, #0
10007020:	d006      	beq.n	10007030 <tu_fifo_config+0x78>
10007022:	f000 ffbd 	bl	10007fa0 <__mutex_exit_veneer>
10007026:	2001      	movs	r0, #1
10007028:	b003      	add	sp, #12
1000702a:	bdf0      	pop	{r4, r5, r6, r7, pc}
1000702c:	2000      	movs	r0, #0
1000702e:	e7fb      	b.n	10007028 <tu_fifo_config+0x70>
10007030:	2001      	movs	r0, #1
10007032:	e7f9      	b.n	10007028 <tu_fifo_config+0x70>

10007034 <tu_fifo_count>:
10007034:	8881      	ldrh	r1, [r0, #4]
10007036:	8903      	ldrh	r3, [r0, #8]
10007038:	b29b      	uxth	r3, r3
1000703a:	8942      	ldrh	r2, [r0, #10]
1000703c:	b292      	uxth	r2, r2
1000703e:	4293      	cmp	r3, r2
10007040:	d307      	bcc.n	10007052 <tu_fifo_count+0x1e>
10007042:	1a9b      	subs	r3, r3, r2
10007044:	b29b      	uxth	r3, r3
10007046:	1c08      	adds	r0, r1, #0
10007048:	4299      	cmp	r1, r3
1000704a:	d900      	bls.n	1000704e <tu_fifo_count+0x1a>
1000704c:	1c18      	adds	r0, r3, #0
1000704e:	b280      	uxth	r0, r0
10007050:	4770      	bx	lr
10007052:	1a9b      	subs	r3, r3, r2
10007054:	b29b      	uxth	r3, r3
10007056:	004a      	lsls	r2, r1, #1
10007058:	189b      	adds	r3, r3, r2
1000705a:	b29b      	uxth	r3, r3
1000705c:	e7f3      	b.n	10007046 <tu_fifo_count+0x12>

1000705e <tu_fifo_empty>:
1000705e:	8903      	ldrh	r3, [r0, #8]
10007060:	8940      	ldrh	r0, [r0, #10]
10007062:	1a18      	subs	r0, r3, r0
10007064:	4243      	negs	r3, r0
10007066:	4158      	adcs	r0, r3
10007068:	b2c0      	uxtb	r0, r0
1000706a:	4770      	bx	lr

1000706c <tu_fifo_full>:
1000706c:	8881      	ldrh	r1, [r0, #4]
1000706e:	8903      	ldrh	r3, [r0, #8]
10007070:	b29b      	uxth	r3, r3
10007072:	8942      	ldrh	r2, [r0, #10]
10007074:	b292      	uxth	r2, r2
10007076:	4293      	cmp	r3, r2
10007078:	d306      	bcc.n	10007088 <tu_fifo_full+0x1c>
1000707a:	1a9b      	subs	r3, r3, r2
1000707c:	b29b      	uxth	r3, r3
1000707e:	2000      	movs	r0, #0
10007080:	428b      	cmp	r3, r1
10007082:	4140      	adcs	r0, r0
10007084:	b2c0      	uxtb	r0, r0
10007086:	4770      	bx	lr
10007088:	1a9b      	subs	r3, r3, r2
1000708a:	b29b      	uxth	r3, r3
1000708c:	004a      	lsls	r2, r1, #1
1000708e:	189b      	adds	r3, r3, r2
10007090:	b29b      	uxth	r3, r3
10007092:	e7f4      	b.n	1000707e <tu_fifo_full+0x12>

10007094 <tu_fifo_remaining>:
10007094:	8882      	ldrh	r2, [r0, #4]
10007096:	8903      	ldrh	r3, [r0, #8]
10007098:	b29b      	uxth	r3, r3
1000709a:	8941      	ldrh	r1, [r0, #10]
1000709c:	b289      	uxth	r1, r1
1000709e:	428b      	cmp	r3, r1
100070a0:	d306      	bcc.n	100070b0 <tu_fifo_remaining+0x1c>
100070a2:	1a5b      	subs	r3, r3, r1
100070a4:	b29b      	uxth	r3, r3
100070a6:	429a      	cmp	r2, r3
100070a8:	d908      	bls.n	100070bc <tu_fifo_remaining+0x28>
100070aa:	1ad0      	subs	r0, r2, r3
100070ac:	b280      	uxth	r0, r0
100070ae:	4770      	bx	lr
100070b0:	1a5b      	subs	r3, r3, r1
100070b2:	b29b      	uxth	r3, r3
100070b4:	0051      	lsls	r1, r2, #1
100070b6:	185b      	adds	r3, r3, r1
100070b8:	b29b      	uxth	r3, r3
100070ba:	e7f4      	b.n	100070a6 <tu_fifo_remaining+0x12>
100070bc:	2000      	movs	r0, #0
100070be:	e7f6      	b.n	100070ae <tu_fifo_remaining+0x1a>

100070c0 <tu_fifo_read>:
100070c0:	b570      	push	{r4, r5, r6, lr}
100070c2:	0004      	movs	r4, r0
100070c4:	000d      	movs	r5, r1
100070c6:	6900      	ldr	r0, [r0, #16]
100070c8:	2800      	cmp	r0, #0
100070ca:	d003      	beq.n	100070d4 <tu_fifo_read+0x14>
100070cc:	2101      	movs	r1, #1
100070ce:	4249      	negs	r1, r1
100070d0:	f000 ff8e 	bl	10007ff0 <__mutex_enter_timeout_ms_veneer>
100070d4:	8922      	ldrh	r2, [r4, #8]
100070d6:	b292      	uxth	r2, r2
100070d8:	8963      	ldrh	r3, [r4, #10]
100070da:	b29b      	uxth	r3, r3
100070dc:	0029      	movs	r1, r5
100070de:	0020      	movs	r0, r4
100070e0:	f7ff fe03 	bl	10006cea <_tu_fifo_peek>
100070e4:	0005      	movs	r5, r0
100070e6:	8961      	ldrh	r1, [r4, #10]
100070e8:	b289      	uxth	r1, r1
100070ea:	88a0      	ldrh	r0, [r4, #4]
100070ec:	002a      	movs	r2, r5
100070ee:	f7ff fdef 	bl	10006cd0 <advance_index>
100070f2:	8160      	strh	r0, [r4, #10]
100070f4:	6920      	ldr	r0, [r4, #16]
100070f6:	2800      	cmp	r0, #0
100070f8:	d001      	beq.n	100070fe <tu_fifo_read+0x3e>
100070fa:	f000 ff51 	bl	10007fa0 <__mutex_exit_veneer>
100070fe:	0028      	movs	r0, r5
10007100:	bd70      	pop	{r4, r5, r6, pc}

10007102 <tu_fifo_read_n>:
10007102:	b510      	push	{r4, lr}
10007104:	2300      	movs	r3, #0
10007106:	f7ff fe84 	bl	10006e12 <_tu_fifo_read_n>
1000710a:	bd10      	pop	{r4, pc}

1000710c <tu_fifo_write>:
1000710c:	b5f8      	push	{r3, r4, r5, r6, r7, lr}
1000710e:	0004      	movs	r4, r0
10007110:	000e      	movs	r6, r1
10007112:	68c0      	ldr	r0, [r0, #12]
10007114:	2800      	cmp	r0, #0
10007116:	d003      	beq.n	10007120 <tu_fifo_write+0x14>
10007118:	2101      	movs	r1, #1
1000711a:	4249      	negs	r1, r1
1000711c:	f000 ff68 	bl	10007ff0 <__mutex_enter_timeout_ms_veneer>
10007120:	8925      	ldrh	r5, [r4, #8]
10007122:	b2ad      	uxth	r5, r5
10007124:	0020      	movs	r0, r4
10007126:	f7ff ffa1 	bl	1000706c <tu_fifo_full>
1000712a:	2800      	cmp	r0, #0
1000712c:	d002      	beq.n	10007134 <tu_fifo_write+0x28>
1000712e:	79e7      	ldrb	r7, [r4, #7]
10007130:	09ff      	lsrs	r7, r7, #7
10007132:	d016      	beq.n	10007162 <tu_fifo_write+0x56>
10007134:	88a2      	ldrh	r2, [r4, #4]
10007136:	002b      	movs	r3, r5
10007138:	e001      	b.n	1000713e <tu_fifo_write+0x32>
1000713a:	1a9b      	subs	r3, r3, r2
1000713c:	b29b      	uxth	r3, r3
1000713e:	429a      	cmp	r2, r3
10007140:	d9fb      	bls.n	1000713a <tu_fifo_write+0x2e>
10007142:	6820      	ldr	r0, [r4, #0]
10007144:	88e2      	ldrh	r2, [r4, #6]
10007146:	0452      	lsls	r2, r2, #17
10007148:	0c52      	lsrs	r2, r2, #17
1000714a:	4353      	muls	r3, r2
1000714c:	18c0      	adds	r0, r0, r3
1000714e:	0031      	movs	r1, r6
10007150:	f7fb fe54 	bl	10002dfc <__wrap___aeabi_memcpy>
10007154:	88a0      	ldrh	r0, [r4, #4]
10007156:	2201      	movs	r2, #1
10007158:	0029      	movs	r1, r5
1000715a:	f7ff fdb9 	bl	10006cd0 <advance_index>
1000715e:	8120      	strh	r0, [r4, #8]
10007160:	2701      	movs	r7, #1
10007162:	68e0      	ldr	r0, [r4, #12]
10007164:	2800      	cmp	r0, #0
10007166:	d001      	beq.n	1000716c <tu_fifo_write+0x60>
10007168:	f000 ff1a 	bl	10007fa0 <__mutex_exit_veneer>
1000716c:	0038      	movs	r0, r7
1000716e:	bdf8      	pop	{r3, r4, r5, r6, r7, pc}

10007170 <tu_fifo_write_n>:
10007170:	b510      	push	{r4, lr}
10007172:	2300      	movs	r3, #0
10007174:	f7ff fea8 	bl	10006ec8 <_tu_fifo_write_n>
10007178:	bd10      	pop	{r4, pc}

1000717a <tu_fifo_clear>:
1000717a:	b510      	push	{r4, lr}
1000717c:	0004      	movs	r4, r0
1000717e:	68c0      	ldr	r0, [r0, #12]
10007180:	2800      	cmp	r0, #0
10007182:	d003      	beq.n	1000718c <tu_fifo_clear+0x12>
10007184:	2101      	movs	r1, #1
10007186:	4249      	negs	r1, r1
10007188:	f000 ff32 	bl	10007ff0 <__mutex_enter_timeout_ms_veneer>
1000718c:	6920      	ldr	r0, [r4, #16]
1000718e:	2800      	cmp	r0, #0
10007190:	d003      	beq.n	1000719a <tu_fifo_clear+0x20>
10007192:	2101      	movs	r1, #1
10007194:	4249      	negs	r1, r1
10007196:	f000 ff2b 	bl	10007ff0 <__mutex_enter_timeout_ms_veneer>
1000719a:	2300      	movs	r3, #0
1000719c:	8163      	strh	r3, [r4, #10]
1000719e:	8123      	strh	r3, [r4, #8]
100071a0:	68e0      	ldr	r0, [r4, #12]
100071a2:	2800      	cmp	r0, #0
100071a4:	d001      	beq.n	100071aa <tu_fifo_clear+0x30>
100071a6:	f000 fefb 	bl	10007fa0 <__mutex_exit_veneer>
100071aa:	6920      	ldr	r0, [r4, #16]
100071ac:	2800      	cmp	r0, #0
100071ae:	d001      	beq.n	100071b4 <tu_fifo_clear+0x3a>
100071b0:	f000 fef6 	bl	10007fa0 <__mutex_exit_veneer>
100071b4:	2001      	movs	r0, #1
100071b6:	bd10      	pop	{r4, pc}

100071b8 <tu_fifo_set_overwritable>:
100071b8:	b570      	push	{r4, r5, r6, lr}
100071ba:	0004      	movs	r4, r0
100071bc:	000d      	movs	r5, r1
100071be:	68c0      	ldr	r0, [r0, #12]
100071c0:	2800      	cmp	r0, #0
100071c2:	d003      	beq.n	100071cc <tu_fifo_set_overwritable+0x14>
100071c4:	2101      	movs	r1, #1
100071c6:	4249      	negs	r1, r1
100071c8:	f000 ff12 	bl	10007ff0 <__mutex_enter_timeout_ms_veneer>
100071cc:	6920      	ldr	r0, [r4, #16]
100071ce:	2800      	cmp	r0, #0
100071d0:	d003      	beq.n	100071da <tu_fifo_set_overwritable+0x22>
100071d2:	2101      	movs	r1, #1
100071d4:	4249      	negs	r1, r1
100071d6:	f000 ff0b 	bl	10007ff0 <__mutex_enter_timeout_ms_veneer>
100071da:	01ed      	lsls	r5, r5, #7
100071dc:	79e3      	ldrb	r3, [r4, #7]
100071de:	217f      	movs	r1, #127	@ 0x7f
100071e0:	4019      	ands	r1, r3
100071e2:	4329      	orrs	r1, r5
100071e4:	71e1      	strb	r1, [r4, #7]
100071e6:	68e0      	ldr	r0, [r4, #12]
100071e8:	2800      	cmp	r0, #0
100071ea:	d001      	beq.n	100071f0 <tu_fifo_set_overwritable+0x38>
100071ec:	f000 fed8 	bl	10007fa0 <__mutex_exit_veneer>
100071f0:	6920      	ldr	r0, [r4, #16]
100071f2:	2800      	cmp	r0, #0
100071f4:	d001      	beq.n	100071fa <tu_fifo_set_overwritable+0x42>
100071f6:	f000 fed3 	bl	10007fa0 <__mutex_exit_veneer>
100071fa:	2001      	movs	r0, #1
100071fc:	bd70      	pop	{r4, r5, r6, pc}
	...

10007200 <adc_init>:
10007200:	2301      	movs	r3, #1
10007202:	4a08      	ldr	r2, [pc, #32]	@ (10007224 <adc_init+0x24>)
10007204:	6013      	str	r3, [r2, #0]
10007206:	4a08      	ldr	r2, [pc, #32]	@ (10007228 <adc_init+0x28>)
10007208:	6013      	str	r3, [r2, #0]
1000720a:	4b08      	ldr	r3, [pc, #32]	@ (1000722c <adc_init+0x2c>)
1000720c:	681a      	ldr	r2, [r3, #0]
1000720e:	2301      	movs	r3, #1
10007210:	4393      	bics	r3, r2
10007212:	d1fa      	bne.n	1000720a <adc_init+0xa>
10007214:	4b06      	ldr	r3, [pc, #24]	@ (10007230 <adc_init+0x30>)
10007216:	2201      	movs	r2, #1
10007218:	601a      	str	r2, [r3, #0]
1000721a:	4b05      	ldr	r3, [pc, #20]	@ (10007230 <adc_init+0x30>)
1000721c:	681b      	ldr	r3, [r3, #0]
1000721e:	05db      	lsls	r3, r3, #23
10007220:	d5fb      	bpl.n	1000721a <adc_init+0x1a>
10007222:	4770      	bx	lr
10007224:	4000e000 	.word	0x4000e000
10007228:	4000f000 	.word	0x4000f000
1000722c:	4000c008 	.word	0x4000c008
10007230:	4004c000 	.word	0x4004c000

10007234 <i2c_unreset>:
10007234:	4b07      	ldr	r3, [pc, #28]	@ (10007254 <i2c_unreset+0x20>)
10007236:	4283      	cmp	r3, r0
10007238:	d00a      	beq.n	10007250 <i2c_unreset+0x1c>
1000723a:	2304      	movs	r3, #4
1000723c:	2201      	movs	r2, #1
1000723e:	409a      	lsls	r2, r3
10007240:	4b05      	ldr	r3, [pc, #20]	@ (10007258 <i2c_unreset+0x24>)
10007242:	601a      	str	r2, [r3, #0]
10007244:	4b05      	ldr	r3, [pc, #20]	@ (1000725c <i2c_unreset+0x28>)
10007246:	681b      	ldr	r3, [r3, #0]
10007248:	0011      	movs	r1, r2
1000724a:	4399      	bics	r1, r3
1000724c:	d1fa      	bne.n	10007244 <i2c_unreset+0x10>
1000724e:	4770      	bx	lr
10007250:	2303      	movs	r3, #3
10007252:	e7f3      	b.n	1000723c <i2c_unreset+0x8>
10007254:	20000ca8 	.word	0x20000ca8
10007258:	4000f000 	.word	0x4000f000
1000725c:	4000c008 	.word	0x4000c008

10007260 <i2c_write_blocking_internal>:
10007260:	b5f0      	push	{r4, r5, r6, r7, lr}
10007262:	46de      	mov	lr, fp
10007264:	4657      	mov	r7, sl
10007266:	464e      	mov	r6, r9
10007268:	4645      	mov	r5, r8
1000726a:	b5e0      	push	{r5, r6, r7, lr}
1000726c:	b087      	sub	sp, #28
1000726e:	0007      	movs	r7, r0
10007270:	4693      	mov	fp, r2
10007272:	0018      	movs	r0, r3
10007274:	9303      	str	r3, [sp, #12]
10007276:	ab10      	add	r3, sp, #64	@ 0x40
10007278:	781a      	ldrb	r2, [r3, #0]
1000727a:	9205      	str	r2, [sp, #20]
1000727c:	9d11      	ldr	r5, [sp, #68]	@ 0x44
1000727e:	9a12      	ldr	r2, [sp, #72]	@ 0x48
10007280:	4690      	mov	r8, r2
10007282:	683b      	ldr	r3, [r7, #0]
10007284:	2200      	movs	r2, #0
10007286:	66da      	str	r2, [r3, #108]	@ 0x6c
10007288:	683b      	ldr	r3, [r7, #0]
1000728a:	6059      	str	r1, [r3, #4]
1000728c:	683b      	ldr	r3, [r7, #0]
1000728e:	3201      	adds	r2, #1
10007290:	66da      	str	r2, [r3, #108]	@ 0x6c
10007292:	9002      	str	r0, [sp, #8]
10007294:	2300      	movs	r3, #0
10007296:	4699      	mov	r9, r3
10007298:	9304      	str	r3, [sp, #16]
1000729a:	2600      	movs	r6, #0
1000729c:	2400      	movs	r4, #0
1000729e:	e02d      	b.n	100072fc <i2c_write_blocking_internal+0x9c>
100072a0:	793b      	ldrb	r3, [r7, #4]
100072a2:	2b00      	cmp	r3, #0
100072a4:	d039      	beq.n	1000731a <i2c_write_blocking_internal+0xba>
100072a6:	2301      	movs	r3, #1
100072a8:	e037      	b.n	1000731a <i2c_write_blocking_internal+0xba>
100072aa:	9a05      	ldr	r2, [sp, #20]
100072ac:	2a00      	cmp	r2, #0
100072ae:	d001      	beq.n	100072b4 <i2c_write_blocking_internal+0x54>
100072b0:	2200      	movs	r2, #0
100072b2:	e036      	b.n	10007322 <i2c_write_blocking_internal+0xc2>
100072b4:	2201      	movs	r2, #1
100072b6:	e034      	b.n	10007322 <i2c_write_blocking_internal+0xc2>
100072b8:	2100      	movs	r1, #0
100072ba:	4640      	mov	r0, r8
100072bc:	47a8      	blx	r5
100072be:	0006      	movs	r6, r0
100072c0:	4304      	orrs	r4, r0
100072c2:	b2e4      	uxtb	r4, r4
100072c4:	2e00      	cmp	r6, #0
100072c6:	d106      	bne.n	100072d6 <i2c_write_blocking_internal+0x76>
100072c8:	683b      	ldr	r3, [r7, #0]
100072ca:	6b5b      	ldr	r3, [r3, #52]	@ 0x34
100072cc:	06db      	lsls	r3, r3, #27
100072ce:	d402      	bmi.n	100072d6 <i2c_write_blocking_internal+0x76>
100072d0:	2d00      	cmp	r5, #0
100072d2:	d1f1      	bne.n	100072b8 <i2c_write_blocking_internal+0x58>
100072d4:	e7f6      	b.n	100072c4 <i2c_write_blocking_internal+0x64>
100072d6:	2e00      	cmp	r6, #0
100072d8:	d109      	bne.n	100072ee <i2c_write_blocking_internal+0x8e>
100072da:	683b      	ldr	r3, [r7, #0]
100072dc:	2280      	movs	r2, #128	@ 0x80
100072de:	589a      	ldr	r2, [r3, r2]
100072e0:	9204      	str	r2, [sp, #16]
100072e2:	2a00      	cmp	r2, #0
100072e4:	d128      	bne.n	10007338 <i2c_write_blocking_internal+0xd8>
100072e6:	2c00      	cmp	r4, #0
100072e8:	d139      	bne.n	1000735e <i2c_write_blocking_internal+0xfe>
100072ea:	45ca      	cmp	sl, r9
100072ec:	d027      	beq.n	1000733e <i2c_write_blocking_internal+0xde>
100072ee:	2c00      	cmp	r4, #0
100072f0:	d13d      	bne.n	1000736e <i2c_write_blocking_internal+0x10e>
100072f2:	2301      	movs	r3, #1
100072f4:	469c      	mov	ip, r3
100072f6:	44e1      	add	r9, ip
100072f8:	9b01      	ldr	r3, [sp, #4]
100072fa:	469b      	mov	fp, r3
100072fc:	9b02      	ldr	r3, [sp, #8]
100072fe:	4599      	cmp	r9, r3
10007300:	da35      	bge.n	1000736e <i2c_write_blocking_internal+0x10e>
10007302:	9b03      	ldr	r3, [sp, #12]
10007304:	3b01      	subs	r3, #1
10007306:	469a      	mov	sl, r3
10007308:	2d00      	cmp	r5, #0
1000730a:	d002      	beq.n	10007312 <i2c_write_blocking_internal+0xb2>
1000730c:	2101      	movs	r1, #1
1000730e:	4640      	mov	r0, r8
10007310:	47a8      	blx	r5
10007312:	464b      	mov	r3, r9
10007314:	2b00      	cmp	r3, #0
10007316:	d0c3      	beq.n	100072a0 <i2c_write_blocking_internal+0x40>
10007318:	2300      	movs	r3, #0
1000731a:	029b      	lsls	r3, r3, #10
1000731c:	45ca      	cmp	sl, r9
1000731e:	d0c4      	beq.n	100072aa <i2c_write_blocking_internal+0x4a>
10007320:	2200      	movs	r2, #0
10007322:	0252      	lsls	r2, r2, #9
10007324:	4313      	orrs	r3, r2
10007326:	465a      	mov	r2, fp
10007328:	3201      	adds	r2, #1
1000732a:	9201      	str	r2, [sp, #4]
1000732c:	465a      	mov	r2, fp
1000732e:	7811      	ldrb	r1, [r2, #0]
10007330:	683a      	ldr	r2, [r7, #0]
10007332:	430b      	orrs	r3, r1
10007334:	6113      	str	r3, [r2, #16]
10007336:	e7cb      	b.n	100072d0 <i2c_write_blocking_internal+0x70>
10007338:	6d5b      	ldr	r3, [r3, #84]	@ 0x54
1000733a:	2401      	movs	r4, #1
1000733c:	e00f      	b.n	1000735e <i2c_write_blocking_internal+0xfe>
1000733e:	9b05      	ldr	r3, [sp, #20]
10007340:	2b00      	cmp	r3, #0
10007342:	d1d4      	bne.n	100072ee <i2c_write_blocking_internal+0x8e>
10007344:	e00b      	b.n	1000735e <i2c_write_blocking_internal+0xfe>
10007346:	2100      	movs	r1, #0
10007348:	4640      	mov	r0, r8
1000734a:	47a8      	blx	r5
1000734c:	0006      	movs	r6, r0
1000734e:	4304      	orrs	r4, r0
10007350:	b2e4      	uxtb	r4, r4
10007352:	2e00      	cmp	r6, #0
10007354:	d106      	bne.n	10007364 <i2c_write_blocking_internal+0x104>
10007356:	683b      	ldr	r3, [r7, #0]
10007358:	6b5b      	ldr	r3, [r3, #52]	@ 0x34
1000735a:	059b      	lsls	r3, r3, #22
1000735c:	d402      	bmi.n	10007364 <i2c_write_blocking_internal+0x104>
1000735e:	2d00      	cmp	r5, #0
10007360:	d1f1      	bne.n	10007346 <i2c_write_blocking_internal+0xe6>
10007362:	e7f6      	b.n	10007352 <i2c_write_blocking_internal+0xf2>
10007364:	2e00      	cmp	r6, #0
10007366:	d1c2      	bne.n	100072ee <i2c_write_blocking_internal+0x8e>
10007368:	683b      	ldr	r3, [r7, #0]
1000736a:	6e1b      	ldr	r3, [r3, #96]	@ 0x60
1000736c:	e7bf      	b.n	100072ee <i2c_write_blocking_internal+0x8e>
1000736e:	2c00      	cmp	r4, #0
10007370:	d008      	beq.n	10007384 <i2c_write_blocking_internal+0x124>
10007372:	2e00      	cmp	r6, #0
10007374:	d110      	bne.n	10007398 <i2c_write_blocking_internal+0x138>
10007376:	9a04      	ldr	r2, [sp, #16]
10007378:	2a00      	cmp	r2, #0
1000737a:	d011      	beq.n	100073a0 <i2c_write_blocking_internal+0x140>
1000737c:	07d3      	lsls	r3, r2, #31
1000737e:	d413      	bmi.n	100073a8 <i2c_write_blocking_internal+0x148>
10007380:	0713      	lsls	r3, r2, #28
10007382:	d515      	bpl.n	100073b0 <i2c_write_blocking_internal+0x150>
10007384:	9b05      	ldr	r3, [sp, #20]
10007386:	713b      	strb	r3, [r7, #4]
10007388:	4648      	mov	r0, r9
1000738a:	b007      	add	sp, #28
1000738c:	bcf0      	pop	{r4, r5, r6, r7}
1000738e:	46bb      	mov	fp, r7
10007390:	46b2      	mov	sl, r6
10007392:	46a9      	mov	r9, r5
10007394:	46a0      	mov	r8, r4
10007396:	bdf0      	pop	{r4, r5, r6, r7, pc}
10007398:	2302      	movs	r3, #2
1000739a:	425b      	negs	r3, r3
1000739c:	4699      	mov	r9, r3
1000739e:	e7f1      	b.n	10007384 <i2c_write_blocking_internal+0x124>
100073a0:	2301      	movs	r3, #1
100073a2:	425b      	negs	r3, r3
100073a4:	4699      	mov	r9, r3
100073a6:	e7ed      	b.n	10007384 <i2c_write_blocking_internal+0x124>
100073a8:	2301      	movs	r3, #1
100073aa:	425b      	negs	r3, r3
100073ac:	4699      	mov	r9, r3
100073ae:	e7e9      	b.n	10007384 <i2c_write_blocking_internal+0x124>
100073b0:	2301      	movs	r3, #1
100073b2:	425b      	negs	r3, r3
100073b4:	4699      	mov	r9, r3
100073b6:	e7e5      	b.n	10007384 <i2c_write_blocking_internal+0x124>

100073b8 <i2c_set_baudrate>:
100073b8:	b5f0      	push	{r4, r5, r6, r7, lr}
100073ba:	46d6      	mov	lr, sl
100073bc:	464f      	mov	r7, r9
100073be:	4646      	mov	r6, r8
100073c0:	b5c0      	push	{r6, r7, lr}
100073c2:	0005      	movs	r5, r0
100073c4:	000c      	movs	r4, r1
100073c6:	2005      	movs	r0, #5
100073c8:	f7fa fe86 	bl	100020d8 <clock_get_hz>
100073cc:	0006      	movs	r6, r0
100073ce:	0860      	lsrs	r0, r4, #1
100073d0:	1980      	adds	r0, r0, r6
100073d2:	0021      	movs	r1, r4
100073d4:	f7fb f8ee 	bl	100025b4 <__wrap___aeabi_uidiv>
100073d8:	0007      	movs	r7, r0
100073da:	0043      	lsls	r3, r0, #1
100073dc:	4699      	mov	r9, r3
100073de:	4481      	add	r9, r0
100073e0:	2105      	movs	r1, #5
100073e2:	4648      	mov	r0, r9
100073e4:	f7fb f8e6 	bl	100025b4 <__wrap___aeabi_uidiv>
100073e8:	4680      	mov	r8, r0
100073ea:	1a3b      	subs	r3, r7, r0
100073ec:	469a      	mov	sl, r3
100073ee:	4b27      	ldr	r3, [pc, #156]	@ (1000748c <i2c_set_baudrate+0xd4>)
100073f0:	429c      	cmp	r4, r3
100073f2:	d825      	bhi.n	10007440 <i2c_set_baudrate+0x88>
100073f4:	0070      	lsls	r0, r6, #1
100073f6:	1980      	adds	r0, r0, r6
100073f8:	4925      	ldr	r1, [pc, #148]	@ (10007490 <i2c_set_baudrate+0xd8>)
100073fa:	f7fb f8db 	bl	100025b4 <__wrap___aeabi_uidiv>
100073fe:	1c44      	adds	r4, r0, #1
10007400:	4643      	mov	r3, r8
10007402:	3b02      	subs	r3, #2
10007404:	42a3      	cmp	r3, r4
10007406:	d322      	bcc.n	1000744e <i2c_set_baudrate+0x96>
10007408:	682b      	ldr	r3, [r5, #0]
1000740a:	2200      	movs	r2, #0
1000740c:	66da      	str	r2, [r3, #108]	@ 0x6c
1000740e:	682b      	ldr	r3, [r5, #0]
10007410:	6819      	ldr	r1, [r3, #0]
10007412:	3204      	adds	r2, #4
10007414:	4051      	eors	r1, r2
10007416:	3202      	adds	r2, #2
10007418:	400a      	ands	r2, r1
1000741a:	2180      	movs	r1, #128	@ 0x80
1000741c:	0149      	lsls	r1, r1, #5
1000741e:	468c      	mov	ip, r1
10007420:	4463      	add	r3, ip
10007422:	601a      	str	r2, [r3, #0]
10007424:	682b      	ldr	r3, [r5, #0]
10007426:	4652      	mov	r2, sl
10007428:	61da      	str	r2, [r3, #28]
1000742a:	682b      	ldr	r3, [r5, #0]
1000742c:	4642      	mov	r2, r8
1000742e:	621a      	str	r2, [r3, #32]
10007430:	464b      	mov	r3, r9
10007432:	2b4f      	cmp	r3, #79	@ 0x4f
10007434:	d911      	bls.n	1000745a <i2c_set_baudrate+0xa2>
10007436:	2150      	movs	r1, #80	@ 0x50
10007438:	4648      	mov	r0, r9
1000743a:	f7fb f8bb 	bl	100025b4 <__wrap___aeabi_uidiv>
1000743e:	e00d      	b.n	1000745c <i2c_set_baudrate+0xa4>
10007440:	0070      	lsls	r0, r6, #1
10007442:	1980      	adds	r0, r0, r6
10007444:	4913      	ldr	r1, [pc, #76]	@ (10007494 <i2c_set_baudrate+0xdc>)
10007446:	f7fb f8b5 	bl	100025b4 <__wrap___aeabi_uidiv>
1000744a:	1c44      	adds	r4, r0, #1
1000744c:	e7d8      	b.n	10007400 <i2c_set_baudrate+0x48>
1000744e:	4b12      	ldr	r3, [pc, #72]	@ (10007498 <i2c_set_baudrate+0xe0>)
10007450:	4a12      	ldr	r2, [pc, #72]	@ (1000749c <i2c_set_baudrate+0xe4>)
10007452:	4813      	ldr	r0, [pc, #76]	@ (100074a0 <i2c_set_baudrate+0xe8>)
10007454:	215d      	movs	r1, #93	@ 0x5d
10007456:	f7fc fdd5 	bl	10004004 <__assert_func>
1000745a:	2001      	movs	r0, #1
1000745c:	682a      	ldr	r2, [r5, #0]
1000745e:	23a0      	movs	r3, #160	@ 0xa0
10007460:	50d0      	str	r0, [r2, r3]
10007462:	682b      	ldr	r3, [r5, #0]
10007464:	6fda      	ldr	r2, [r3, #124]	@ 0x7c
10007466:	4054      	eors	r4, r2
10007468:	0424      	lsls	r4, r4, #16
1000746a:	0c24      	lsrs	r4, r4, #16
1000746c:	4a0d      	ldr	r2, [pc, #52]	@ (100074a4 <i2c_set_baudrate+0xec>)
1000746e:	4694      	mov	ip, r2
10007470:	4463      	add	r3, ip
10007472:	601c      	str	r4, [r3, #0]
10007474:	682b      	ldr	r3, [r5, #0]
10007476:	2201      	movs	r2, #1
10007478:	66da      	str	r2, [r3, #108]	@ 0x6c
1000747a:	0039      	movs	r1, r7
1000747c:	0030      	movs	r0, r6
1000747e:	f7fb f899 	bl	100025b4 <__wrap___aeabi_uidiv>
10007482:	bce0      	pop	{r5, r6, r7}
10007484:	46ba      	mov	sl, r7
10007486:	46b1      	mov	r9, r6
10007488:	46a8      	mov	r8, r5
1000748a:	bdf0      	pop	{r4, r5, r6, r7, pc}
1000748c:	000f423f 	.word	0x000f423f
10007490:	00989680 	.word	0x00989680
10007494:	017d7840 	.word	0x017d7840
10007498:	10008e20 	.word	0x10008e20
1000749c:	100096f8 	.word	0x100096f8
100074a0:	10008e40 	.word	0x10008e40
100074a4:	0000107c 	.word	0x0000107c

100074a8 <i2c_init>:
100074a8:	b570      	push	{r4, r5, r6, lr}
100074aa:	0004      	movs	r4, r0
100074ac:	000d      	movs	r5, r1
100074ae:	4b11      	ldr	r3, [pc, #68]	@ (100074f4 <i2c_init+0x4c>)
100074b0:	4298      	cmp	r0, r3
100074b2:	d01d      	beq.n	100074f0 <i2c_init+0x48>
100074b4:	2204      	movs	r2, #4
100074b6:	2301      	movs	r3, #1
100074b8:	4093      	lsls	r3, r2
100074ba:	4a0f      	ldr	r2, [pc, #60]	@ (100074f8 <i2c_init+0x50>)
100074bc:	6013      	str	r3, [r2, #0]
100074be:	0020      	movs	r0, r4
100074c0:	f7ff feb8 	bl	10007234 <i2c_unreset>
100074c4:	2300      	movs	r3, #0
100074c6:	7123      	strb	r3, [r4, #4]
100074c8:	6822      	ldr	r2, [r4, #0]
100074ca:	66d3      	str	r3, [r2, #108]	@ 0x6c
100074cc:	6822      	ldr	r2, [r4, #0]
100074ce:	2166      	movs	r1, #102	@ 0x66
100074d0:	31ff      	adds	r1, #255	@ 0xff
100074d2:	6011      	str	r1, [r2, #0]
100074d4:	6822      	ldr	r2, [r4, #0]
100074d6:	63d3      	str	r3, [r2, #60]	@ 0x3c
100074d8:	6822      	ldr	r2, [r4, #0]
100074da:	6393      	str	r3, [r2, #56]	@ 0x38
100074dc:	6822      	ldr	r2, [r4, #0]
100074de:	3388      	adds	r3, #136	@ 0x88
100074e0:	3963      	subs	r1, #99	@ 0x63
100074e2:	39ff      	subs	r1, #255	@ 0xff
100074e4:	50d1      	str	r1, [r2, r3]
100074e6:	0029      	movs	r1, r5
100074e8:	0020      	movs	r0, r4
100074ea:	f7ff ff65 	bl	100073b8 <i2c_set_baudrate>
100074ee:	bd70      	pop	{r4, r5, r6, pc}
100074f0:	2203      	movs	r2, #3
100074f2:	e7e0      	b.n	100074b6 <i2c_init+0xe>
100074f4:	20000ca8 	.word	0x20000ca8
100074f8:	4000e000 	.word	0x4000e000

100074fc <i2c_write_blocking>:
100074fc:	b530      	push	{r4, r5, lr}
100074fe:	b085      	sub	sp, #20
10007500:	ac08      	add	r4, sp, #32
10007502:	7825      	ldrb	r5, [r4, #0]
10007504:	2400      	movs	r4, #0
10007506:	9402      	str	r4, [sp, #8]
10007508:	9401      	str	r4, [sp, #4]
1000750a:	9500      	str	r5, [sp, #0]
1000750c:	f7ff fea8 	bl	10007260 <i2c_write_blocking_internal>
10007510:	b005      	add	sp, #20
10007512:	bd30      	pop	{r4, r5, pc}

10007514 <calloc>:
10007514:	0003      	movs	r3, r0
10007516:	b510      	push	{r4, lr}
10007518:	000a      	movs	r2, r1
1000751a:	4903      	ldr	r1, [pc, #12]	@ (10007528 <calloc+0x14>)
1000751c:	6808      	ldr	r0, [r1, #0]
1000751e:	0019      	movs	r1, r3
10007520:	f000 f804 	bl	1000752c <_calloc_r>
10007524:	bd10      	pop	{r4, pc}
10007526:	46c0      	nop			@ (mov r8, r8)
10007528:	20000cb0 	.word	0x20000cb0

1000752c <_calloc_r>:
1000752c:	b570      	push	{r4, r5, r6, lr}
1000752e:	0c0b      	lsrs	r3, r1, #16
10007530:	2400      	movs	r4, #0
10007532:	0c15      	lsrs	r5, r2, #16
10007534:	2b00      	cmp	r3, #0
10007536:	d128      	bne.n	1000758a <_calloc_r+0x5e>
10007538:	2d00      	cmp	r5, #0
1000753a:	d13c      	bne.n	100075b6 <_calloc_r+0x8a>
1000753c:	b28b      	uxth	r3, r1
1000753e:	b291      	uxth	r1, r2
10007540:	4359      	muls	r1, r3
10007542:	f000 f847 	bl	100075d4 <_malloc_r>
10007546:	1e05      	subs	r5, r0, #0
10007548:	d033      	beq.n	100075b2 <_calloc_r+0x86>
1000754a:	0003      	movs	r3, r0
1000754c:	3b08      	subs	r3, #8
1000754e:	685a      	ldr	r2, [r3, #4]
10007550:	2303      	movs	r3, #3
10007552:	439a      	bics	r2, r3
10007554:	3a04      	subs	r2, #4
10007556:	2a24      	cmp	r2, #36	@ 0x24
10007558:	d812      	bhi.n	10007580 <_calloc_r+0x54>
1000755a:	0003      	movs	r3, r0
1000755c:	2a13      	cmp	r2, #19
1000755e:	d90a      	bls.n	10007576 <_calloc_r+0x4a>
10007560:	6004      	str	r4, [r0, #0]
10007562:	6044      	str	r4, [r0, #4]
10007564:	3308      	adds	r3, #8
10007566:	2a1b      	cmp	r2, #27
10007568:	d905      	bls.n	10007576 <_calloc_r+0x4a>
1000756a:	6084      	str	r4, [r0, #8]
1000756c:	60c4      	str	r4, [r0, #12]
1000756e:	2a24      	cmp	r2, #36	@ 0x24
10007570:	d02a      	beq.n	100075c8 <_calloc_r+0x9c>
10007572:	0003      	movs	r3, r0
10007574:	3310      	adds	r3, #16
10007576:	2200      	movs	r2, #0
10007578:	601a      	str	r2, [r3, #0]
1000757a:	605a      	str	r2, [r3, #4]
1000757c:	609a      	str	r2, [r3, #8]
1000757e:	e002      	b.n	10007586 <_calloc_r+0x5a>
10007580:	2100      	movs	r1, #0
10007582:	f7fb fc35 	bl	10002df0 <__wrap_memset>
10007586:	0028      	movs	r0, r5
10007588:	bd70      	pop	{r4, r5, r6, pc}
1000758a:	2d00      	cmp	r5, #0
1000758c:	d116      	bne.n	100075bc <_calloc_r+0x90>
1000758e:	1c15      	adds	r5, r2, #0
10007590:	b289      	uxth	r1, r1
10007592:	b292      	uxth	r2, r2
10007594:	434a      	muls	r2, r1
10007596:	b2ad      	uxth	r5, r5
10007598:	b29b      	uxth	r3, r3
1000759a:	436b      	muls	r3, r5
1000759c:	0c11      	lsrs	r1, r2, #16
1000759e:	185b      	adds	r3, r3, r1
100075a0:	0c19      	lsrs	r1, r3, #16
100075a2:	d10b      	bne.n	100075bc <_calloc_r+0x90>
100075a4:	0419      	lsls	r1, r3, #16
100075a6:	b292      	uxth	r2, r2
100075a8:	4311      	orrs	r1, r2
100075aa:	f000 f813 	bl	100075d4 <_malloc_r>
100075ae:	1e05      	subs	r5, r0, #0
100075b0:	d1cb      	bne.n	1000754a <_calloc_r+0x1e>
100075b2:	2500      	movs	r5, #0
100075b4:	e7e7      	b.n	10007586 <_calloc_r+0x5a>
100075b6:	1c2b      	adds	r3, r5, #0
100075b8:	1c0d      	adds	r5, r1, #0
100075ba:	e7e9      	b.n	10007590 <_calloc_r+0x64>
100075bc:	f000 fc96 	bl	10007eec <__errno>
100075c0:	230c      	movs	r3, #12
100075c2:	2500      	movs	r5, #0
100075c4:	6003      	str	r3, [r0, #0]
100075c6:	e7de      	b.n	10007586 <_calloc_r+0x5a>
100075c8:	0003      	movs	r3, r0
100075ca:	6104      	str	r4, [r0, #16]
100075cc:	3318      	adds	r3, #24
100075ce:	6144      	str	r4, [r0, #20]
100075d0:	e7d1      	b.n	10007576 <_calloc_r+0x4a>
100075d2:	46c0      	nop			@ (mov r8, r8)

100075d4 <_malloc_r>:
100075d4:	b5f0      	push	{r4, r5, r6, r7, lr}
100075d6:	464e      	mov	r6, r9
100075d8:	4645      	mov	r5, r8
100075da:	46de      	mov	lr, fp
100075dc:	4657      	mov	r7, sl
100075de:	b5e0      	push	{r5, r6, r7, lr}
100075e0:	000d      	movs	r5, r1
100075e2:	350b      	adds	r5, #11
100075e4:	0006      	movs	r6, r0
100075e6:	b085      	sub	sp, #20
100075e8:	2d16      	cmp	r5, #22
100075ea:	d827      	bhi.n	1000763c <_malloc_r+0x68>
100075ec:	2910      	cmp	r1, #16
100075ee:	d900      	bls.n	100075f2 <_malloc_r+0x1e>
100075f0:	e0da      	b.n	100077a8 <_malloc_r+0x1d4>
100075f2:	f000 fc1b 	bl	10007e2c <__malloc_lock>
100075f6:	2510      	movs	r5, #16
100075f8:	2318      	movs	r3, #24
100075fa:	2102      	movs	r1, #2
100075fc:	4fc8      	ldr	r7, [pc, #800]	@ (10007920 <_malloc_r+0x34c>)
100075fe:	18fb      	adds	r3, r7, r3
10007600:	001a      	movs	r2, r3
10007602:	685c      	ldr	r4, [r3, #4]
10007604:	3a08      	subs	r2, #8
10007606:	4294      	cmp	r4, r2
10007608:	d100      	bne.n	1000760c <_malloc_r+0x38>
1000760a:	e147      	b.n	1000789c <_malloc_r+0x2c8>
1000760c:	2203      	movs	r2, #3
1000760e:	6863      	ldr	r3, [r4, #4]
10007610:	68a1      	ldr	r1, [r4, #8]
10007612:	4393      	bics	r3, r2
10007614:	68e2      	ldr	r2, [r4, #12]
10007616:	60ca      	str	r2, [r1, #12]
10007618:	6091      	str	r1, [r2, #8]
1000761a:	2101      	movs	r1, #1
1000761c:	18e3      	adds	r3, r4, r3
1000761e:	685a      	ldr	r2, [r3, #4]
10007620:	0030      	movs	r0, r6
10007622:	430a      	orrs	r2, r1
10007624:	605a      	str	r2, [r3, #4]
10007626:	f000 fc03 	bl	10007e30 <__malloc_unlock>
1000762a:	0020      	movs	r0, r4
1000762c:	3008      	adds	r0, #8
1000762e:	b005      	add	sp, #20
10007630:	bcf0      	pop	{r4, r5, r6, r7}
10007632:	46bb      	mov	fp, r7
10007634:	46b2      	mov	sl, r6
10007636:	46a9      	mov	r9, r5
10007638:	46a0      	mov	r8, r4
1000763a:	bdf0      	pop	{r4, r5, r6, r7, pc}
1000763c:	2307      	movs	r3, #7
1000763e:	439d      	bics	r5, r3
10007640:	d500      	bpl.n	10007644 <_malloc_r+0x70>
10007642:	e0b1      	b.n	100077a8 <_malloc_r+0x1d4>
10007644:	42a9      	cmp	r1, r5
10007646:	d900      	bls.n	1000764a <_malloc_r+0x76>
10007648:	e0ae      	b.n	100077a8 <_malloc_r+0x1d4>
1000764a:	f000 fbef 	bl	10007e2c <__malloc_lock>
1000764e:	23fc      	movs	r3, #252	@ 0xfc
10007650:	005b      	lsls	r3, r3, #1
10007652:	429d      	cmp	r5, r3
10007654:	d200      	bcs.n	10007658 <_malloc_r+0x84>
10007656:	e196      	b.n	10007986 <_malloc_r+0x3b2>
10007658:	0a69      	lsrs	r1, r5, #9
1000765a:	d100      	bne.n	1000765e <_malloc_r+0x8a>
1000765c:	e0a8      	b.n	100077b0 <_malloc_r+0x1dc>
1000765e:	2904      	cmp	r1, #4
10007660:	d900      	bls.n	10007664 <_malloc_r+0x90>
10007662:	e150      	b.n	10007906 <_malloc_r+0x332>
10007664:	2338      	movs	r3, #56	@ 0x38
10007666:	4698      	mov	r8, r3
10007668:	09a9      	lsrs	r1, r5, #6
1000766a:	4488      	add	r8, r1
1000766c:	3139      	adds	r1, #57	@ 0x39
1000766e:	00cb      	lsls	r3, r1, #3
10007670:	2208      	movs	r2, #8
10007672:	4252      	negs	r2, r2
10007674:	4694      	mov	ip, r2
10007676:	4faa      	ldr	r7, [pc, #680]	@ (10007920 <_malloc_r+0x34c>)
10007678:	18fb      	adds	r3, r7, r3
1000767a:	449c      	add	ip, r3
1000767c:	4663      	mov	r3, ip
1000767e:	68dc      	ldr	r4, [r3, #12]
10007680:	45a4      	cmp	ip, r4
10007682:	d014      	beq.n	100076ae <_malloc_r+0xda>
10007684:	2303      	movs	r3, #3
10007686:	4699      	mov	r9, r3
10007688:	000b      	movs	r3, r1
1000768a:	4661      	mov	r1, ip
1000768c:	469c      	mov	ip, r3
1000768e:	e007      	b.n	100076a0 <_malloc_r+0xcc>
10007690:	68e0      	ldr	r0, [r4, #12]
10007692:	2a00      	cmp	r2, #0
10007694:	db00      	blt.n	10007698 <_malloc_r+0xc4>
10007696:	e0fb      	b.n	10007890 <_malloc_r+0x2bc>
10007698:	4281      	cmp	r1, r0
1000769a:	d100      	bne.n	1000769e <_malloc_r+0xca>
1000769c:	e0fc      	b.n	10007898 <_malloc_r+0x2c4>
1000769e:	0004      	movs	r4, r0
100076a0:	464a      	mov	r2, r9
100076a2:	6863      	ldr	r3, [r4, #4]
100076a4:	4393      	bics	r3, r2
100076a6:	1b5a      	subs	r2, r3, r5
100076a8:	2a0f      	cmp	r2, #15
100076aa:	ddf1      	ble.n	10007690 <_malloc_r+0xbc>
100076ac:	4641      	mov	r1, r8
100076ae:	003a      	movs	r2, r7
100076b0:	693c      	ldr	r4, [r7, #16]
100076b2:	3208      	adds	r2, #8
100076b4:	4294      	cmp	r4, r2
100076b6:	d100      	bne.n	100076ba <_malloc_r+0xe6>
100076b8:	e0d9      	b.n	1000786e <_malloc_r+0x29a>
100076ba:	2003      	movs	r0, #3
100076bc:	6863      	ldr	r3, [r4, #4]
100076be:	4383      	bics	r3, r0
100076c0:	1b58      	subs	r0, r3, r5
100076c2:	280f      	cmp	r0, #15
100076c4:	dd00      	ble.n	100076c8 <_malloc_r+0xf4>
100076c6:	e162      	b.n	1000798e <_malloc_r+0x3ba>
100076c8:	613a      	str	r2, [r7, #16]
100076ca:	617a      	str	r2, [r7, #20]
100076cc:	2800      	cmp	r0, #0
100076ce:	daa4      	bge.n	1000761a <_malloc_r+0x46>
100076d0:	687a      	ldr	r2, [r7, #4]
100076d2:	4690      	mov	r8, r2
100076d4:	2280      	movs	r2, #128	@ 0x80
100076d6:	0092      	lsls	r2, r2, #2
100076d8:	4293      	cmp	r3, r2
100076da:	d300      	bcc.n	100076de <_malloc_r+0x10a>
100076dc:	e0e4      	b.n	100078a8 <_malloc_r+0x2d4>
100076de:	08da      	lsrs	r2, r3, #3
100076e0:	0958      	lsrs	r0, r3, #5
100076e2:	2301      	movs	r3, #1
100076e4:	4083      	lsls	r3, r0
100076e6:	4640      	mov	r0, r8
100076e8:	4318      	orrs	r0, r3
100076ea:	4680      	mov	r8, r0
100076ec:	00d3      	lsls	r3, r2, #3
100076ee:	19db      	adds	r3, r3, r7
100076f0:	689a      	ldr	r2, [r3, #8]
100076f2:	6078      	str	r0, [r7, #4]
100076f4:	60e3      	str	r3, [r4, #12]
100076f6:	60a2      	str	r2, [r4, #8]
100076f8:	609c      	str	r4, [r3, #8]
100076fa:	60d4      	str	r4, [r2, #12]
100076fc:	2001      	movs	r0, #1
100076fe:	108b      	asrs	r3, r1, #2
10007700:	4098      	lsls	r0, r3
10007702:	4540      	cmp	r0, r8
10007704:	d85c      	bhi.n	100077c0 <_malloc_r+0x1ec>
10007706:	4643      	mov	r3, r8
10007708:	4203      	tst	r3, r0
1000770a:	d10a      	bne.n	10007722 <_malloc_r+0x14e>
1000770c:	2303      	movs	r3, #3
1000770e:	4399      	bics	r1, r3
10007710:	4643      	mov	r3, r8
10007712:	0040      	lsls	r0, r0, #1
10007714:	3104      	adds	r1, #4
10007716:	4203      	tst	r3, r0
10007718:	d103      	bne.n	10007722 <_malloc_r+0x14e>
1000771a:	0040      	lsls	r0, r0, #1
1000771c:	3104      	adds	r1, #4
1000771e:	4203      	tst	r3, r0
10007720:	d0fb      	beq.n	1000771a <_malloc_r+0x146>
10007722:	2303      	movs	r3, #3
10007724:	46b3      	mov	fp, r6
10007726:	469c      	mov	ip, r3
10007728:	000e      	movs	r6, r1
1000772a:	46b8      	mov	r8, r7
1000772c:	9001      	str	r0, [sp, #4]
1000772e:	00f0      	lsls	r0, r6, #3
10007730:	4440      	add	r0, r8
10007732:	0001      	movs	r1, r0
10007734:	46b2      	mov	sl, r6
10007736:	68cb      	ldr	r3, [r1, #12]
10007738:	e00b      	b.n	10007752 <_malloc_r+0x17e>
1000773a:	4664      	mov	r4, ip
1000773c:	685a      	ldr	r2, [r3, #4]
1000773e:	001f      	movs	r7, r3
10007740:	43a2      	bics	r2, r4
10007742:	68db      	ldr	r3, [r3, #12]
10007744:	1b54      	subs	r4, r2, r5
10007746:	2c0f      	cmp	r4, #15
10007748:	dd00      	ble.n	1000774c <_malloc_r+0x178>
1000774a:	e0ef      	b.n	1000792c <_malloc_r+0x358>
1000774c:	2c00      	cmp	r4, #0
1000774e:	db00      	blt.n	10007752 <_malloc_r+0x17e>
10007750:	e109      	b.n	10007966 <_malloc_r+0x392>
10007752:	4299      	cmp	r1, r3
10007754:	d1f1      	bne.n	1000773a <_malloc_r+0x166>
10007756:	2301      	movs	r3, #1
10007758:	4699      	mov	r9, r3
1000775a:	44ca      	add	sl, r9
1000775c:	4653      	mov	r3, sl
1000775e:	3108      	adds	r1, #8
10007760:	079b      	lsls	r3, r3, #30
10007762:	d1e8      	bne.n	10007736 <_malloc_r+0x162>
10007764:	2203      	movs	r2, #3
10007766:	e005      	b.n	10007774 <_malloc_r+0x1a0>
10007768:	6803      	ldr	r3, [r0, #0]
1000776a:	3808      	subs	r0, #8
1000776c:	3e01      	subs	r6, #1
1000776e:	4283      	cmp	r3, r0
10007770:	d000      	beq.n	10007774 <_malloc_r+0x1a0>
10007772:	e203      	b.n	10007b7c <_malloc_r+0x5a8>
10007774:	4232      	tst	r2, r6
10007776:	d1f7      	bne.n	10007768 <_malloc_r+0x194>
10007778:	4643      	mov	r3, r8
1000777a:	9a01      	ldr	r2, [sp, #4]
1000777c:	685b      	ldr	r3, [r3, #4]
1000777e:	4393      	bics	r3, r2
10007780:	4642      	mov	r2, r8
10007782:	6053      	str	r3, [r2, #4]
10007784:	9a01      	ldr	r2, [sp, #4]
10007786:	0052      	lsls	r2, r2, #1
10007788:	9201      	str	r2, [sp, #4]
1000778a:	429a      	cmp	r2, r3
1000778c:	d816      	bhi.n	100077bc <_malloc_r+0x1e8>
1000778e:	2a00      	cmp	r2, #0
10007790:	d106      	bne.n	100077a0 <_malloc_r+0x1cc>
10007792:	e013      	b.n	100077bc <_malloc_r+0x1e8>
10007794:	2204      	movs	r2, #4
10007796:	4691      	mov	r9, r2
10007798:	9a01      	ldr	r2, [sp, #4]
1000779a:	44ca      	add	sl, r9
1000779c:	0052      	lsls	r2, r2, #1
1000779e:	9201      	str	r2, [sp, #4]
100077a0:	4213      	tst	r3, r2
100077a2:	d0f7      	beq.n	10007794 <_malloc_r+0x1c0>
100077a4:	4656      	mov	r6, sl
100077a6:	e7c2      	b.n	1000772e <_malloc_r+0x15a>
100077a8:	230c      	movs	r3, #12
100077aa:	2000      	movs	r0, #0
100077ac:	6033      	str	r3, [r6, #0]
100077ae:	e73e      	b.n	1000762e <_malloc_r+0x5a>
100077b0:	2380      	movs	r3, #128	@ 0x80
100077b2:	223f      	movs	r2, #63	@ 0x3f
100077b4:	2140      	movs	r1, #64	@ 0x40
100077b6:	4690      	mov	r8, r2
100077b8:	009b      	lsls	r3, r3, #2
100077ba:	e759      	b.n	10007670 <_malloc_r+0x9c>
100077bc:	465e      	mov	r6, fp
100077be:	4647      	mov	r7, r8
100077c0:	2203      	movs	r2, #3
100077c2:	68bc      	ldr	r4, [r7, #8]
100077c4:	6863      	ldr	r3, [r4, #4]
100077c6:	4393      	bics	r3, r2
100077c8:	469a      	mov	sl, r3
100077ca:	42ab      	cmp	r3, r5
100077cc:	d302      	bcc.n	100077d4 <_malloc_r+0x200>
100077ce:	1b5a      	subs	r2, r3, r5
100077d0:	2a0f      	cmp	r2, #15
100077d2:	dc4f      	bgt.n	10007874 <_malloc_r+0x2a0>
100077d4:	0023      	movs	r3, r4
100077d6:	4453      	add	r3, sl
100077d8:	9302      	str	r3, [sp, #8]
100077da:	4b52      	ldr	r3, [pc, #328]	@ (10007924 <_malloc_r+0x350>)
100077dc:	2008      	movs	r0, #8
100077de:	4699      	mov	r9, r3
100077e0:	681b      	ldr	r3, [r3, #0]
100077e2:	3310      	adds	r3, #16
100077e4:	195b      	adds	r3, r3, r5
100077e6:	9301      	str	r3, [sp, #4]
100077e8:	f000 fb12 	bl	10007e10 <sysconf>
100077ec:	494e      	ldr	r1, [pc, #312]	@ (10007928 <_malloc_r+0x354>)
100077ee:	9003      	str	r0, [sp, #12]
100077f0:	680b      	ldr	r3, [r1, #0]
100077f2:	468b      	mov	fp, r1
100077f4:	3301      	adds	r3, #1
100077f6:	d006      	beq.n	10007806 <_malloc_r+0x232>
100077f8:	4684      	mov	ip, r0
100077fa:	9b01      	ldr	r3, [sp, #4]
100077fc:	4242      	negs	r2, r0
100077fe:	3b01      	subs	r3, #1
10007800:	4463      	add	r3, ip
10007802:	4013      	ands	r3, r2
10007804:	9301      	str	r3, [sp, #4]
10007806:	0030      	movs	r0, r6
10007808:	9901      	ldr	r1, [sp, #4]
1000780a:	f000 fb49 	bl	10007ea0 <_sbrk_r>
1000780e:	0003      	movs	r3, r0
10007810:	4680      	mov	r8, r0
10007812:	3301      	adds	r3, #1
10007814:	d100      	bne.n	10007818 <_malloc_r+0x244>
10007816:	e0d8      	b.n	100079ca <_malloc_r+0x3f6>
10007818:	9b02      	ldr	r3, [sp, #8]
1000781a:	4283      	cmp	r3, r0
1000781c:	d900      	bls.n	10007820 <_malloc_r+0x24c>
1000781e:	e0d2      	b.n	100079c6 <_malloc_r+0x3f2>
10007820:	464b      	mov	r3, r9
10007822:	9901      	ldr	r1, [sp, #4]
10007824:	685a      	ldr	r2, [r3, #4]
10007826:	468c      	mov	ip, r1
10007828:	4462      	add	r2, ip
1000782a:	9903      	ldr	r1, [sp, #12]
1000782c:	605a      	str	r2, [r3, #4]
1000782e:	9b02      	ldr	r3, [sp, #8]
10007830:	0010      	movs	r0, r2
10007832:	3901      	subs	r1, #1
10007834:	4543      	cmp	r3, r8
10007836:	d000      	beq.n	1000783a <_malloc_r+0x266>
10007838:	e0e5      	b.n	10007a06 <_malloc_r+0x432>
1000783a:	4643      	mov	r3, r8
1000783c:	420b      	tst	r3, r1
1000783e:	d000      	beq.n	10007842 <_malloc_r+0x26e>
10007840:	e0e1      	b.n	10007a06 <_malloc_r+0x432>
10007842:	68bb      	ldr	r3, [r7, #8]
10007844:	2101      	movs	r1, #1
10007846:	4698      	mov	r8, r3
10007848:	4663      	mov	r3, ip
1000784a:	4453      	add	r3, sl
1000784c:	430b      	orrs	r3, r1
1000784e:	4641      	mov	r1, r8
10007850:	604b      	str	r3, [r1, #4]
10007852:	4649      	mov	r1, r9
10007854:	6ac9      	ldr	r1, [r1, #44]	@ 0x2c
10007856:	4291      	cmp	r1, r2
10007858:	d201      	bcs.n	1000785e <_malloc_r+0x28a>
1000785a:	4649      	mov	r1, r9
1000785c:	62ca      	str	r2, [r1, #44]	@ 0x2c
1000785e:	4649      	mov	r1, r9
10007860:	6b09      	ldr	r1, [r1, #48]	@ 0x30
10007862:	4291      	cmp	r1, r2
10007864:	d201      	bcs.n	1000786a <_malloc_r+0x296>
10007866:	4649      	mov	r1, r9
10007868:	630a      	str	r2, [r1, #48]	@ 0x30
1000786a:	4644      	mov	r4, r8
1000786c:	e0af      	b.n	100079ce <_malloc_r+0x3fa>
1000786e:	687b      	ldr	r3, [r7, #4]
10007870:	4698      	mov	r8, r3
10007872:	e743      	b.n	100076fc <_malloc_r+0x128>
10007874:	2301      	movs	r3, #1
10007876:	0029      	movs	r1, r5
10007878:	431a      	orrs	r2, r3
1000787a:	4319      	orrs	r1, r3
1000787c:	1965      	adds	r5, r4, r5
1000787e:	6061      	str	r1, [r4, #4]
10007880:	0030      	movs	r0, r6
10007882:	60bd      	str	r5, [r7, #8]
10007884:	606a      	str	r2, [r5, #4]
10007886:	f000 fad3 	bl	10007e30 <__malloc_unlock>
1000788a:	0020      	movs	r0, r4
1000788c:	3008      	adds	r0, #8
1000788e:	e6ce      	b.n	1000762e <_malloc_r+0x5a>
10007890:	68a2      	ldr	r2, [r4, #8]
10007892:	60d0      	str	r0, [r2, #12]
10007894:	6082      	str	r2, [r0, #8]
10007896:	e6c0      	b.n	1000761a <_malloc_r+0x46>
10007898:	4661      	mov	r1, ip
1000789a:	e708      	b.n	100076ae <_malloc_r+0xda>
1000789c:	68dc      	ldr	r4, [r3, #12]
1000789e:	3102      	adds	r1, #2
100078a0:	42a3      	cmp	r3, r4
100078a2:	d100      	bne.n	100078a6 <_malloc_r+0x2d2>
100078a4:	e703      	b.n	100076ae <_malloc_r+0xda>
100078a6:	e6b1      	b.n	1000760c <_malloc_r+0x38>
100078a8:	0a5a      	lsrs	r2, r3, #9
100078aa:	2a04      	cmp	r2, #4
100078ac:	d800      	bhi.n	100078b0 <_malloc_r+0x2dc>
100078ae:	e083      	b.n	100079b8 <_malloc_r+0x3e4>
100078b0:	2a14      	cmp	r2, #20
100078b2:	d900      	bls.n	100078b6 <_malloc_r+0x2e2>
100078b4:	e108      	b.n	10007ac8 <_malloc_r+0x4f4>
100078b6:	0010      	movs	r0, r2
100078b8:	305b      	adds	r0, #91	@ 0x5b
100078ba:	4682      	mov	sl, r0
100078bc:	325c      	adds	r2, #92	@ 0x5c
100078be:	00d2      	lsls	r2, r2, #3
100078c0:	2008      	movs	r0, #8
100078c2:	4240      	negs	r0, r0
100078c4:	4684      	mov	ip, r0
100078c6:	18ba      	adds	r2, r7, r2
100078c8:	4494      	add	ip, r2
100078ca:	4662      	mov	r2, ip
100078cc:	6892      	ldr	r2, [r2, #8]
100078ce:	300b      	adds	r0, #11
100078d0:	4681      	mov	r9, r0
100078d2:	4594      	cmp	ip, r2
100078d4:	d100      	bne.n	100078d8 <_malloc_r+0x304>
100078d6:	e0df      	b.n	10007a98 <_malloc_r+0x4c4>
100078d8:	0008      	movs	r0, r1
100078da:	46a2      	mov	sl, r4
100078dc:	4661      	mov	r1, ip
100078de:	4684      	mov	ip, r0
100078e0:	e002      	b.n	100078e8 <_malloc_r+0x314>
100078e2:	6892      	ldr	r2, [r2, #8]
100078e4:	4291      	cmp	r1, r2
100078e6:	d004      	beq.n	100078f2 <_malloc_r+0x31e>
100078e8:	464c      	mov	r4, r9
100078ea:	6850      	ldr	r0, [r2, #4]
100078ec:	43a0      	bics	r0, r4
100078ee:	4298      	cmp	r0, r3
100078f0:	d8f7      	bhi.n	100078e2 <_malloc_r+0x30e>
100078f2:	68d3      	ldr	r3, [r2, #12]
100078f4:	4661      	mov	r1, ip
100078f6:	4654      	mov	r4, sl
100078f8:	469c      	mov	ip, r3
100078fa:	4663      	mov	r3, ip
100078fc:	60a2      	str	r2, [r4, #8]
100078fe:	60e3      	str	r3, [r4, #12]
10007900:	609c      	str	r4, [r3, #8]
10007902:	60d4      	str	r4, [r2, #12]
10007904:	e6fa      	b.n	100076fc <_malloc_r+0x128>
10007906:	2914      	cmp	r1, #20
10007908:	d96e      	bls.n	100079e8 <_malloc_r+0x414>
1000790a:	2954      	cmp	r1, #84	@ 0x54
1000790c:	d900      	bls.n	10007910 <_malloc_r+0x33c>
1000790e:	e0e4      	b.n	10007ada <_malloc_r+0x506>
10007910:	236e      	movs	r3, #110	@ 0x6e
10007912:	4698      	mov	r8, r3
10007914:	0b29      	lsrs	r1, r5, #12
10007916:	4488      	add	r8, r1
10007918:	316f      	adds	r1, #111	@ 0x6f
1000791a:	00cb      	lsls	r3, r1, #3
1000791c:	e6a8      	b.n	10007670 <_malloc_r+0x9c>
1000791e:	46c0      	nop			@ (mov r8, r8)
10007920:	20000de0 	.word	0x20000de0
10007924:	20001394 	.word	0x20001394
10007928:	20000dd8 	.word	0x20000dd8
1000792c:	46ba      	mov	sl, r7
1000792e:	2001      	movs	r0, #1
10007930:	4651      	mov	r1, sl
10007932:	4684      	mov	ip, r0
10007934:	1949      	adds	r1, r1, r5
10007936:	4305      	orrs	r5, r0
10007938:	4650      	mov	r0, sl
1000793a:	6045      	str	r5, [r0, #4]
1000793c:	6885      	ldr	r5, [r0, #8]
1000793e:	4647      	mov	r7, r8
10007940:	4660      	mov	r0, ip
10007942:	60eb      	str	r3, [r5, #12]
10007944:	465e      	mov	r6, fp
10007946:	609d      	str	r5, [r3, #8]
10007948:	4653      	mov	r3, sl
1000794a:	6139      	str	r1, [r7, #16]
1000794c:	6179      	str	r1, [r7, #20]
1000794e:	4320      	orrs	r0, r4
10007950:	3708      	adds	r7, #8
10007952:	6048      	str	r0, [r1, #4]
10007954:	60cf      	str	r7, [r1, #12]
10007956:	0030      	movs	r0, r6
10007958:	608f      	str	r7, [r1, #8]
1000795a:	509c      	str	r4, [r3, r2]
1000795c:	f000 fa68 	bl	10007e30 <__malloc_unlock>
10007960:	4650      	mov	r0, sl
10007962:	3008      	adds	r0, #8
10007964:	e663      	b.n	1000762e <_malloc_r+0x5a>
10007966:	46ba      	mov	sl, r7
10007968:	2001      	movs	r0, #1
1000796a:	465e      	mov	r6, fp
1000796c:	4452      	add	r2, sl
1000796e:	6851      	ldr	r1, [r2, #4]
10007970:	4301      	orrs	r1, r0
10007972:	6051      	str	r1, [r2, #4]
10007974:	68ba      	ldr	r2, [r7, #8]
10007976:	0030      	movs	r0, r6
10007978:	60d3      	str	r3, [r2, #12]
1000797a:	609a      	str	r2, [r3, #8]
1000797c:	f000 fa58 	bl	10007e30 <__malloc_unlock>
10007980:	0038      	movs	r0, r7
10007982:	3008      	adds	r0, #8
10007984:	e653      	b.n	1000762e <_malloc_r+0x5a>
10007986:	002b      	movs	r3, r5
10007988:	08e9      	lsrs	r1, r5, #3
1000798a:	3308      	adds	r3, #8
1000798c:	e636      	b.n	100075fc <_malloc_r+0x28>
1000798e:	1961      	adds	r1, r4, r5
10007990:	4688      	mov	r8, r1
10007992:	2101      	movs	r1, #1
10007994:	468c      	mov	ip, r1
10007996:	430d      	orrs	r5, r1
10007998:	4641      	mov	r1, r8
1000799a:	6065      	str	r5, [r4, #4]
1000799c:	6139      	str	r1, [r7, #16]
1000799e:	6179      	str	r1, [r7, #20]
100079a0:	60ca      	str	r2, [r1, #12]
100079a2:	608a      	str	r2, [r1, #8]
100079a4:	4662      	mov	r2, ip
100079a6:	4302      	orrs	r2, r0
100079a8:	604a      	str	r2, [r1, #4]
100079aa:	50e0      	str	r0, [r4, r3]
100079ac:	0030      	movs	r0, r6
100079ae:	f000 fa3f 	bl	10007e30 <__malloc_unlock>
100079b2:	0020      	movs	r0, r4
100079b4:	3008      	adds	r0, #8
100079b6:	e63a      	b.n	1000762e <_malloc_r+0x5a>
100079b8:	099a      	lsrs	r2, r3, #6
100079ba:	0010      	movs	r0, r2
100079bc:	3239      	adds	r2, #57	@ 0x39
100079be:	3038      	adds	r0, #56	@ 0x38
100079c0:	4682      	mov	sl, r0
100079c2:	00d2      	lsls	r2, r2, #3
100079c4:	e77c      	b.n	100078c0 <_malloc_r+0x2ec>
100079c6:	42bc      	cmp	r4, r7
100079c8:	d014      	beq.n	100079f4 <_malloc_r+0x420>
100079ca:	68bc      	ldr	r4, [r7, #8]
100079cc:	6863      	ldr	r3, [r4, #4]
100079ce:	2203      	movs	r2, #3
100079d0:	4393      	bics	r3, r2
100079d2:	1b5a      	subs	r2, r3, r5
100079d4:	42ab      	cmp	r3, r5
100079d6:	d302      	bcc.n	100079de <_malloc_r+0x40a>
100079d8:	2a0f      	cmp	r2, #15
100079da:	dd00      	ble.n	100079de <_malloc_r+0x40a>
100079dc:	e74a      	b.n	10007874 <_malloc_r+0x2a0>
100079de:	0030      	movs	r0, r6
100079e0:	f000 fa26 	bl	10007e30 <__malloc_unlock>
100079e4:	2000      	movs	r0, #0
100079e6:	e622      	b.n	1000762e <_malloc_r+0x5a>
100079e8:	235b      	movs	r3, #91	@ 0x5b
100079ea:	4698      	mov	r8, r3
100079ec:	4488      	add	r8, r1
100079ee:	315c      	adds	r1, #92	@ 0x5c
100079f0:	00cb      	lsls	r3, r1, #3
100079f2:	e63d      	b.n	10007670 <_malloc_r+0x9c>
100079f4:	464b      	mov	r3, r9
100079f6:	6858      	ldr	r0, [r3, #4]
100079f8:	9b01      	ldr	r3, [sp, #4]
100079fa:	469c      	mov	ip, r3
100079fc:	464b      	mov	r3, r9
100079fe:	4460      	add	r0, ip
10007a00:	6058      	str	r0, [r3, #4]
10007a02:	9b03      	ldr	r3, [sp, #12]
10007a04:	1e59      	subs	r1, r3, #1
10007a06:	465b      	mov	r3, fp
10007a08:	681b      	ldr	r3, [r3, #0]
10007a0a:	3301      	adds	r3, #1
10007a0c:	d070      	beq.n	10007af0 <_malloc_r+0x51c>
10007a0e:	4643      	mov	r3, r8
10007a10:	9a02      	ldr	r2, [sp, #8]
10007a12:	1a9b      	subs	r3, r3, r2
10007a14:	464a      	mov	r2, r9
10007a16:	181b      	adds	r3, r3, r0
10007a18:	6053      	str	r3, [r2, #4]
10007a1a:	2307      	movs	r3, #7
10007a1c:	4642      	mov	r2, r8
10007a1e:	4640      	mov	r0, r8
10007a20:	401a      	ands	r2, r3
10007a22:	9202      	str	r2, [sp, #8]
10007a24:	4218      	tst	r0, r3
10007a26:	d040      	beq.n	10007aaa <_malloc_r+0x4d6>
10007a28:	9803      	ldr	r0, [sp, #12]
10007a2a:	3301      	adds	r3, #1
10007a2c:	4684      	mov	ip, r0
10007a2e:	1a9b      	subs	r3, r3, r2
10007a30:	9a01      	ldr	r2, [sp, #4]
10007a32:	4498      	add	r8, r3
10007a34:	4442      	add	r2, r8
10007a36:	9201      	str	r2, [sp, #4]
10007a38:	4463      	add	r3, ip
10007a3a:	400a      	ands	r2, r1
10007a3c:	1a9b      	subs	r3, r3, r2
10007a3e:	4019      	ands	r1, r3
10007a40:	0030      	movs	r0, r6
10007a42:	468b      	mov	fp, r1
10007a44:	f000 fa2c 	bl	10007ea0 <_sbrk_r>
10007a48:	1c43      	adds	r3, r0, #1
10007a4a:	d077      	beq.n	10007b3c <_malloc_r+0x568>
10007a4c:	4643      	mov	r3, r8
10007a4e:	1ac0      	subs	r0, r0, r3
10007a50:	0003      	movs	r3, r0
10007a52:	445b      	add	r3, fp
10007a54:	9301      	str	r3, [sp, #4]
10007a56:	464b      	mov	r3, r9
10007a58:	685a      	ldr	r2, [r3, #4]
10007a5a:	2001      	movs	r0, #1
10007a5c:	445a      	add	r2, fp
10007a5e:	605a      	str	r2, [r3, #4]
10007a60:	4643      	mov	r3, r8
10007a62:	4641      	mov	r1, r8
10007a64:	60bb      	str	r3, [r7, #8]
10007a66:	9b01      	ldr	r3, [sp, #4]
10007a68:	4303      	orrs	r3, r0
10007a6a:	604b      	str	r3, [r1, #4]
10007a6c:	42bc      	cmp	r4, r7
10007a6e:	d100      	bne.n	10007a72 <_malloc_r+0x49e>
10007a70:	e6ef      	b.n	10007852 <_malloc_r+0x27e>
10007a72:	4653      	mov	r3, sl
10007a74:	2b0f      	cmp	r3, #15
10007a76:	d93f      	bls.n	10007af8 <_malloc_r+0x524>
10007a78:	2107      	movs	r1, #7
10007a7a:	3b0c      	subs	r3, #12
10007a7c:	438b      	bics	r3, r1
10007a7e:	6861      	ldr	r1, [r4, #4]
10007a80:	4001      	ands	r1, r0
10007a82:	2005      	movs	r0, #5
10007a84:	4319      	orrs	r1, r3
10007a86:	6061      	str	r1, [r4, #4]
10007a88:	18e1      	adds	r1, r4, r3
10007a8a:	6048      	str	r0, [r1, #4]
10007a8c:	6088      	str	r0, [r1, #8]
10007a8e:	2b0f      	cmp	r3, #15
10007a90:	d849      	bhi.n	10007b26 <_malloc_r+0x552>
10007a92:	4643      	mov	r3, r8
10007a94:	685b      	ldr	r3, [r3, #4]
10007a96:	e6dc      	b.n	10007852 <_malloc_r+0x27e>
10007a98:	4653      	mov	r3, sl
10007a9a:	1098      	asrs	r0, r3, #2
10007a9c:	2301      	movs	r3, #1
10007a9e:	4083      	lsls	r3, r0
10007aa0:	4640      	mov	r0, r8
10007aa2:	4318      	orrs	r0, r3
10007aa4:	4680      	mov	r8, r0
10007aa6:	6078      	str	r0, [r7, #4]
10007aa8:	e727      	b.n	100078fa <_malloc_r+0x326>
10007aaa:	9b01      	ldr	r3, [sp, #4]
10007aac:	9a03      	ldr	r2, [sp, #12]
10007aae:	4443      	add	r3, r8
10007ab0:	400b      	ands	r3, r1
10007ab2:	1ad3      	subs	r3, r2, r3
10007ab4:	4019      	ands	r1, r3
10007ab6:	0030      	movs	r0, r6
10007ab8:	468b      	mov	fp, r1
10007aba:	f000 f9f1 	bl	10007ea0 <_sbrk_r>
10007abe:	1c43      	adds	r3, r0, #1
10007ac0:	d1c4      	bne.n	10007a4c <_malloc_r+0x478>
10007ac2:	2300      	movs	r3, #0
10007ac4:	469b      	mov	fp, r3
10007ac6:	e7c6      	b.n	10007a56 <_malloc_r+0x482>
10007ac8:	2a54      	cmp	r2, #84	@ 0x54
10007aca:	d817      	bhi.n	10007afc <_malloc_r+0x528>
10007acc:	0b1a      	lsrs	r2, r3, #12
10007ace:	0010      	movs	r0, r2
10007ad0:	326f      	adds	r2, #111	@ 0x6f
10007ad2:	306e      	adds	r0, #110	@ 0x6e
10007ad4:	4682      	mov	sl, r0
10007ad6:	00d2      	lsls	r2, r2, #3
10007ad8:	e6f2      	b.n	100078c0 <_malloc_r+0x2ec>
10007ada:	23aa      	movs	r3, #170	@ 0xaa
10007adc:	005b      	lsls	r3, r3, #1
10007ade:	4299      	cmp	r1, r3
10007ae0:	d817      	bhi.n	10007b12 <_malloc_r+0x53e>
10007ae2:	3bdd      	subs	r3, #221	@ 0xdd
10007ae4:	4698      	mov	r8, r3
10007ae6:	0be9      	lsrs	r1, r5, #15
10007ae8:	4488      	add	r8, r1
10007aea:	3178      	adds	r1, #120	@ 0x78
10007aec:	00cb      	lsls	r3, r1, #3
10007aee:	e5bf      	b.n	10007670 <_malloc_r+0x9c>
10007af0:	465b      	mov	r3, fp
10007af2:	4642      	mov	r2, r8
10007af4:	601a      	str	r2, [r3, #0]
10007af6:	e790      	b.n	10007a1a <_malloc_r+0x446>
10007af8:	6048      	str	r0, [r1, #4]
10007afa:	e770      	b.n	100079de <_malloc_r+0x40a>
10007afc:	20aa      	movs	r0, #170	@ 0xaa
10007afe:	0040      	lsls	r0, r0, #1
10007b00:	4282      	cmp	r2, r0
10007b02:	d826      	bhi.n	10007b52 <_malloc_r+0x57e>
10007b04:	0bda      	lsrs	r2, r3, #15
10007b06:	0010      	movs	r0, r2
10007b08:	3278      	adds	r2, #120	@ 0x78
10007b0a:	3077      	adds	r0, #119	@ 0x77
10007b0c:	4682      	mov	sl, r0
10007b0e:	00d2      	lsls	r2, r2, #3
10007b10:	e6d6      	b.n	100078c0 <_malloc_r+0x2ec>
10007b12:	4b1c      	ldr	r3, [pc, #112]	@ (10007b84 <_malloc_r+0x5b0>)
10007b14:	4299      	cmp	r1, r3
10007b16:	d826      	bhi.n	10007b66 <_malloc_r+0x592>
10007b18:	237c      	movs	r3, #124	@ 0x7c
10007b1a:	4698      	mov	r8, r3
10007b1c:	0ca9      	lsrs	r1, r5, #18
10007b1e:	4488      	add	r8, r1
10007b20:	317d      	adds	r1, #125	@ 0x7d
10007b22:	00cb      	lsls	r3, r1, #3
10007b24:	e5a4      	b.n	10007670 <_malloc_r+0x9c>
10007b26:	0021      	movs	r1, r4
10007b28:	0030      	movs	r0, r6
10007b2a:	3108      	adds	r1, #8
10007b2c:	f000 f886 	bl	10007c3c <_free_r>
10007b30:	464b      	mov	r3, r9
10007b32:	685a      	ldr	r2, [r3, #4]
10007b34:	68bb      	ldr	r3, [r7, #8]
10007b36:	4698      	mov	r8, r3
10007b38:	685b      	ldr	r3, [r3, #4]
10007b3a:	e68a      	b.n	10007852 <_malloc_r+0x27e>
10007b3c:	9a01      	ldr	r2, [sp, #4]
10007b3e:	9b02      	ldr	r3, [sp, #8]
10007b40:	4694      	mov	ip, r2
10007b42:	4642      	mov	r2, r8
10007b44:	3b08      	subs	r3, #8
10007b46:	4463      	add	r3, ip
10007b48:	1a9b      	subs	r3, r3, r2
10007b4a:	9301      	str	r3, [sp, #4]
10007b4c:	2300      	movs	r3, #0
10007b4e:	469b      	mov	fp, r3
10007b50:	e781      	b.n	10007a56 <_malloc_r+0x482>
10007b52:	480c      	ldr	r0, [pc, #48]	@ (10007b84 <_malloc_r+0x5b0>)
10007b54:	4282      	cmp	r2, r0
10007b56:	d80c      	bhi.n	10007b72 <_malloc_r+0x59e>
10007b58:	0c9a      	lsrs	r2, r3, #18
10007b5a:	0010      	movs	r0, r2
10007b5c:	327d      	adds	r2, #125	@ 0x7d
10007b5e:	307c      	adds	r0, #124	@ 0x7c
10007b60:	4682      	mov	sl, r0
10007b62:	00d2      	lsls	r2, r2, #3
10007b64:	e6ac      	b.n	100078c0 <_malloc_r+0x2ec>
10007b66:	23fe      	movs	r3, #254	@ 0xfe
10007b68:	227e      	movs	r2, #126	@ 0x7e
10007b6a:	217f      	movs	r1, #127	@ 0x7f
10007b6c:	4690      	mov	r8, r2
10007b6e:	009b      	lsls	r3, r3, #2
10007b70:	e57e      	b.n	10007670 <_malloc_r+0x9c>
10007b72:	22fe      	movs	r2, #254	@ 0xfe
10007b74:	207e      	movs	r0, #126	@ 0x7e
10007b76:	0092      	lsls	r2, r2, #2
10007b78:	4682      	mov	sl, r0
10007b7a:	e6a1      	b.n	100078c0 <_malloc_r+0x2ec>
10007b7c:	4643      	mov	r3, r8
10007b7e:	685b      	ldr	r3, [r3, #4]
10007b80:	e600      	b.n	10007784 <_malloc_r+0x1b0>
10007b82:	46c0      	nop			@ (mov r8, r8)
10007b84:	00000554 	.word	0x00000554

10007b88 <_malloc_trim_r>:
10007b88:	b5f0      	push	{r4, r5, r6, r7, lr}
10007b8a:	46c6      	mov	lr, r8
10007b8c:	0006      	movs	r6, r0
10007b8e:	b500      	push	{lr}
10007b90:	2008      	movs	r0, #8
10007b92:	000d      	movs	r5, r1
10007b94:	f000 f93c 	bl	10007e10 <sysconf>
10007b98:	0004      	movs	r4, r0
10007b9a:	0030      	movs	r0, r6
10007b9c:	f000 f946 	bl	10007e2c <__malloc_lock>
10007ba0:	4b23      	ldr	r3, [pc, #140]	@ (10007c30 <_malloc_trim_r+0xa8>)
10007ba2:	0021      	movs	r1, r4
10007ba4:	4698      	mov	r8, r3
10007ba6:	689b      	ldr	r3, [r3, #8]
10007ba8:	685f      	ldr	r7, [r3, #4]
10007baa:	2303      	movs	r3, #3
10007bac:	439f      	bics	r7, r3
10007bae:	0038      	movs	r0, r7
10007bb0:	3811      	subs	r0, #17
10007bb2:	1b40      	subs	r0, r0, r5
10007bb4:	1900      	adds	r0, r0, r4
10007bb6:	f7fa fcfd 	bl	100025b4 <__wrap___aeabi_uidiv>
10007bba:	1e45      	subs	r5, r0, #1
10007bbc:	4365      	muls	r5, r4
10007bbe:	42ac      	cmp	r4, r5
10007bc0:	dc08      	bgt.n	10007bd4 <_malloc_trim_r+0x4c>
10007bc2:	2100      	movs	r1, #0
10007bc4:	0030      	movs	r0, r6
10007bc6:	f000 f96b 	bl	10007ea0 <_sbrk_r>
10007bca:	4643      	mov	r3, r8
10007bcc:	689b      	ldr	r3, [r3, #8]
10007bce:	19db      	adds	r3, r3, r7
10007bd0:	4298      	cmp	r0, r3
10007bd2:	d006      	beq.n	10007be2 <_malloc_trim_r+0x5a>
10007bd4:	0030      	movs	r0, r6
10007bd6:	f000 f92b 	bl	10007e30 <__malloc_unlock>
10007bda:	2000      	movs	r0, #0
10007bdc:	bc80      	pop	{r7}
10007bde:	46b8      	mov	r8, r7
10007be0:	bdf0      	pop	{r4, r5, r6, r7, pc}
10007be2:	0030      	movs	r0, r6
10007be4:	4269      	negs	r1, r5
10007be6:	f000 f95b 	bl	10007ea0 <_sbrk_r>
10007bea:	3001      	adds	r0, #1
10007bec:	d00e      	beq.n	10007c0c <_malloc_trim_r+0x84>
10007bee:	2201      	movs	r2, #1
10007bf0:	4643      	mov	r3, r8
10007bf2:	1b7f      	subs	r7, r7, r5
10007bf4:	689b      	ldr	r3, [r3, #8]
10007bf6:	4317      	orrs	r7, r2
10007bf8:	4a0e      	ldr	r2, [pc, #56]	@ (10007c34 <_malloc_trim_r+0xac>)
10007bfa:	605f      	str	r7, [r3, #4]
10007bfc:	6813      	ldr	r3, [r2, #0]
10007bfe:	0030      	movs	r0, r6
10007c00:	1b5b      	subs	r3, r3, r5
10007c02:	6013      	str	r3, [r2, #0]
10007c04:	f000 f914 	bl	10007e30 <__malloc_unlock>
10007c08:	2001      	movs	r0, #1
10007c0a:	e7e7      	b.n	10007bdc <_malloc_trim_r+0x54>
10007c0c:	2100      	movs	r1, #0
10007c0e:	0030      	movs	r0, r6
10007c10:	f000 f946 	bl	10007ea0 <_sbrk_r>
10007c14:	4643      	mov	r3, r8
10007c16:	689a      	ldr	r2, [r3, #8]
10007c18:	1a83      	subs	r3, r0, r2
10007c1a:	2b0f      	cmp	r3, #15
10007c1c:	ddda      	ble.n	10007bd4 <_malloc_trim_r+0x4c>
10007c1e:	4c06      	ldr	r4, [pc, #24]	@ (10007c38 <_malloc_trim_r+0xb0>)
10007c20:	4904      	ldr	r1, [pc, #16]	@ (10007c34 <_malloc_trim_r+0xac>)
10007c22:	6824      	ldr	r4, [r4, #0]
10007c24:	1b00      	subs	r0, r0, r4
10007c26:	6008      	str	r0, [r1, #0]
10007c28:	2101      	movs	r1, #1
10007c2a:	430b      	orrs	r3, r1
10007c2c:	6053      	str	r3, [r2, #4]
10007c2e:	e7d1      	b.n	10007bd4 <_malloc_trim_r+0x4c>
10007c30:	20000de0 	.word	0x20000de0
10007c34:	20001398 	.word	0x20001398
10007c38:	20000dd8 	.word	0x20000dd8

10007c3c <_free_r>:
10007c3c:	b5f8      	push	{r3, r4, r5, r6, r7, lr}
10007c3e:	46ce      	mov	lr, r9
10007c40:	4647      	mov	r7, r8
10007c42:	0005      	movs	r5, r0
10007c44:	000c      	movs	r4, r1
10007c46:	b580      	push	{r7, lr}
10007c48:	2900      	cmp	r1, #0
10007c4a:	d057      	beq.n	10007cfc <_free_r+0xc0>
10007c4c:	f000 f8ee 	bl	10007e2c <__malloc_lock>
10007c50:	2301      	movs	r3, #1
10007c52:	0021      	movs	r1, r4
10007c54:	469c      	mov	ip, r3
10007c56:	3908      	subs	r1, #8
10007c58:	6848      	ldr	r0, [r1, #4]
10007c5a:	4662      	mov	r2, ip
10007c5c:	0003      	movs	r3, r0
10007c5e:	2403      	movs	r4, #3
10007c60:	4393      	bics	r3, r2
10007c62:	18cf      	adds	r7, r1, r3
10007c64:	687a      	ldr	r2, [r7, #4]
10007c66:	4e65      	ldr	r6, [pc, #404]	@ (10007dfc <_free_r+0x1c0>)
10007c68:	43a2      	bics	r2, r4
10007c6a:	68b4      	ldr	r4, [r6, #8]
10007c6c:	42bc      	cmp	r4, r7
10007c6e:	d100      	bne.n	10007c72 <_free_r+0x36>
10007c70:	e070      	b.n	10007d54 <_free_r+0x118>
10007c72:	18bc      	adds	r4, r7, r2
10007c74:	46a1      	mov	r9, r4
10007c76:	4664      	mov	r4, ip
10007c78:	607a      	str	r2, [r7, #4]
10007c7a:	4204      	tst	r4, r0
10007c7c:	d121      	bne.n	10007cc2 <_free_r+0x86>
10007c7e:	6808      	ldr	r0, [r1, #0]
10007c80:	1a09      	subs	r1, r1, r0
10007c82:	181b      	adds	r3, r3, r0
10007c84:	6888      	ldr	r0, [r1, #8]
10007c86:	4680      	mov	r8, r0
10007c88:	4648      	mov	r0, r9
10007c8a:	6840      	ldr	r0, [r0, #4]
10007c8c:	4020      	ands	r0, r4
10007c8e:	0034      	movs	r4, r6
10007c90:	3408      	adds	r4, #8
10007c92:	4681      	mov	r9, r0
10007c94:	45a0      	cmp	r8, r4
10007c96:	d051      	beq.n	10007d3c <_free_r+0x100>
10007c98:	4640      	mov	r0, r8
10007c9a:	68cc      	ldr	r4, [r1, #12]
10007c9c:	60c4      	str	r4, [r0, #12]
10007c9e:	60a0      	str	r0, [r4, #8]
10007ca0:	4648      	mov	r0, r9
10007ca2:	2800      	cmp	r0, #0
10007ca4:	d111      	bne.n	10007cca <_free_r+0x8e>
10007ca6:	189b      	adds	r3, r3, r2
10007ca8:	4855      	ldr	r0, [pc, #340]	@ (10007e00 <_free_r+0x1c4>)
10007caa:	68ba      	ldr	r2, [r7, #8]
10007cac:	4282      	cmp	r2, r0
10007cae:	d100      	bne.n	10007cb2 <_free_r+0x76>
10007cb0:	e07f      	b.n	10007db2 <_free_r+0x176>
10007cb2:	68f8      	ldr	r0, [r7, #12]
10007cb4:	60d0      	str	r0, [r2, #12]
10007cb6:	6082      	str	r2, [r0, #8]
10007cb8:	2201      	movs	r2, #1
10007cba:	431a      	orrs	r2, r3
10007cbc:	604a      	str	r2, [r1, #4]
10007cbe:	50cb      	str	r3, [r1, r3]
10007cc0:	e007      	b.n	10007cd2 <_free_r+0x96>
10007cc2:	4648      	mov	r0, r9
10007cc4:	6840      	ldr	r0, [r0, #4]
10007cc6:	4220      	tst	r0, r4
10007cc8:	d0ed      	beq.n	10007ca6 <_free_r+0x6a>
10007cca:	4662      	mov	r2, ip
10007ccc:	431a      	orrs	r2, r3
10007cce:	604a      	str	r2, [r1, #4]
10007cd0:	603b      	str	r3, [r7, #0]
10007cd2:	2280      	movs	r2, #128	@ 0x80
10007cd4:	0092      	lsls	r2, r2, #2
10007cd6:	4293      	cmp	r3, r2
10007cd8:	d214      	bcs.n	10007d04 <_free_r+0xc8>
10007cda:	08da      	lsrs	r2, r3, #3
10007cdc:	0958      	lsrs	r0, r3, #5
10007cde:	2301      	movs	r3, #1
10007ce0:	4083      	lsls	r3, r0
10007ce2:	6870      	ldr	r0, [r6, #4]
10007ce4:	4303      	orrs	r3, r0
10007ce6:	6073      	str	r3, [r6, #4]
10007ce8:	00d3      	lsls	r3, r2, #3
10007cea:	199b      	adds	r3, r3, r6
10007cec:	689a      	ldr	r2, [r3, #8]
10007cee:	60cb      	str	r3, [r1, #12]
10007cf0:	608a      	str	r2, [r1, #8]
10007cf2:	6099      	str	r1, [r3, #8]
10007cf4:	60d1      	str	r1, [r2, #12]
10007cf6:	0028      	movs	r0, r5
10007cf8:	f000 f89a 	bl	10007e30 <__malloc_unlock>
10007cfc:	bcc0      	pop	{r6, r7}
10007cfe:	46b9      	mov	r9, r7
10007d00:	46b0      	mov	r8, r6
10007d02:	bdf8      	pop	{r3, r4, r5, r6, r7, pc}
10007d04:	0a5c      	lsrs	r4, r3, #9
10007d06:	2c04      	cmp	r4, #4
10007d08:	d83d      	bhi.n	10007d86 <_free_r+0x14a>
10007d0a:	099c      	lsrs	r4, r3, #6
10007d0c:	0020      	movs	r0, r4
10007d0e:	3439      	adds	r4, #57	@ 0x39
10007d10:	3038      	adds	r0, #56	@ 0x38
10007d12:	00e4      	lsls	r4, r4, #3
10007d14:	1934      	adds	r4, r6, r4
10007d16:	6822      	ldr	r2, [r4, #0]
10007d18:	3c08      	subs	r4, #8
10007d1a:	2703      	movs	r7, #3
10007d1c:	4294      	cmp	r4, r2
10007d1e:	d103      	bne.n	10007d28 <_free_r+0xec>
10007d20:	e040      	b.n	10007da4 <_free_r+0x168>
10007d22:	6892      	ldr	r2, [r2, #8]
10007d24:	4294      	cmp	r4, r2
10007d26:	d003      	beq.n	10007d30 <_free_r+0xf4>
10007d28:	6850      	ldr	r0, [r2, #4]
10007d2a:	43b8      	bics	r0, r7
10007d2c:	4298      	cmp	r0, r3
10007d2e:	d8f8      	bhi.n	10007d22 <_free_r+0xe6>
10007d30:	68d4      	ldr	r4, [r2, #12]
10007d32:	60cc      	str	r4, [r1, #12]
10007d34:	608a      	str	r2, [r1, #8]
10007d36:	60a1      	str	r1, [r4, #8]
10007d38:	60d1      	str	r1, [r2, #12]
10007d3a:	e7dc      	b.n	10007cf6 <_free_r+0xba>
10007d3c:	2800      	cmp	r0, #0
10007d3e:	d158      	bne.n	10007df2 <_free_r+0x1b6>
10007d40:	68b8      	ldr	r0, [r7, #8]
10007d42:	18d2      	adds	r2, r2, r3
10007d44:	68fb      	ldr	r3, [r7, #12]
10007d46:	60c3      	str	r3, [r0, #12]
10007d48:	6098      	str	r0, [r3, #8]
10007d4a:	4663      	mov	r3, ip
10007d4c:	4313      	orrs	r3, r2
10007d4e:	604b      	str	r3, [r1, #4]
10007d50:	508a      	str	r2, [r1, r2]
10007d52:	e7d0      	b.n	10007cf6 <_free_r+0xba>
10007d54:	189a      	adds	r2, r3, r2
10007d56:	4663      	mov	r3, ip
10007d58:	4203      	tst	r3, r0
10007d5a:	d106      	bne.n	10007d6a <_free_r+0x12e>
10007d5c:	680b      	ldr	r3, [r1, #0]
10007d5e:	1ac9      	subs	r1, r1, r3
10007d60:	6888      	ldr	r0, [r1, #8]
10007d62:	18d2      	adds	r2, r2, r3
10007d64:	68cb      	ldr	r3, [r1, #12]
10007d66:	60c3      	str	r3, [r0, #12]
10007d68:	6098      	str	r0, [r3, #8]
10007d6a:	2301      	movs	r3, #1
10007d6c:	4313      	orrs	r3, r2
10007d6e:	604b      	str	r3, [r1, #4]
10007d70:	4b24      	ldr	r3, [pc, #144]	@ (10007e04 <_free_r+0x1c8>)
10007d72:	60b1      	str	r1, [r6, #8]
10007d74:	681b      	ldr	r3, [r3, #0]
10007d76:	4293      	cmp	r3, r2
10007d78:	d8bd      	bhi.n	10007cf6 <_free_r+0xba>
10007d7a:	4b23      	ldr	r3, [pc, #140]	@ (10007e08 <_free_r+0x1cc>)
10007d7c:	0028      	movs	r0, r5
10007d7e:	6819      	ldr	r1, [r3, #0]
10007d80:	f7ff ff02 	bl	10007b88 <_malloc_trim_r>
10007d84:	e7b7      	b.n	10007cf6 <_free_r+0xba>
10007d86:	2c14      	cmp	r4, #20
10007d88:	d907      	bls.n	10007d9a <_free_r+0x15e>
10007d8a:	2c54      	cmp	r4, #84	@ 0x54
10007d8c:	d81a      	bhi.n	10007dc4 <_free_r+0x188>
10007d8e:	0b1c      	lsrs	r4, r3, #12
10007d90:	0020      	movs	r0, r4
10007d92:	346f      	adds	r4, #111	@ 0x6f
10007d94:	306e      	adds	r0, #110	@ 0x6e
10007d96:	00e4      	lsls	r4, r4, #3
10007d98:	e7bc      	b.n	10007d14 <_free_r+0xd8>
10007d9a:	0020      	movs	r0, r4
10007d9c:	345c      	adds	r4, #92	@ 0x5c
10007d9e:	305b      	adds	r0, #91	@ 0x5b
10007da0:	00e4      	lsls	r4, r4, #3
10007da2:	e7b7      	b.n	10007d14 <_free_r+0xd8>
10007da4:	2301      	movs	r3, #1
10007da6:	1080      	asrs	r0, r0, #2
10007da8:	4083      	lsls	r3, r0
10007daa:	6870      	ldr	r0, [r6, #4]
10007dac:	4303      	orrs	r3, r0
10007dae:	6073      	str	r3, [r6, #4]
10007db0:	e7bf      	b.n	10007d32 <_free_r+0xf6>
10007db2:	60d1      	str	r1, [r2, #12]
10007db4:	6091      	str	r1, [r2, #8]
10007db6:	60ca      	str	r2, [r1, #12]
10007db8:	608a      	str	r2, [r1, #8]
10007dba:	2201      	movs	r2, #1
10007dbc:	431a      	orrs	r2, r3
10007dbe:	604a      	str	r2, [r1, #4]
10007dc0:	50cb      	str	r3, [r1, r3]
10007dc2:	e798      	b.n	10007cf6 <_free_r+0xba>
10007dc4:	22aa      	movs	r2, #170	@ 0xaa
10007dc6:	0052      	lsls	r2, r2, #1
10007dc8:	4294      	cmp	r4, r2
10007dca:	d805      	bhi.n	10007dd8 <_free_r+0x19c>
10007dcc:	0bdc      	lsrs	r4, r3, #15
10007dce:	0020      	movs	r0, r4
10007dd0:	3478      	adds	r4, #120	@ 0x78
10007dd2:	3077      	adds	r0, #119	@ 0x77
10007dd4:	00e4      	lsls	r4, r4, #3
10007dd6:	e79d      	b.n	10007d14 <_free_r+0xd8>
10007dd8:	4a0c      	ldr	r2, [pc, #48]	@ (10007e0c <_free_r+0x1d0>)
10007dda:	4294      	cmp	r4, r2
10007ddc:	d805      	bhi.n	10007dea <_free_r+0x1ae>
10007dde:	0c9c      	lsrs	r4, r3, #18
10007de0:	0020      	movs	r0, r4
10007de2:	347d      	adds	r4, #125	@ 0x7d
10007de4:	307c      	adds	r0, #124	@ 0x7c
10007de6:	00e4      	lsls	r4, r4, #3
10007de8:	e794      	b.n	10007d14 <_free_r+0xd8>
10007dea:	24fe      	movs	r4, #254	@ 0xfe
10007dec:	207e      	movs	r0, #126	@ 0x7e
10007dee:	00a4      	lsls	r4, r4, #2
10007df0:	e790      	b.n	10007d14 <_free_r+0xd8>
10007df2:	4662      	mov	r2, ip
10007df4:	431a      	orrs	r2, r3
10007df6:	604a      	str	r2, [r1, #4]
10007df8:	603b      	str	r3, [r7, #0]
10007dfa:	e77c      	b.n	10007cf6 <_free_r+0xba>
10007dfc:	20000de0 	.word	0x20000de0
10007e00:	20000de8 	.word	0x20000de8
10007e04:	20000ddc 	.word	0x20000ddc
10007e08:	20001394 	.word	0x20001394
10007e0c:	00000554 	.word	0x00000554

10007e10 <sysconf>:
10007e10:	2380      	movs	r3, #128	@ 0x80
10007e12:	b510      	push	{r4, lr}
10007e14:	015b      	lsls	r3, r3, #5
10007e16:	2808      	cmp	r0, #8
10007e18:	d101      	bne.n	10007e1e <sysconf+0xe>
10007e1a:	0018      	movs	r0, r3
10007e1c:	bd10      	pop	{r4, pc}
10007e1e:	f000 f865 	bl	10007eec <__errno>
10007e22:	2316      	movs	r3, #22
10007e24:	6003      	str	r3, [r0, #0]
10007e26:	3b17      	subs	r3, #23
10007e28:	e7f7      	b.n	10007e1a <sysconf+0xa>
10007e2a:	46c0      	nop			@ (mov r8, r8)

10007e2c <__malloc_lock>:
10007e2c:	4770      	bx	lr
10007e2e:	46c0      	nop			@ (mov r8, r8)

10007e30 <__malloc_unlock>:
10007e30:	4770      	bx	lr
10007e32:	46c0      	nop			@ (mov r8, r8)

10007e34 <atexit>:
10007e34:	b510      	push	{r4, lr}
10007e36:	0001      	movs	r1, r0
10007e38:	2300      	movs	r3, #0
10007e3a:	2200      	movs	r2, #0
10007e3c:	2000      	movs	r0, #0
10007e3e:	f000 f85b 	bl	10007ef8 <__register_exitproc>
10007e42:	bd10      	pop	{r4, pc}

10007e44 <strlen>:
10007e44:	b510      	push	{r4, lr}
10007e46:	0783      	lsls	r3, r0, #30
10007e48:	d00a      	beq.n	10007e60 <strlen+0x1c>
10007e4a:	0003      	movs	r3, r0
10007e4c:	2103      	movs	r1, #3
10007e4e:	e002      	b.n	10007e56 <strlen+0x12>
10007e50:	3301      	adds	r3, #1
10007e52:	420b      	tst	r3, r1
10007e54:	d005      	beq.n	10007e62 <strlen+0x1e>
10007e56:	781a      	ldrb	r2, [r3, #0]
10007e58:	2a00      	cmp	r2, #0
10007e5a:	d1f9      	bne.n	10007e50 <strlen+0xc>
10007e5c:	1a18      	subs	r0, r3, r0
10007e5e:	bd10      	pop	{r4, pc}
10007e60:	0003      	movs	r3, r0
10007e62:	6819      	ldr	r1, [r3, #0]
10007e64:	4a0c      	ldr	r2, [pc, #48]	@ (10007e98 <strlen+0x54>)
10007e66:	4c0d      	ldr	r4, [pc, #52]	@ (10007e9c <strlen+0x58>)
10007e68:	188a      	adds	r2, r1, r2
10007e6a:	438a      	bics	r2, r1
10007e6c:	4222      	tst	r2, r4
10007e6e:	d10f      	bne.n	10007e90 <strlen+0x4c>
10007e70:	6859      	ldr	r1, [r3, #4]
10007e72:	4a09      	ldr	r2, [pc, #36]	@ (10007e98 <strlen+0x54>)
10007e74:	3304      	adds	r3, #4
10007e76:	188a      	adds	r2, r1, r2
10007e78:	438a      	bics	r2, r1
10007e7a:	4222      	tst	r2, r4
10007e7c:	d108      	bne.n	10007e90 <strlen+0x4c>
10007e7e:	6859      	ldr	r1, [r3, #4]
10007e80:	4a05      	ldr	r2, [pc, #20]	@ (10007e98 <strlen+0x54>)
10007e82:	3304      	adds	r3, #4
10007e84:	188a      	adds	r2, r1, r2
10007e86:	438a      	bics	r2, r1
10007e88:	4222      	tst	r2, r4
10007e8a:	d0f1      	beq.n	10007e70 <strlen+0x2c>
10007e8c:	e000      	b.n	10007e90 <strlen+0x4c>
10007e8e:	3301      	adds	r3, #1
10007e90:	781a      	ldrb	r2, [r3, #0]
10007e92:	2a00      	cmp	r2, #0
10007e94:	d1fb      	bne.n	10007e8e <strlen+0x4a>
10007e96:	e7e1      	b.n	10007e5c <strlen+0x18>
10007e98:	fefefeff 	.word	0xfefefeff
10007e9c:	80808080 	.word	0x80808080

10007ea0 <_sbrk_r>:
10007ea0:	2300      	movs	r3, #0
10007ea2:	b570      	push	{r4, r5, r6, lr}
10007ea4:	4c06      	ldr	r4, [pc, #24]	@ (10007ec0 <_sbrk_r+0x20>)
10007ea6:	0005      	movs	r5, r0
10007ea8:	0008      	movs	r0, r1
10007eaa:	6023      	str	r3, [r4, #0]
10007eac:	f7fc f88a 	bl	10003fc4 <_sbrk>
10007eb0:	1c43      	adds	r3, r0, #1
10007eb2:	d000      	beq.n	10007eb6 <_sbrk_r+0x16>
10007eb4:	bd70      	pop	{r4, r5, r6, pc}
10007eb6:	6823      	ldr	r3, [r4, #0]
10007eb8:	2b00      	cmp	r3, #0
10007eba:	d0fb      	beq.n	10007eb4 <_sbrk_r+0x14>
10007ebc:	602b      	str	r3, [r5, #0]
10007ebe:	e7f9      	b.n	10007eb4 <_sbrk_r+0x14>
10007ec0:	20001504 	.word	0x20001504

10007ec4 <__libc_fini_array>:
10007ec4:	b570      	push	{r4, r5, r6, lr}
10007ec6:	4c07      	ldr	r4, [pc, #28]	@ (10007ee4 <__libc_fini_array+0x20>)
10007ec8:	4d07      	ldr	r5, [pc, #28]	@ (10007ee8 <__libc_fini_array+0x24>)
10007eca:	1b64      	subs	r4, r4, r5
10007ecc:	10a4      	asrs	r4, r4, #2
10007ece:	d005      	beq.n	10007edc <__libc_fini_array+0x18>
10007ed0:	3c01      	subs	r4, #1
10007ed2:	00a3      	lsls	r3, r4, #2
10007ed4:	58eb      	ldr	r3, [r5, r3]
10007ed6:	4798      	blx	r3
10007ed8:	2c00      	cmp	r4, #0
10007eda:	d1f9      	bne.n	10007ed0 <__libc_fini_array+0xc>
10007edc:	f000 f854 	bl	10007f88 <_fini>
10007ee0:	bd70      	pop	{r4, r5, r6, pc}
10007ee2:	46c0      	nop			@ (mov r8, r8)
10007ee4:	100080a8 	.word	0x100080a8
10007ee8:	100080a8 	.word	0x100080a8

10007eec <__errno>:
10007eec:	4b01      	ldr	r3, [pc, #4]	@ (10007ef4 <__errno+0x8>)
10007eee:	6818      	ldr	r0, [r3, #0]
10007ef0:	4770      	bx	lr
10007ef2:	46c0      	nop			@ (mov r8, r8)
10007ef4:	20000cb0 	.word	0x20000cb0

10007ef8 <__register_exitproc>:
10007ef8:	b5f0      	push	{r4, r5, r6, r7, lr}
10007efa:	46c6      	mov	lr, r8
10007efc:	4c1a      	ldr	r4, [pc, #104]	@ (10007f68 <__register_exitproc+0x70>)
10007efe:	b500      	push	{lr}
10007f00:	6825      	ldr	r5, [r4, #0]
10007f02:	2d00      	cmp	r5, #0
10007f04:	d02a      	beq.n	10007f5c <__register_exitproc+0x64>
10007f06:	686c      	ldr	r4, [r5, #4]
10007f08:	2c1f      	cmp	r4, #31
10007f0a:	dc2a      	bgt.n	10007f62 <__register_exitproc+0x6a>
10007f0c:	2800      	cmp	r0, #0
10007f0e:	d108      	bne.n	10007f22 <__register_exitproc+0x2a>
10007f10:	2000      	movs	r0, #0
10007f12:	1c63      	adds	r3, r4, #1
10007f14:	3402      	adds	r4, #2
10007f16:	00a4      	lsls	r4, r4, #2
10007f18:	606b      	str	r3, [r5, #4]
10007f1a:	5161      	str	r1, [r4, r5]
10007f1c:	bc80      	pop	{r7}
10007f1e:	46b8      	mov	r8, r7
10007f20:	bdf0      	pop	{r4, r5, r6, r7, pc}
10007f22:	2788      	movs	r7, #136	@ 0x88
10007f24:	00a6      	lsls	r6, r4, #2
10007f26:	19ae      	adds	r6, r5, r6
10007f28:	51f2      	str	r2, [r6, r7]
10007f2a:	3701      	adds	r7, #1
10007f2c:	37ff      	adds	r7, #255	@ 0xff
10007f2e:	46bc      	mov	ip, r7
10007f30:	2201      	movs	r2, #1
10007f32:	44ac      	add	ip, r5
10007f34:	4667      	mov	r7, ip
10007f36:	40a2      	lsls	r2, r4
10007f38:	683f      	ldr	r7, [r7, #0]
10007f3a:	4690      	mov	r8, r2
10007f3c:	4317      	orrs	r7, r2
10007f3e:	4662      	mov	r2, ip
10007f40:	6017      	str	r7, [r2, #0]
10007f42:	2784      	movs	r7, #132	@ 0x84
10007f44:	007f      	lsls	r7, r7, #1
10007f46:	51f3      	str	r3, [r6, r7]
10007f48:	2802      	cmp	r0, #2
10007f4a:	d1e1      	bne.n	10007f10 <__register_exitproc+0x18>
10007f4c:	0028      	movs	r0, r5
10007f4e:	4642      	mov	r2, r8
10007f50:	308d      	adds	r0, #141	@ 0x8d
10007f52:	30ff      	adds	r0, #255	@ 0xff
10007f54:	6803      	ldr	r3, [r0, #0]
10007f56:	4313      	orrs	r3, r2
10007f58:	6003      	str	r3, [r0, #0]
10007f5a:	e7d9      	b.n	10007f10 <__register_exitproc+0x18>
10007f5c:	4d03      	ldr	r5, [pc, #12]	@ (10007f6c <__register_exitproc+0x74>)
10007f5e:	6025      	str	r5, [r4, #0]
10007f60:	e7d1      	b.n	10007f06 <__register_exitproc+0xe>
10007f62:	2001      	movs	r0, #1
10007f64:	4240      	negs	r0, r0
10007f66:	e7d9      	b.n	10007f1c <__register_exitproc+0x24>
10007f68:	20001698 	.word	0x20001698
10007f6c:	20001508 	.word	0x20001508

10007f70 <register_fini>:
10007f70:	4b03      	ldr	r3, [pc, #12]	@ (10007f80 <register_fini+0x10>)
10007f72:	b510      	push	{r4, lr}
10007f74:	2b00      	cmp	r3, #0
10007f76:	d002      	beq.n	10007f7e <register_fini+0xe>
10007f78:	4802      	ldr	r0, [pc, #8]	@ (10007f84 <register_fini+0x14>)
10007f7a:	f7ff ff5b 	bl	10007e34 <atexit>
10007f7e:	bd10      	pop	{r4, pc}
10007f80:	00000000 	.word	0x00000000
10007f84:	10007ec5 	.word	0x10007ec5

10007f88 <_fini>:
10007f88:	b5f8      	push	{r3, r4, r5, r6, r7, lr}
10007f8a:	46c0      	nop			@ (mov r8, r8)
10007f8c:	0000      	movs	r0, r0
	...

10007f90 <__flash_do_cmd_veneer>:
10007f90:	b401      	push	{r0}
10007f92:	4802      	ldr	r0, [pc, #8]	@ (10007f9c <__flash_do_cmd_veneer+0xc>)
10007f94:	4684      	mov	ip, r0
10007f96:	bc01      	pop	{r0}
10007f98:	4760      	bx	ip
10007f9a:	bf00      	nop
10007f9c:	200002b9 	.word	0x200002b9

10007fa0 <__mutex_exit_veneer>:
10007fa0:	b401      	push	{r0}
10007fa2:	4802      	ldr	r0, [pc, #8]	@ (10007fac <__mutex_exit_veneer+0xc>)
10007fa4:	4684      	mov	ip, r0
10007fa6:	bc01      	pop	{r0}
10007fa8:	4760      	bx	ip
10007faa:	bf00      	nop
10007fac:	20000209 	.word	0x20000209

10007fb0 <____aeabi_ldiv0_veneer>:
10007fb0:	b401      	push	{r0}
10007fb2:	4802      	ldr	r0, [pc, #8]	@ (10007fbc <____aeabi_ldiv0_veneer+0xc>)
10007fb4:	4684      	mov	ip, r0
10007fb6:	bc01      	pop	{r0}
10007fb8:	4760      	bx	ip
10007fba:	bf00      	nop
10007fbc:	20000b05 	.word	0x20000b05

10007fc0 <__e15_is_bulkin_ep_veneer>:
10007fc0:	b401      	push	{r0}
10007fc2:	4802      	ldr	r0, [pc, #8]	@ (10007fcc <__e15_is_bulkin_ep_veneer+0xc>)
10007fc4:	4684      	mov	ip, r0
10007fc6:	bc01      	pop	{r0}
10007fc8:	4760      	bx	ip
10007fca:	bf00      	nop
10007fcc:	2000070d 	.word	0x2000070d

10007fd0 <____aeabi_idiv0_veneer>:
10007fd0:	b401      	push	{r0}
10007fd2:	4802      	ldr	r0, [pc, #8]	@ (10007fdc <____aeabi_idiv0_veneer+0xc>)
10007fd4:	4684      	mov	ip, r0
10007fd6:	bc01      	pop	{r0}
10007fd8:	4760      	bx	ip
10007fda:	bf00      	nop
10007fdc:	20000b05 	.word	0x20000b05

10007fe0 <__mutex_try_enter_veneer>:
10007fe0:	b401      	push	{r0}
10007fe2:	4802      	ldr	r0, [pc, #8]	@ (10007fec <__mutex_try_enter_veneer+0xc>)
10007fe4:	4684      	mov	ip, r0
10007fe6:	bc01      	pop	{r0}
10007fe8:	4760      	bx	ip
10007fea:	bf00      	nop
10007fec:	200000c1 	.word	0x200000c1

10007ff0 <__mutex_enter_timeout_ms_veneer>:
10007ff0:	b401      	push	{r0}
10007ff2:	4802      	ldr	r0, [pc, #8]	@ (10007ffc <__mutex_enter_timeout_ms_veneer+0xc>)
10007ff4:	4684      	mov	ip, r0
10007ff6:	bc01      	pop	{r0}
10007ff8:	4760      	bx	ip
10007ffa:	bf00      	nop
10007ffc:	200001cd 	.word	0x200001cd

10008000 <__reset_non_control_endpoints_veneer>:
10008000:	b401      	push	{r0}
10008002:	4802      	ldr	r0, [pc, #8]	@ (1000800c <__reset_non_control_endpoints_veneer+0xc>)
10008004:	4684      	mov	ip, r0
10008006:	bc01      	pop	{r0}
10008008:	4760      	bx	ip
1000800a:	bf00      	nop
1000800c:	20000391 	.word	0x20000391

10008010 <__mutex_try_enter_block_until_veneer>:
10008010:	b401      	push	{r0}
10008012:	4802      	ldr	r0, [pc, #8]	@ (1000801c <__mutex_try_enter_block_until_veneer+0xc>)
10008014:	4684      	mov	ip, r0
10008016:	bc01      	pop	{r0}
10008018:	4760      	bx	ip
1000801a:	bf00      	nop
1000801c:	20000199 	.word	0x20000199

10008020 <__hw_endpoint_start_next_buffer_veneer>:
10008020:	b401      	push	{r0}
10008022:	4802      	ldr	r0, [pc, #8]	@ (1000802c <__hw_endpoint_start_next_buffer_veneer+0xc>)
10008024:	4684      	mov	ip, r0
10008026:	bc01      	pop	{r0}
10008028:	4760      	bx	ip
1000802a:	bf00      	nop
1000802c:	20000861 	.word	0x20000861

10008030 <__hw_endpoint_reset_transfer_veneer>:
10008030:	b401      	push	{r0}
10008032:	4802      	ldr	r0, [pc, #8]	@ (1000803c <__hw_endpoint_reset_transfer_veneer+0xc>)
10008034:	4684      	mov	ip, r0
10008036:	bc01      	pop	{r0}
10008038:	4760      	bx	ip
1000803a:	bf00      	nop
1000803c:	20000809 	.word	0x20000809

10008040 <___hw_endpoint_buffer_control_update32_veneer>:
10008040:	b401      	push	{r0}
10008042:	4802      	ldr	r0, [pc, #8]	@ (1000804c <___hw_endpoint_buffer_control_update32_veneer+0xc>)
10008044:	4684      	mov	ip, r0
10008046:	bc01      	pop	{r0}
10008048:	4760      	bx	ip
1000804a:	bf00      	nop
1000804c:	20000815 	.word	0x20000815

10008050 <__e15_is_critical_frame_period_veneer>:
10008050:	b401      	push	{r0}
10008052:	4802      	ldr	r0, [pc, #8]	@ (1000805c <__e15_is_critical_frame_period_veneer+0xc>)
10008054:	4684      	mov	ip, r0
10008056:	bc01      	pop	{r0}
10008058:	4760      	bx	ip
1000805a:	bf00      	nop
1000805c:	20000739 	.word	0x20000739

10008060 <__pre_init_runtime_init_early_resets>:
10008060:	100023c1                                .#..

10008064 <__pre_init_runtime_init_usb_power_down>:
10008064:	100023ed 10002555 10002de1 10002bdd     .#..U%...-...+..
10008074:	10002d21                                !-..

10008078 <__pre_init_runtime_init_clocks>:
10008078:	10002489                                .$..

1000807c <__pre_init_runtime_init_post_clock_resets>:
1000807c:	10002409                                .$..

10008080 <__pre_init_runtime_init_rp2040_gpio_ie_disable>:
10008080:	10002429                                )$..

10008084 <__pre_init_runtime_init_spin_locks_reset>:
10008084:	1000243d                                =$..

10008088 <__pre_init_runtime_init_mutex>:
10008088:	10001561                                a...

1000808c <__pre_init_runtime_init_install_ram_vector_table>:
1000808c:	10002445                                E$..

10008090 <__pre_init_runtime_init_default_alarm_pool>:
10008090:	10001d75                                u...

10008094 <__pre_init_first_per_core_initializer>:
10008094:	100023ad                                .#..

10008098 <__pre_init_runtime_init_per_core_irq_priorities>:
10008098:	10000ea1                                ....

1000809c <__init_array_start>:
1000809c:	10007f71 	.word	0x10007f71

100080a0 <__frame_dummy_init_array_entry>:
100080a0:	100002fd 10004b35                       ....5K..

Disassembly of section .data:

200000c0 <mutex_try_enter>:
200000c0:	b510      	push	{r4, lr}
200000c2:	0003      	movs	r3, r0
200000c4:	6804      	ldr	r4, [r0, #0]
200000c6:	f3ef 8210 	mrs	r2, PRIMASK
200000ca:	b672      	cpsid	i
200000cc:	6820      	ldr	r0, [r4, #0]
200000ce:	2800      	cmp	r0, #0
200000d0:	d0fc      	beq.n	200000cc <mutex_try_enter+0xc>
200000d2:	f3bf 8f5f 	dmb	sy
200000d6:	2004      	movs	r0, #4
200000d8:	5618      	ldrsb	r0, [r3, r0]
200000da:	2800      	cmp	r0, #0
200000dc:	db0b      	blt.n	200000f6 <mutex_try_enter+0x36>
200000de:	2900      	cmp	r1, #0
200000e0:	d010      	beq.n	20000104 <mutex_try_enter+0x44>
200000e2:	6008      	str	r0, [r1, #0]
200000e4:	2000      	movs	r0, #0
200000e6:	681b      	ldr	r3, [r3, #0]
200000e8:	f3bf 8f5f 	dmb	sy
200000ec:	2100      	movs	r1, #0
200000ee:	6019      	str	r1, [r3, #0]
200000f0:	f382 8810 	msr	PRIMASK, r2
200000f4:	bd10      	pop	{r4, pc}
200000f6:	21d0      	movs	r1, #208	@ 0xd0
200000f8:	0609      	lsls	r1, r1, #24
200000fa:	7809      	ldrb	r1, [r1, #0]
200000fc:	b249      	sxtb	r1, r1
200000fe:	7119      	strb	r1, [r3, #4]
20000100:	2001      	movs	r0, #1
20000102:	e7f0      	b.n	200000e6 <mutex_try_enter+0x26>
20000104:	2000      	movs	r0, #0
20000106:	e7ee      	b.n	200000e6 <mutex_try_enter+0x26>

20000108 <mutex_enter_block_until>:
20000108:	b5f0      	push	{r4, r5, r6, r7, lr}
2000010a:	46d6      	mov	lr, sl
2000010c:	464f      	mov	r7, r9
2000010e:	4646      	mov	r6, r8
20000110:	b5c0      	push	{r6, r7, lr}
20000112:	0005      	movs	r5, r0
20000114:	4690      	mov	r8, r2
20000116:	4699      	mov	r9, r3
20000118:	6803      	ldr	r3, [r0, #0]
2000011a:	2b00      	cmp	r3, #0
2000011c:	d020      	beq.n	20000160 <mutex_enter_block_until+0x58>
2000011e:	23d0      	movs	r3, #208	@ 0xd0
20000120:	061b      	lsls	r3, r3, #24
20000122:	781b      	ldrb	r3, [r3, #0]
20000124:	b25b      	sxtb	r3, r3
20000126:	469a      	mov	sl, r3
20000128:	682f      	ldr	r7, [r5, #0]
2000012a:	f3ef 8410 	mrs	r4, PRIMASK
2000012e:	b672      	cpsid	i
20000130:	683e      	ldr	r6, [r7, #0]
20000132:	2e00      	cmp	r6, #0
20000134:	d0fc      	beq.n	20000130 <mutex_enter_block_until+0x28>
20000136:	f3bf 8f5f 	dmb	sy
2000013a:	2304      	movs	r3, #4
2000013c:	56eb      	ldrsb	r3, [r5, r3]
2000013e:	2b00      	cmp	r3, #0
20000140:	db14      	blt.n	2000016c <mutex_enter_block_until+0x64>
20000142:	682b      	ldr	r3, [r5, #0]
20000144:	f3bf 8f5f 	dmb	sy
20000148:	2200      	movs	r2, #0
2000014a:	601a      	str	r2, [r3, #0]
2000014c:	f384 8810 	msr	PRIMASK, r4
20000150:	4640      	mov	r0, r8
20000152:	4649      	mov	r1, r9
20000154:	f000 fcf0 	bl	20000b38 <__best_effort_wfe_or_timeout_veneer>
20000158:	2800      	cmp	r0, #0
2000015a:	d0e5      	beq.n	20000128 <mutex_enter_block_until+0x20>
2000015c:	2000      	movs	r0, #0
2000015e:	e00f      	b.n	20000180 <mutex_enter_block_until+0x78>
20000160:	4b0a      	ldr	r3, [pc, #40]	@ (2000018c <mutex_enter_block_until+0x84>)
20000162:	4a0b      	ldr	r2, [pc, #44]	@ (20000190 <mutex_enter_block_until+0x88>)
20000164:	480b      	ldr	r0, [pc, #44]	@ (20000194 <mutex_enter_block_until+0x8c>)
20000166:	21a6      	movs	r1, #166	@ 0xa6
20000168:	f000 fcfe 	bl	20000b68 <____assert_func_veneer>
2000016c:	4653      	mov	r3, sl
2000016e:	712b      	strb	r3, [r5, #4]
20000170:	682b      	ldr	r3, [r5, #0]
20000172:	f3bf 8f5f 	dmb	sy
20000176:	2200      	movs	r2, #0
20000178:	601a      	str	r2, [r3, #0]
2000017a:	f384 8810 	msr	PRIMASK, r4
2000017e:	2001      	movs	r0, #1
20000180:	bce0      	pop	{r5, r6, r7}
20000182:	46ba      	mov	sl, r7
20000184:	46b1      	mov	r9, r6
20000186:	46a8      	mov	r8, r5
20000188:	bdf0      	pop	{r4, r5, r6, r7, pc}
2000018a:	46c0      	nop			@ (mov r8, r8)
2000018c:	1000852c 	.word	0x1000852c
20000190:	10008f4c 	.word	0x10008f4c
20000194:	100084e8 	.word	0x100084e8

20000198 <mutex_try_enter_block_until>:
20000198:	b570      	push	{r4, r5, r6, lr}
2000019a:	b082      	sub	sp, #8
2000019c:	0006      	movs	r6, r0
2000019e:	0015      	movs	r5, r2
200001a0:	001c      	movs	r4, r3
200001a2:	a901      	add	r1, sp, #4
200001a4:	f7ff ff8c 	bl	200000c0 <mutex_try_enter>
200001a8:	2800      	cmp	r0, #0
200001aa:	d107      	bne.n	200001bc <mutex_try_enter_block_until+0x24>
200001ac:	9b01      	ldr	r3, [sp, #4]
200001ae:	b25b      	sxtb	r3, r3
200001b0:	22d0      	movs	r2, #208	@ 0xd0
200001b2:	0612      	lsls	r2, r2, #24
200001b4:	7812      	ldrb	r2, [r2, #0]
200001b6:	b252      	sxtb	r2, r2
200001b8:	4293      	cmp	r3, r2
200001ba:	d101      	bne.n	200001c0 <mutex_try_enter_block_until+0x28>
200001bc:	b002      	add	sp, #8
200001be:	bd70      	pop	{r4, r5, r6, pc}
200001c0:	002a      	movs	r2, r5
200001c2:	0023      	movs	r3, r4
200001c4:	0030      	movs	r0, r6
200001c6:	f7ff ff9f 	bl	20000108 <mutex_enter_block_until>
200001ca:	e7f7      	b.n	200001bc <mutex_try_enter_block_until+0x24>

200001cc <mutex_enter_timeout_ms>:
200001cc:	b5f8      	push	{r3, r4, r5, r6, r7, lr}
200001ce:	0006      	movs	r6, r0
200001d0:	000f      	movs	r7, r1
200001d2:	f000 fcd1 	bl	20000b78 <__time_us_64_veneer>
200001d6:	0004      	movs	r4, r0
200001d8:	000d      	movs	r5, r1
200001da:	22fa      	movs	r2, #250	@ 0xfa
200001dc:	0092      	lsls	r2, r2, #2
200001de:	2300      	movs	r3, #0
200001e0:	0038      	movs	r0, r7
200001e2:	2100      	movs	r1, #0
200001e4:	f000 fcd8 	bl	20000b98 <____wrap___aeabi_lmul_veneer>
200001e8:	0022      	movs	r2, r4
200001ea:	002b      	movs	r3, r5
200001ec:	1812      	adds	r2, r2, r0
200001ee:	414b      	adcs	r3, r1
200001f0:	2b00      	cmp	r3, #0
200001f2:	db03      	blt.n	200001fc <mutex_enter_timeout_ms+0x30>
200001f4:	0030      	movs	r0, r6
200001f6:	f7ff ff87 	bl	20000108 <mutex_enter_block_until>
200001fa:	bdf8      	pop	{r3, r4, r5, r6, r7, pc}
200001fc:	2201      	movs	r2, #1
200001fe:	4252      	negs	r2, r2
20000200:	4b00      	ldr	r3, [pc, #0]	@ (20000204 <mutex_enter_timeout_ms+0x38>)
20000202:	e7f7      	b.n	200001f4 <mutex_enter_timeout_ms+0x28>
20000204:	7fffffff 	.word	0x7fffffff

20000208 <mutex_exit>:
20000208:	b510      	push	{r4, lr}
2000020a:	6801      	ldr	r1, [r0, #0]
2000020c:	f3ef 8310 	mrs	r3, PRIMASK
20000210:	b672      	cpsid	i
20000212:	680a      	ldr	r2, [r1, #0]
20000214:	2a00      	cmp	r2, #0
20000216:	d0fc      	beq.n	20000212 <mutex_exit+0xa>
20000218:	f3bf 8f5f 	dmb	sy
2000021c:	2204      	movs	r2, #4
2000021e:	5682      	ldrsb	r2, [r0, r2]
20000220:	2a00      	cmp	r2, #0
20000222:	db0a      	blt.n	2000023a <mutex_exit+0x32>
20000224:	22ff      	movs	r2, #255	@ 0xff
20000226:	7102      	strb	r2, [r0, #4]
20000228:	6802      	ldr	r2, [r0, #0]
2000022a:	f3bf 8f5f 	dmb	sy
2000022e:	2100      	movs	r1, #0
20000230:	6011      	str	r1, [r2, #0]
20000232:	f383 8810 	msr	PRIMASK, r3
20000236:	bf40      	sev
20000238:	bd10      	pop	{r4, pc}
2000023a:	4b03      	ldr	r3, [pc, #12]	@ (20000248 <mutex_exit+0x40>)
2000023c:	4a03      	ldr	r2, [pc, #12]	@ (2000024c <mutex_exit+0x44>)
2000023e:	4804      	ldr	r0, [pc, #16]	@ (20000250 <mutex_exit+0x48>)
20000240:	21d5      	movs	r1, #213	@ 0xd5
20000242:	f000 fc91 	bl	20000b68 <____assert_func_veneer>
20000246:	46c0      	nop			@ (mov r8, r8)
20000248:	10008540 	.word	0x10008540
2000024c:	10008f40 	.word	0x10008f40
20000250:	100084e8 	.word	0x100084e8

20000254 <flash_init_boot2_copyout>:
20000254:	4b09      	ldr	r3, [pc, #36]	@ (2000027c <flash_init_boot2_copyout+0x28>)
20000256:	781b      	ldrb	r3, [r3, #0]
20000258:	2b00      	cmp	r3, #0
2000025a:	d008      	beq.n	2000026e <flash_init_boot2_copyout+0x1a>
2000025c:	e00c      	b.n	20000278 <flash_init_boot2_copyout+0x24>
2000025e:	009a      	lsls	r2, r3, #2
20000260:	2180      	movs	r1, #128	@ 0x80
20000262:	0549      	lsls	r1, r1, #21
20000264:	1851      	adds	r1, r2, r1
20000266:	6808      	ldr	r0, [r1, #0]
20000268:	4905      	ldr	r1, [pc, #20]	@ (20000280 <flash_init_boot2_copyout+0x2c>)
2000026a:	5050      	str	r0, [r2, r1]
2000026c:	3301      	adds	r3, #1
2000026e:	2b3f      	cmp	r3, #63	@ 0x3f
20000270:	ddf5      	ble.n	2000025e <flash_init_boot2_copyout+0xa>
20000272:	4b02      	ldr	r3, [pc, #8]	@ (2000027c <flash_init_boot2_copyout+0x28>)
20000274:	2201      	movs	r2, #1
20000276:	701a      	strb	r2, [r3, #0]
20000278:	4770      	bx	lr
2000027a:	46c0      	nop			@ (mov r8, r8)
2000027c:	200025ac 	.word	0x200025ac
20000280:	20001db0 	.word	0x20001db0

20000284 <flash_enable_xip_via_boot2>:
20000284:	b510      	push	{r4, lr}
20000286:	4b01      	ldr	r3, [pc, #4]	@ (2000028c <flash_enable_xip_via_boot2+0x8>)
20000288:	4798      	blx	r3
2000028a:	bd10      	pop	{r4, pc}
2000028c:	20001db1 	.word	0x20001db1

20000290 <flash_cs_force>:
20000290:	2800      	cmp	r0, #0
20000292:	d00a      	beq.n	200002aa <flash_cs_force+0x1a>
20000294:	2303      	movs	r3, #3
20000296:	021b      	lsls	r3, r3, #8
20000298:	4a05      	ldr	r2, [pc, #20]	@ (200002b0 <flash_cs_force+0x20>)
2000029a:	6812      	ldr	r2, [r2, #0]
2000029c:	4053      	eors	r3, r2
2000029e:	22c0      	movs	r2, #192	@ 0xc0
200002a0:	0092      	lsls	r2, r2, #2
200002a2:	4013      	ands	r3, r2
200002a4:	4a03      	ldr	r2, [pc, #12]	@ (200002b4 <flash_cs_force+0x24>)
200002a6:	6013      	str	r3, [r2, #0]
200002a8:	4770      	bx	lr
200002aa:	2302      	movs	r3, #2
200002ac:	e7f3      	b.n	20000296 <flash_cs_force+0x6>
200002ae:	46c0      	nop			@ (mov r8, r8)
200002b0:	4001800c 	.word	0x4001800c
200002b4:	4001900c 	.word	0x4001900c

200002b8 <flash_do_cmd>:
200002b8:	b5f0      	push	{r4, r5, r6, r7, lr}
200002ba:	46d6      	mov	lr, sl
200002bc:	464f      	mov	r7, r9
200002be:	4646      	mov	r6, r8
200002c0:	b5c0      	push	{r6, r7, lr}
200002c2:	0007      	movs	r7, r0
200002c4:	000e      	movs	r6, r1
200002c6:	0015      	movs	r5, r2
200002c8:	2318      	movs	r3, #24
200002ca:	469a      	mov	sl, r3
200002cc:	881b      	ldrh	r3, [r3, #0]
200002ce:	2214      	movs	r2, #20
200002d0:	4690      	mov	r8, r2
200002d2:	8810      	ldrh	r0, [r2, #0]
200002d4:	4928      	ldr	r1, [pc, #160]	@ (20000378 <flash_do_cmd+0xc0>)
200002d6:	4798      	blx	r3
200002d8:	4681      	mov	r9, r0
200002da:	4653      	mov	r3, sl
200002dc:	881b      	ldrh	r3, [r3, #0]
200002de:	4642      	mov	r2, r8
200002e0:	8810      	ldrh	r0, [r2, #0]
200002e2:	4926      	ldr	r1, [pc, #152]	@ (2000037c <flash_do_cmd+0xc4>)
200002e4:	4798      	blx	r3
200002e6:	0004      	movs	r4, r0
200002e8:	4653      	mov	r3, sl
200002ea:	881b      	ldrh	r3, [r3, #0]
200002ec:	4642      	mov	r2, r8
200002ee:	8810      	ldrh	r0, [r2, #0]
200002f0:	4923      	ldr	r1, [pc, #140]	@ (20000380 <flash_do_cmd+0xc8>)
200002f2:	4798      	blx	r3
200002f4:	4680      	mov	r8, r0
200002f6:	464b      	mov	r3, r9
200002f8:	2b00      	cmp	r3, #0
200002fa:	d00c      	beq.n	20000316 <flash_do_cmd+0x5e>
200002fc:	2c00      	cmp	r4, #0
200002fe:	d00a      	beq.n	20000316 <flash_do_cmd+0x5e>
20000300:	2800      	cmp	r0, #0
20000302:	d008      	beq.n	20000316 <flash_do_cmd+0x5e>
20000304:	f7ff ffa6 	bl	20000254 <flash_init_boot2_copyout>
20000308:	47c8      	blx	r9
2000030a:	47a0      	blx	r4
2000030c:	2000      	movs	r0, #0
2000030e:	f7ff ffbf 	bl	20000290 <flash_cs_force>
20000312:	002a      	movs	r2, r5
20000314:	e00f      	b.n	20000336 <flash_do_cmd+0x7e>
20000316:	4b1b      	ldr	r3, [pc, #108]	@ (20000384 <flash_do_cmd+0xcc>)
20000318:	4a1b      	ldr	r2, [pc, #108]	@ (20000388 <flash_do_cmd+0xd0>)
2000031a:	481c      	ldr	r0, [pc, #112]	@ (2000038c <flash_do_cmd+0xd4>)
2000031c:	21d1      	movs	r1, #209	@ 0xd1
2000031e:	f000 fc23 	bl	20000b68 <____assert_func_veneer>
20000322:	2b00      	cmp	r3, #0
20000324:	d007      	beq.n	20000336 <flash_do_cmd+0x7e>
20000326:	2a00      	cmp	r2, #0
20000328:	d005      	beq.n	20000336 <flash_do_cmd+0x7e>
2000032a:	23c0      	movs	r3, #192	@ 0xc0
2000032c:	055b      	lsls	r3, r3, #21
2000032e:	6e1b      	ldr	r3, [r3, #96]	@ 0x60
20000330:	7033      	strb	r3, [r6, #0]
20000332:	3a01      	subs	r2, #1
20000334:	3601      	adds	r6, #1
20000336:	002b      	movs	r3, r5
20000338:	4313      	orrs	r3, r2
2000033a:	d012      	beq.n	20000362 <flash_do_cmd+0xaa>
2000033c:	23c0      	movs	r3, #192	@ 0xc0
2000033e:	055b      	lsls	r3, r3, #21
20000340:	6a9c      	ldr	r4, [r3, #40]	@ 0x28
20000342:	2308      	movs	r3, #8
20000344:	4023      	ands	r3, r4
20000346:	07a4      	lsls	r4, r4, #30
20000348:	d5eb      	bpl.n	20000322 <flash_do_cmd+0x6a>
2000034a:	2d00      	cmp	r5, #0
2000034c:	d0e9      	beq.n	20000322 <flash_do_cmd+0x6a>
2000034e:	1b51      	subs	r1, r2, r5
20000350:	290d      	cmp	r1, #13
20000352:	d8e6      	bhi.n	20000322 <flash_do_cmd+0x6a>
20000354:	7838      	ldrb	r0, [r7, #0]
20000356:	21c0      	movs	r1, #192	@ 0xc0
20000358:	0549      	lsls	r1, r1, #21
2000035a:	6608      	str	r0, [r1, #96]	@ 0x60
2000035c:	3d01      	subs	r5, #1
2000035e:	3701      	adds	r7, #1
20000360:	e7df      	b.n	20000322 <flash_do_cmd+0x6a>
20000362:	2001      	movs	r0, #1
20000364:	f7ff ff94 	bl	20000290 <flash_cs_force>
20000368:	47c0      	blx	r8
2000036a:	f7ff ff8b 	bl	20000284 <flash_enable_xip_via_boot2>
2000036e:	bce0      	pop	{r5, r6, r7}
20000370:	46ba      	mov	sl, r7
20000372:	46b1      	mov	r9, r6
20000374:	46a8      	mov	r8, r5
20000376:	bdf0      	pop	{r4, r5, r6, r7, pc}
20000378:	00004649 	.word	0x00004649
2000037c:	00005845 	.word	0x00005845
20000380:	00004346 	.word	0x00004346
20000384:	10008bc4 	.word	0x10008bc4
20000388:	100093f0 	.word	0x100093f0
2000038c:	10008aa8 	.word	0x10008aa8

20000390 <reset_non_control_endpoints>:
20000390:	b510      	push	{r4, lr}
20000392:	2300      	movs	r3, #0
20000394:	e008      	b.n	200003a8 <reset_non_control_endpoints+0x18>
20000396:	3301      	adds	r3, #1
20000398:	00da      	lsls	r2, r3, #3
2000039a:	2100      	movs	r1, #0
2000039c:	4808      	ldr	r0, [pc, #32]	@ (200003c0 <reset_non_control_endpoints+0x30>)
2000039e:	5011      	str	r1, [r2, r0]
200003a0:	4684      	mov	ip, r0
200003a2:	4462      	add	r2, ip
200003a4:	6051      	str	r1, [r2, #4]
200003a6:	b2db      	uxtb	r3, r3
200003a8:	2b0e      	cmp	r3, #14
200003aa:	d9f4      	bls.n	20000396 <reset_non_control_endpoints+0x6>
200003ac:	4805      	ldr	r0, [pc, #20]	@ (200003c4 <reset_non_control_endpoints+0x34>)
200003ae:	22f0      	movs	r2, #240	@ 0xf0
200003b0:	0092      	lsls	r2, r2, #2
200003b2:	2100      	movs	r1, #0
200003b4:	f000 fbf8 	bl	20000ba8 <____wrap_memset_veneer>
200003b8:	4b03      	ldr	r3, [pc, #12]	@ (200003c8 <reset_non_control_endpoints+0x38>)
200003ba:	4a04      	ldr	r2, [pc, #16]	@ (200003cc <reset_non_control_endpoints+0x3c>)
200003bc:	601a      	str	r2, [r3, #0]
200003be:	bd10      	pop	{r4, pc}
200003c0:	50100000 	.word	0x50100000
200003c4:	20001f70 	.word	0x20001f70
200003c8:	2000233c 	.word	0x2000233c
200003cc:	50100180 	.word	0x50100180

200003d0 <hw_handle_buff_status>:
200003d0:	b5f0      	push	{r4, r5, r6, r7, lr}
200003d2:	46ce      	mov	lr, r9
200003d4:	4647      	mov	r7, r8
200003d6:	b580      	push	{r7, lr}
200003d8:	b085      	sub	sp, #20
200003da:	4b23      	ldr	r3, [pc, #140]	@ (20000468 <hw_handle_buff_status+0x98>)
200003dc:	6d9f      	ldr	r7, [r3, #88]	@ 0x58
200003de:	2400      	movs	r4, #0
200003e0:	2601      	movs	r6, #1
200003e2:	e003      	b.n	200003ec <hw_handle_buff_status+0x1c>
200003e4:	43b7      	bics	r7, r6
200003e6:	0076      	lsls	r6, r6, #1
200003e8:	3401      	adds	r4, #1
200003ea:	b2e4      	uxtb	r4, r4
200003ec:	2f00      	cmp	r7, #0
200003ee:	d036      	beq.n	2000045e <hw_handle_buff_status+0x8e>
200003f0:	2c1f      	cmp	r4, #31
200003f2:	d834      	bhi.n	2000045e <hw_handle_buff_status+0x8e>
200003f4:	423e      	tst	r6, r7
200003f6:	d0f6      	beq.n	200003e6 <hw_handle_buff_status+0x16>
200003f8:	4b1c      	ldr	r3, [pc, #112]	@ (2000046c <hw_handle_buff_status+0x9c>)
200003fa:	659e      	str	r6, [r3, #88]	@ 0x58
200003fc:	0863      	lsrs	r3, r4, #1
200003fe:	4699      	mov	r9, r3
20000400:	2301      	movs	r3, #1
20000402:	4063      	eors	r3, r4
20000404:	2201      	movs	r2, #1
20000406:	401a      	ands	r2, r3
20000408:	4690      	mov	r8, r2
2000040a:	464b      	mov	r3, r9
2000040c:	005d      	lsls	r5, r3, #1
2000040e:	4445      	add	r5, r8
20000410:	016d      	lsls	r5, r5, #5
20000412:	4b17      	ldr	r3, [pc, #92]	@ (20000470 <hw_handle_buff_status+0xa0>)
20000414:	18ed      	adds	r5, r5, r3
20000416:	0028      	movs	r0, r5
20000418:	f000 fa66 	bl	200008e8 <hw_endpoint_xfer_continue>
2000041c:	2800      	cmp	r0, #0
2000041e:	d0e1      	beq.n	200003e4 <hw_handle_buff_status+0x14>
20000420:	4a13      	ldr	r2, [pc, #76]	@ (20000470 <hw_handle_buff_status+0xa0>)
20000422:	464b      	mov	r3, r9
20000424:	005b      	lsls	r3, r3, #1
20000426:	4443      	add	r3, r8
20000428:	015b      	lsls	r3, r3, #5
2000042a:	18d3      	adds	r3, r2, r3
2000042c:	789a      	ldrb	r2, [r3, #2]
2000042e:	4691      	mov	r9, r2
20000430:	8adb      	ldrh	r3, [r3, #22]
20000432:	4698      	mov	r8, r3
20000434:	220c      	movs	r2, #12
20000436:	2100      	movs	r1, #0
20000438:	a801      	add	r0, sp, #4
2000043a:	f000 fbb5 	bl	20000ba8 <____wrap_memset_veneer>
2000043e:	2307      	movs	r3, #7
20000440:	466a      	mov	r2, sp
20000442:	7153      	strb	r3, [r2, #5]
20000444:	466b      	mov	r3, sp
20000446:	464a      	mov	r2, r9
20000448:	721a      	strb	r2, [r3, #8]
2000044a:	4643      	mov	r3, r8
2000044c:	9303      	str	r3, [sp, #12]
2000044e:	2101      	movs	r1, #1
20000450:	a801      	add	r0, sp, #4
20000452:	f000 fa69 	bl	20000928 <dcd_event_handler>
20000456:	0028      	movs	r0, r5
20000458:	f000 f9d6 	bl	20000808 <hw_endpoint_reset_transfer>
2000045c:	e7c2      	b.n	200003e4 <hw_handle_buff_status+0x14>
2000045e:	b005      	add	sp, #20
20000460:	bcc0      	pop	{r6, r7}
20000462:	46b9      	mov	r9, r7
20000464:	46b0      	mov	r8, r6
20000466:	bdf0      	pop	{r4, r5, r6, r7, pc}
20000468:	50110000 	.word	0x50110000
2000046c:	50113000 	.word	0x50113000
20000470:	20001f30 	.word	0x20001f30

20000474 <dcd_rp2040_irq>:
20000474:	b5f0      	push	{r4, r5, r6, r7, lr}
20000476:	46ce      	mov	lr, r9
20000478:	4647      	mov	r7, r8
2000047a:	b580      	push	{r7, lr}
2000047c:	b085      	sub	sp, #20
2000047e:	4a7f      	ldr	r2, [pc, #508]	@ (2000067c <dcd_rp2040_irq+0x208>)
20000480:	2398      	movs	r3, #152	@ 0x98
20000482:	58d5      	ldr	r5, [r2, r3]
20000484:	2380      	movs	r3, #128	@ 0x80
20000486:	029b      	lsls	r3, r3, #10
20000488:	002f      	movs	r7, r5
2000048a:	401f      	ands	r7, r3
2000048c:	421d      	tst	r5, r3
2000048e:	d049      	beq.n	20000524 <dcd_rp2040_irq+0xb0>
20000490:	4b7b      	ldr	r3, [pc, #492]	@ (20000680 <dcd_rp2040_irq+0x20c>)
20000492:	6a9a      	ldr	r2, [r3, #40]	@ 0x28
20000494:	4b7b      	ldr	r3, [pc, #492]	@ (20000684 <dcd_rp2040_irq+0x210>)
20000496:	601a      	str	r2, [r3, #0]
20000498:	2400      	movs	r4, #0
2000049a:	2100      	movs	r1, #0
2000049c:	e009      	b.n	200004b2 <dcd_rp2040_irq+0x3e>
2000049e:	4b7a      	ldr	r3, [pc, #488]	@ (20000688 <dcd_rp2040_irq+0x214>)
200004a0:	185b      	adds	r3, r3, r1
200004a2:	333c      	adds	r3, #60	@ 0x3c
200004a4:	2200      	movs	r2, #0
200004a6:	701a      	strb	r2, [r3, #0]
200004a8:	f000 f9da 	bl	20000860 <hw_endpoint_start_next_buffer>
200004ac:	0031      	movs	r1, r6
200004ae:	3401      	adds	r4, #1
200004b0:	b2e4      	uxtb	r4, r4
200004b2:	2c0f      	cmp	r4, #15
200004b4:	d818      	bhi.n	200004e8 <dcd_rp2040_irq+0x74>
200004b6:	01a6      	lsls	r6, r4, #6
200004b8:	0030      	movs	r0, r6
200004ba:	3020      	adds	r0, #32
200004bc:	4b72      	ldr	r3, [pc, #456]	@ (20000688 <dcd_rp2040_irq+0x214>)
200004be:	18c0      	adds	r0, r0, r3
200004c0:	199b      	adds	r3, r3, r6
200004c2:	333b      	adds	r3, #59	@ 0x3b
200004c4:	781b      	ldrb	r3, [r3, #0]
200004c6:	2b02      	cmp	r3, #2
200004c8:	d1f1      	bne.n	200004ae <dcd_rp2040_irq+0x3a>
200004ca:	4b6f      	ldr	r3, [pc, #444]	@ (20000688 <dcd_rp2040_irq+0x214>)
200004cc:	199b      	adds	r3, r3, r6
200004ce:	333a      	adds	r3, #58	@ 0x3a
200004d0:	781e      	ldrb	r6, [r3, #0]
200004d2:	2e00      	cmp	r6, #0
200004d4:	d0eb      	beq.n	200004ae <dcd_rp2040_irq+0x3a>
200004d6:	4b6c      	ldr	r3, [pc, #432]	@ (20000688 <dcd_rp2040_irq+0x214>)
200004d8:	01a1      	lsls	r1, r4, #6
200004da:	185b      	adds	r3, r3, r1
200004dc:	333c      	adds	r3, #60	@ 0x3c
200004de:	781b      	ldrb	r3, [r3, #0]
200004e0:	2b00      	cmp	r3, #0
200004e2:	d1dc      	bne.n	2000049e <dcd_rp2040_irq+0x2a>
200004e4:	0031      	movs	r1, r6
200004e6:	e7e2      	b.n	200004ae <dcd_rp2040_irq+0x3a>
200004e8:	2900      	cmp	r1, #0
200004ea:	d108      	bne.n	200004fe <dcd_rp2040_irq+0x8a>
200004ec:	4b67      	ldr	r3, [pc, #412]	@ (2000068c <dcd_rp2040_irq+0x218>)
200004ee:	781b      	ldrb	r3, [r3, #0]
200004f0:	2b00      	cmp	r3, #0
200004f2:	d104      	bne.n	200004fe <dcd_rp2040_irq+0x8a>
200004f4:	4a66      	ldr	r2, [pc, #408]	@ (20000690 <dcd_rp2040_irq+0x21c>)
200004f6:	3390      	adds	r3, #144	@ 0x90
200004f8:	2180      	movs	r1, #128	@ 0x80
200004fa:	0289      	lsls	r1, r1, #10
200004fc:	50d1      	str	r1, [r2, r3]
200004fe:	4b5f      	ldr	r3, [pc, #380]	@ (2000067c <dcd_rp2040_irq+0x208>)
20000500:	6c9c      	ldr	r4, [r3, #72]	@ 0x48
20000502:	0564      	lsls	r4, r4, #21
20000504:	0d64      	lsrs	r4, r4, #21
20000506:	ae01      	add	r6, sp, #4
20000508:	220c      	movs	r2, #12
2000050a:	2100      	movs	r1, #0
2000050c:	0030      	movs	r0, r6
2000050e:	f000 fb4b 	bl	20000ba8 <____wrap_memset_veneer>
20000512:	2303      	movs	r3, #3
20000514:	7073      	strb	r3, [r6, #1]
20000516:	9402      	str	r4, [sp, #8]
20000518:	2101      	movs	r1, #1
2000051a:	0030      	movs	r0, r6
2000051c:	f000 fa04 	bl	20000928 <dcd_event_handler>
20000520:	2780      	movs	r7, #128	@ 0x80
20000522:	02bf      	lsls	r7, r7, #10
20000524:	06eb      	lsls	r3, r5, #27
20000526:	d406      	bmi.n	20000536 <dcd_rp2040_irq+0xc2>
20000528:	03eb      	lsls	r3, r5, #15
2000052a:	d555      	bpl.n	200005d8 <dcd_rp2040_irq+0x164>
2000052c:	2380      	movs	r3, #128	@ 0x80
2000052e:	025b      	lsls	r3, r3, #9
20000530:	431f      	orrs	r7, r3
20000532:	2400      	movs	r4, #0
20000534:	e019      	b.n	2000056a <dcd_rp2040_irq+0xf6>
20000536:	2310      	movs	r3, #16
20000538:	431f      	orrs	r7, r3
2000053a:	f7ff ff49 	bl	200003d0 <hw_handle_buff_status>
2000053e:	e7f3      	b.n	20000528 <dcd_rp2040_irq+0xb4>
20000540:	2302      	movs	r3, #2
20000542:	4699      	mov	r9, r3
20000544:	e01e      	b.n	20000584 <dcd_rp2040_irq+0x110>
20000546:	4b53      	ldr	r3, [pc, #332]	@ (20000694 <dcd_rp2040_irq+0x220>)
20000548:	464a      	mov	r2, r9
2000054a:	661a      	str	r2, [r3, #96]	@ 0x60
2000054c:	4b4b      	ldr	r3, [pc, #300]	@ (2000067c <dcd_rp2040_irq+0x208>)
2000054e:	6e5b      	ldr	r3, [r3, #100]	@ 0x64
20000550:	464a      	mov	r2, r9
20000552:	4013      	ands	r3, r2
20000554:	4599      	cmp	r9, r3
20000556:	d1f9      	bne.n	2000054c <dcd_rp2040_irq+0xd8>
20000558:	e018      	b.n	2000058c <dcd_rp2040_irq+0x118>
2000055a:	4b4b      	ldr	r3, [pc, #300]	@ (20000688 <dcd_rp2040_irq+0x214>)
2000055c:	4642      	mov	r2, r8
2000055e:	0152      	lsls	r2, r2, #5
20000560:	189b      	adds	r3, r3, r2
20000562:	2201      	movs	r2, #1
20000564:	70da      	strb	r2, [r3, #3]
20000566:	3401      	adds	r4, #1
20000568:	b2e4      	uxtb	r4, r4
2000056a:	2c01      	cmp	r4, #1
2000056c:	d820      	bhi.n	200005b0 <dcd_rp2040_irq+0x13c>
2000056e:	46a0      	mov	r8, r4
20000570:	0166      	lsls	r6, r4, #5
20000572:	4b45      	ldr	r3, [pc, #276]	@ (20000688 <dcd_rp2040_irq+0x214>)
20000574:	18f6      	adds	r6, r6, r3
20000576:	7eb3      	ldrb	r3, [r6, #26]
20000578:	2b00      	cmp	r3, #0
2000057a:	d0ee      	beq.n	2000055a <dcd_rp2040_irq+0xe6>
2000057c:	2c00      	cmp	r4, #0
2000057e:	d0df      	beq.n	20000540 <dcd_rp2040_irq+0xcc>
20000580:	2301      	movs	r3, #1
20000582:	4699      	mov	r9, r3
20000584:	f000 fb00 	bl	20000b88 <__rp2040_chip_version_veneer>
20000588:	2801      	cmp	r0, #1
2000058a:	d8dc      	bhi.n	20000546 <dcd_rp2040_irq+0xd2>
2000058c:	22c0      	movs	r2, #192	@ 0xc0
2000058e:	0192      	lsls	r2, r2, #6
20000590:	2100      	movs	r1, #0
20000592:	0030      	movs	r0, r6
20000594:	f000 f93e 	bl	20000814 <_hw_endpoint_buffer_control_update32>
20000598:	0030      	movs	r0, r6
2000059a:	f000 f935 	bl	20000808 <hw_endpoint_reset_transfer>
2000059e:	f000 faf3 	bl	20000b88 <__rp2040_chip_version_veneer>
200005a2:	2801      	cmp	r0, #1
200005a4:	d9d9      	bls.n	2000055a <dcd_rp2040_irq+0xe6>
200005a6:	4b3a      	ldr	r3, [pc, #232]	@ (20000690 <dcd_rp2040_irq+0x21c>)
200005a8:	464a      	mov	r2, r9
200005aa:	665a      	str	r2, [r3, #100]	@ 0x64
200005ac:	661a      	str	r2, [r3, #96]	@ 0x60
200005ae:	e7d4      	b.n	2000055a <dcd_rp2040_irq+0xe6>
200005b0:	ac01      	add	r4, sp, #4
200005b2:	220c      	movs	r2, #12
200005b4:	2100      	movs	r1, #0
200005b6:	0020      	movs	r0, r4
200005b8:	f000 faf6 	bl	20000ba8 <____wrap_memset_veneer>
200005bc:	2306      	movs	r3, #6
200005be:	7063      	strb	r3, [r4, #1]
200005c0:	4a35      	ldr	r2, [pc, #212]	@ (20000698 <dcd_rp2040_irq+0x224>)
200005c2:	ab02      	add	r3, sp, #8
200005c4:	ca03      	ldmia	r2!, {r0, r1}
200005c6:	c303      	stmia	r3!, {r0, r1}
200005c8:	2101      	movs	r1, #1
200005ca:	0020      	movs	r0, r4
200005cc:	f000 f9ac 	bl	20000928 <dcd_event_handler>
200005d0:	4b2f      	ldr	r3, [pc, #188]	@ (20000690 <dcd_rp2040_irq+0x21c>)
200005d2:	2280      	movs	r2, #128	@ 0x80
200005d4:	0292      	lsls	r2, r2, #10
200005d6:	651a      	str	r2, [r3, #80]	@ 0x50
200005d8:	04eb      	lsls	r3, r5, #19
200005da:	d40a      	bmi.n	200005f2 <dcd_rp2040_irq+0x17e>
200005dc:	046b      	lsls	r3, r5, #17
200005de:	d421      	bmi.n	20000624 <dcd_rp2040_irq+0x1b0>
200005e0:	042b      	lsls	r3, r5, #16
200005e2:	d432      	bmi.n	2000064a <dcd_rp2040_irq+0x1d6>
200005e4:	42af      	cmp	r7, r5
200005e6:	d144      	bne.n	20000672 <dcd_rp2040_irq+0x1fe>
200005e8:	b005      	add	sp, #20
200005ea:	bcc0      	pop	{r6, r7}
200005ec:	46b9      	mov	r9, r7
200005ee:	46b0      	mov	r8, r6
200005f0:	bdf0      	pop	{r4, r5, r6, r7, pc}
200005f2:	2380      	movs	r3, #128	@ 0x80
200005f4:	015b      	lsls	r3, r3, #5
200005f6:	431f      	orrs	r7, r3
200005f8:	4b20      	ldr	r3, [pc, #128]	@ (2000067c <dcd_rp2040_irq+0x208>)
200005fa:	2200      	movs	r2, #0
200005fc:	601a      	str	r2, [r3, #0]
200005fe:	f7ff fec7 	bl	20000390 <reset_non_control_endpoints>
20000602:	ac01      	add	r4, sp, #4
20000604:	220c      	movs	r2, #12
20000606:	2100      	movs	r1, #0
20000608:	0020      	movs	r0, r4
2000060a:	f000 facd 	bl	20000ba8 <____wrap_memset_veneer>
2000060e:	2301      	movs	r3, #1
20000610:	7063      	strb	r3, [r4, #1]
20000612:	2101      	movs	r1, #1
20000614:	0020      	movs	r0, r4
20000616:	f000 f987 	bl	20000928 <dcd_event_handler>
2000061a:	4b1d      	ldr	r3, [pc, #116]	@ (20000690 <dcd_rp2040_irq+0x21c>)
2000061c:	2280      	movs	r2, #128	@ 0x80
2000061e:	0312      	lsls	r2, r2, #12
20000620:	651a      	str	r2, [r3, #80]	@ 0x50
20000622:	e7db      	b.n	200005dc <dcd_rp2040_irq+0x168>
20000624:	2380      	movs	r3, #128	@ 0x80
20000626:	01db      	lsls	r3, r3, #7
20000628:	431f      	orrs	r7, r3
2000062a:	ac01      	add	r4, sp, #4
2000062c:	220c      	movs	r2, #12
2000062e:	2100      	movs	r1, #0
20000630:	0020      	movs	r0, r4
20000632:	f000 fab9 	bl	20000ba8 <____wrap_memset_veneer>
20000636:	2304      	movs	r3, #4
20000638:	7063      	strb	r3, [r4, #1]
2000063a:	2101      	movs	r1, #1
2000063c:	0020      	movs	r0, r4
2000063e:	f000 f973 	bl	20000928 <dcd_event_handler>
20000642:	4b13      	ldr	r3, [pc, #76]	@ (20000690 <dcd_rp2040_irq+0x21c>)
20000644:	2210      	movs	r2, #16
20000646:	651a      	str	r2, [r3, #80]	@ 0x50
20000648:	e7ca      	b.n	200005e0 <dcd_rp2040_irq+0x16c>
2000064a:	2380      	movs	r3, #128	@ 0x80
2000064c:	021b      	lsls	r3, r3, #8
2000064e:	431f      	orrs	r7, r3
20000650:	ac01      	add	r4, sp, #4
20000652:	220c      	movs	r2, #12
20000654:	2100      	movs	r1, #0
20000656:	0020      	movs	r0, r4
20000658:	f000 faa6 	bl	20000ba8 <____wrap_memset_veneer>
2000065c:	2305      	movs	r3, #5
2000065e:	7063      	strb	r3, [r4, #1]
20000660:	2101      	movs	r1, #1
20000662:	0020      	movs	r0, r4
20000664:	f000 f960 	bl	20000928 <dcd_event_handler>
20000668:	4b09      	ldr	r3, [pc, #36]	@ (20000690 <dcd_rp2040_irq+0x21c>)
2000066a:	2280      	movs	r2, #128	@ 0x80
2000066c:	0112      	lsls	r2, r2, #4
2000066e:	651a      	str	r2, [r3, #80]	@ 0x50
20000670:	e7b8      	b.n	200005e4 <dcd_rp2040_irq+0x170>
20000672:	0039      	movs	r1, r7
20000674:	4069      	eors	r1, r5
20000676:	4809      	ldr	r0, [pc, #36]	@ (2000069c <dcd_rp2040_irq+0x228>)
20000678:	f000 fa46 	bl	20000b08 <__panic_veneer>
2000067c:	50110000 	.word	0x50110000
20000680:	40054000 	.word	0x40054000
20000684:	20001f24 	.word	0x20001f24
20000688:	20001f30 	.word	0x20001f30
2000068c:	200025aa 	.word	0x200025aa
20000690:	50113000 	.word	0x50113000
20000694:	50112000 	.word	0x50112000
20000698:	50100000 	.word	0x50100000
2000069c:	10008cd0 	.word	0x10008cd0

200006a0 <prepare_ep_buffer>:
200006a0:	b5f8      	push	{r3, r4, r5, r6, r7, lr}
200006a2:	0004      	movs	r4, r0
200006a4:	000f      	movs	r7, r1
200006a6:	8a83      	ldrh	r3, [r0, #20]
200006a8:	8b02      	ldrh	r2, [r0, #24]
200006aa:	1c1e      	adds	r6, r3, #0
200006ac:	4293      	cmp	r3, r2
200006ae:	d900      	bls.n	200006b2 <prepare_ep_buffer+0x12>
200006b0:	1c16      	adds	r6, r2, #0
200006b2:	b2b6      	uxth	r6, r6
200006b4:	1b9b      	subs	r3, r3, r6
200006b6:	82a3      	strh	r3, [r4, #20]
200006b8:	2280      	movs	r2, #128	@ 0x80
200006ba:	00d2      	lsls	r2, r2, #3
200006bc:	4332      	orrs	r2, r6
200006be:	78e3      	ldrb	r3, [r4, #3]
200006c0:	2b00      	cmp	r3, #0
200006c2:	d013      	beq.n	200006ec <prepare_ep_buffer+0x4c>
200006c4:	2580      	movs	r5, #128	@ 0x80
200006c6:	01ad      	lsls	r5, r5, #6
200006c8:	4315      	orrs	r5, r2
200006ca:	2201      	movs	r2, #1
200006cc:	4053      	eors	r3, r2
200006ce:	70e3      	strb	r3, [r4, #3]
200006d0:	7863      	ldrb	r3, [r4, #1]
200006d2:	2b00      	cmp	r3, #0
200006d4:	d00c      	beq.n	200006f0 <prepare_ep_buffer+0x50>
200006d6:	8aa3      	ldrh	r3, [r4, #20]
200006d8:	2b00      	cmp	r3, #0
200006da:	d102      	bne.n	200006e2 <prepare_ep_buffer+0x42>
200006dc:	2380      	movs	r3, #128	@ 0x80
200006de:	01db      	lsls	r3, r3, #7
200006e0:	431d      	orrs	r5, r3
200006e2:	2f00      	cmp	r7, #0
200006e4:	d000      	beq.n	200006e8 <prepare_ep_buffer+0x48>
200006e6:	042d      	lsls	r5, r5, #16
200006e8:	0028      	movs	r0, r5
200006ea:	bdf8      	pop	{r3, r4, r5, r6, r7, pc}
200006ec:	2500      	movs	r5, #0
200006ee:	e7eb      	b.n	200006c8 <prepare_ep_buffer+0x28>
200006f0:	68e0      	ldr	r0, [r4, #12]
200006f2:	01bb      	lsls	r3, r7, #6
200006f4:	18c0      	adds	r0, r0, r3
200006f6:	6921      	ldr	r1, [r4, #16]
200006f8:	0032      	movs	r2, r6
200006fa:	f000 fa0d 	bl	20000b18 <__unaligned_memcpy_veneer>
200006fe:	6923      	ldr	r3, [r4, #16]
20000700:	199b      	adds	r3, r3, r6
20000702:	6123      	str	r3, [r4, #16]
20000704:	2380      	movs	r3, #128	@ 0x80
20000706:	021b      	lsls	r3, r3, #8
20000708:	431d      	orrs	r5, r3
2000070a:	e7e4      	b.n	200006d6 <prepare_ep_buffer+0x36>

2000070c <e15_is_bulkin_ep>:
2000070c:	4b09      	ldr	r3, [pc, #36]	@ (20000734 <e15_is_bulkin_ep+0x28>)
2000070e:	6c1b      	ldr	r3, [r3, #64]	@ 0x40
20000710:	079b      	lsls	r3, r3, #30
20000712:	d40c      	bmi.n	2000072e <e15_is_bulkin_ep+0x22>
20000714:	7883      	ldrb	r3, [r0, #2]
20000716:	09db      	lsrs	r3, r3, #7
20000718:	2b01      	cmp	r3, #1
2000071a:	d001      	beq.n	20000720 <e15_is_bulkin_ep+0x14>
2000071c:	2000      	movs	r0, #0
2000071e:	e007      	b.n	20000730 <e15_is_bulkin_ep+0x24>
20000720:	7ec3      	ldrb	r3, [r0, #27]
20000722:	2b02      	cmp	r3, #2
20000724:	d001      	beq.n	2000072a <e15_is_bulkin_ep+0x1e>
20000726:	2000      	movs	r0, #0
20000728:	e002      	b.n	20000730 <e15_is_bulkin_ep+0x24>
2000072a:	2001      	movs	r0, #1
2000072c:	e000      	b.n	20000730 <e15_is_bulkin_ep+0x24>
2000072e:	2000      	movs	r0, #0
20000730:	4770      	bx	lr
20000732:	46c0      	nop			@ (mov r8, r8)
20000734:	50110000 	.word	0x50110000

20000738 <e15_is_critical_frame_period>:
20000738:	b510      	push	{r4, lr}
2000073a:	f7ff ffe7 	bl	2000070c <e15_is_bulkin_ep>
2000073e:	2800      	cmp	r0, #0
20000740:	d009      	beq.n	20000756 <e15_is_critical_frame_period+0x1e>
20000742:	4b06      	ldr	r3, [pc, #24]	@ (2000075c <e15_is_critical_frame_period+0x24>)
20000744:	6a9b      	ldr	r3, [r3, #40]	@ 0x28
20000746:	4a06      	ldr	r2, [pc, #24]	@ (20000760 <e15_is_critical_frame_period+0x28>)
20000748:	6812      	ldr	r2, [r2, #0]
2000074a:	1a9b      	subs	r3, r3, r2
2000074c:	4a05      	ldr	r2, [pc, #20]	@ (20000764 <e15_is_critical_frame_period+0x2c>)
2000074e:	4694      	mov	ip, r2
20000750:	4463      	add	r3, ip
20000752:	2bc6      	cmp	r3, #198	@ 0xc6
20000754:	d800      	bhi.n	20000758 <e15_is_critical_frame_period+0x20>
20000756:	bd10      	pop	{r4, pc}
20000758:	2000      	movs	r0, #0
2000075a:	e7fc      	b.n	20000756 <e15_is_critical_frame_period+0x1e>
2000075c:	40054000 	.word	0x40054000
20000760:	20001f24 	.word	0x20001f24
20000764:	fffffce0 	.word	0xfffffce0

20000768 <sync_ep_buffer>:
20000768:	b570      	push	{r4, r5, r6, lr}
2000076a:	0004      	movs	r4, r0
2000076c:	6883      	ldr	r3, [r0, #8]
2000076e:	681b      	ldr	r3, [r3, #0]
20000770:	2900      	cmp	r1, #0
20000772:	d000      	beq.n	20000776 <sync_ep_buffer+0xe>
20000774:	0c1b      	lsrs	r3, r3, #16
20000776:	059d      	lsls	r5, r3, #22
20000778:	0dad      	lsrs	r5, r5, #22
2000077a:	7862      	ldrb	r2, [r4, #1]
2000077c:	2a00      	cmp	r2, #0
2000077e:	d111      	bne.n	200007a4 <sync_ep_buffer+0x3c>
20000780:	041b      	lsls	r3, r3, #16
20000782:	d409      	bmi.n	20000798 <sync_ep_buffer+0x30>
20000784:	8ae3      	ldrh	r3, [r4, #22]
20000786:	195b      	adds	r3, r3, r5
20000788:	82e3      	strh	r3, [r4, #22]
2000078a:	8b23      	ldrh	r3, [r4, #24]
2000078c:	42ab      	cmp	r3, r5
2000078e:	d901      	bls.n	20000794 <sync_ep_buffer+0x2c>
20000790:	2300      	movs	r3, #0
20000792:	82a3      	strh	r3, [r4, #20]
20000794:	0028      	movs	r0, r5
20000796:	bd70      	pop	{r4, r5, r6, pc}
20000798:	4b0d      	ldr	r3, [pc, #52]	@ (200007d0 <sync_ep_buffer+0x68>)
2000079a:	4a0e      	ldr	r2, [pc, #56]	@ (200007d4 <sync_ep_buffer+0x6c>)
2000079c:	480e      	ldr	r0, [pc, #56]	@ (200007d8 <sync_ep_buffer+0x70>)
2000079e:	21e8      	movs	r1, #232	@ 0xe8
200007a0:	f000 f9e2 	bl	20000b68 <____assert_func_veneer>
200007a4:	041b      	lsls	r3, r3, #16
200007a6:	d50d      	bpl.n	200007c4 <sync_ep_buffer+0x5c>
200007a8:	6920      	ldr	r0, [r4, #16]
200007aa:	68e3      	ldr	r3, [r4, #12]
200007ac:	0189      	lsls	r1, r1, #6
200007ae:	1859      	adds	r1, r3, r1
200007b0:	002a      	movs	r2, r5
200007b2:	f000 f9b1 	bl	20000b18 <__unaligned_memcpy_veneer>
200007b6:	8ae3      	ldrh	r3, [r4, #22]
200007b8:	195b      	adds	r3, r3, r5
200007ba:	82e3      	strh	r3, [r4, #22]
200007bc:	6923      	ldr	r3, [r4, #16]
200007be:	195b      	adds	r3, r3, r5
200007c0:	6123      	str	r3, [r4, #16]
200007c2:	e7e2      	b.n	2000078a <sync_ep_buffer+0x22>
200007c4:	4b05      	ldr	r3, [pc, #20]	@ (200007dc <sync_ep_buffer+0x74>)
200007c6:	4a03      	ldr	r2, [pc, #12]	@ (200007d4 <sync_ep_buffer+0x6c>)
200007c8:	4803      	ldr	r0, [pc, #12]	@ (200007d8 <sync_ep_buffer+0x70>)
200007ca:	21ee      	movs	r1, #238	@ 0xee
200007cc:	f000 f9cc 	bl	20000b68 <____assert_func_veneer>
200007d0:	10008cf0 	.word	0x10008cf0
200007d4:	10009460 	.word	0x10009460
200007d8:	10008d10 	.word	0x10008d10
200007dc:	10008d68 	.word	0x10008d68

200007e0 <_hw_endpoint_xfer_sync>:
200007e0:	b510      	push	{r4, lr}
200007e2:	0004      	movs	r4, r0
200007e4:	6883      	ldr	r3, [r0, #8]
200007e6:	681b      	ldr	r3, [r3, #0]
200007e8:	2100      	movs	r1, #0
200007ea:	f7ff ffbd 	bl	20000768 <sync_ep_buffer>
200007ee:	6863      	ldr	r3, [r4, #4]
200007f0:	681b      	ldr	r3, [r3, #0]
200007f2:	005b      	lsls	r3, r3, #1
200007f4:	d502      	bpl.n	200007fc <_hw_endpoint_xfer_sync+0x1c>
200007f6:	8b23      	ldrh	r3, [r4, #24]
200007f8:	4283      	cmp	r3, r0
200007fa:	d000      	beq.n	200007fe <_hw_endpoint_xfer_sync+0x1e>
200007fc:	bd10      	pop	{r4, pc}
200007fe:	2101      	movs	r1, #1
20000800:	0020      	movs	r0, r4
20000802:	f7ff ffb1 	bl	20000768 <sync_ep_buffer>
20000806:	e7f9      	b.n	200007fc <_hw_endpoint_xfer_sync+0x1c>

20000808 <hw_endpoint_reset_transfer>:
20000808:	2300      	movs	r3, #0
2000080a:	7683      	strb	r3, [r0, #26]
2000080c:	8283      	strh	r3, [r0, #20]
2000080e:	82c3      	strh	r3, [r0, #22]
20000810:	6103      	str	r3, [r0, #16]
20000812:	4770      	bx	lr

20000814 <_hw_endpoint_buffer_control_update32>:
20000814:	b510      	push	{r4, lr}
20000816:	2900      	cmp	r1, #0
20000818:	d002      	beq.n	20000820 <_hw_endpoint_buffer_control_update32+0xc>
2000081a:	6883      	ldr	r3, [r0, #8]
2000081c:	681b      	ldr	r3, [r3, #0]
2000081e:	4019      	ands	r1, r3
20000820:	2a00      	cmp	r2, #0
20000822:	d010      	beq.n	20000846 <_hw_endpoint_buffer_control_update32+0x32>
20000824:	4311      	orrs	r1, r2
20000826:	0552      	lsls	r2, r2, #21
20000828:	d50d      	bpl.n	20000846 <_hw_endpoint_buffer_control_update32+0x32>
2000082a:	6882      	ldr	r2, [r0, #8]
2000082c:	6813      	ldr	r3, [r2, #0]
2000082e:	055b      	lsls	r3, r3, #21
20000830:	d40c      	bmi.n	2000084c <_hw_endpoint_buffer_control_update32+0x38>
20000832:	4b08      	ldr	r3, [pc, #32]	@ (20000854 <_hw_endpoint_buffer_control_update32+0x40>)
20000834:	400b      	ands	r3, r1
20000836:	6013      	str	r3, [r2, #0]
20000838:	4b07      	ldr	r3, [pc, #28]	@ (20000858 <_hw_endpoint_buffer_control_update32+0x44>)
2000083a:	6c1b      	ldr	r3, [r3, #64]	@ 0x40
2000083c:	079b      	lsls	r3, r3, #30
2000083e:	d402      	bmi.n	20000846 <_hw_endpoint_buffer_control_update32+0x32>
20000840:	230c      	movs	r3, #12
20000842:	3b03      	subs	r3, #3
20000844:	d2fd      	bcs.n	20000842 <_hw_endpoint_buffer_control_update32+0x2e>
20000846:	6883      	ldr	r3, [r0, #8]
20000848:	6019      	str	r1, [r3, #0]
2000084a:	bd10      	pop	{r4, pc}
2000084c:	7881      	ldrb	r1, [r0, #2]
2000084e:	4803      	ldr	r0, [pc, #12]	@ (2000085c <_hw_endpoint_buffer_control_update32+0x48>)
20000850:	f000 f95a 	bl	20000b08 <__panic_veneer>
20000854:	fffffbff 	.word	0xfffffbff
20000858:	50110000 	.word	0x50110000
2000085c:	10008d88 	.word	0x10008d88

20000860 <hw_endpoint_start_next_buffer>:
20000860:	b570      	push	{r4, r5, r6, lr}
20000862:	0004      	movs	r4, r0
20000864:	6843      	ldr	r3, [r0, #4]
20000866:	681e      	ldr	r6, [r3, #0]
20000868:	2100      	movs	r1, #0
2000086a:	f7ff ff19 	bl	200006a0 <prepare_ep_buffer>
2000086e:	2580      	movs	r5, #128	@ 0x80
20000870:	016d      	lsls	r5, r5, #5
20000872:	4305      	orrs	r5, r0
20000874:	4b19      	ldr	r3, [pc, #100]	@ (200008dc <hw_endpoint_start_next_buffer+0x7c>)
20000876:	6c1b      	ldr	r3, [r3, #64]	@ 0x40
20000878:	2202      	movs	r2, #2
2000087a:	0011      	movs	r1, r2
2000087c:	4019      	ands	r1, r3
2000087e:	421a      	tst	r2, r3
20000880:	d104      	bne.n	2000088c <hw_endpoint_start_next_buffer+0x2c>
20000882:	78a3      	ldrb	r3, [r4, #2]
20000884:	09db      	lsrs	r3, r3, #7
20000886:	d017      	beq.n	200008b8 <hw_endpoint_start_next_buffer+0x58>
20000888:	2900      	cmp	r1, #0
2000088a:	d017      	beq.n	200008bc <hw_endpoint_start_next_buffer+0x5c>
2000088c:	78a3      	ldrb	r3, [r4, #2]
2000088e:	065b      	lsls	r3, r3, #25
20000890:	d116      	bne.n	200008c0 <hw_endpoint_start_next_buffer+0x60>
20000892:	2300      	movs	r3, #0
20000894:	8aa2      	ldrh	r2, [r4, #20]
20000896:	2a00      	cmp	r2, #0
20000898:	d001      	beq.n	2000089e <hw_endpoint_start_next_buffer+0x3e>
2000089a:	2b00      	cmp	r3, #0
2000089c:	d012      	beq.n	200008c4 <hw_endpoint_start_next_buffer+0x64>
2000089e:	4b10      	ldr	r3, [pc, #64]	@ (200008e0 <hw_endpoint_start_next_buffer+0x80>)
200008a0:	401e      	ands	r6, r3
200008a2:	2380      	movs	r3, #128	@ 0x80
200008a4:	059b      	lsls	r3, r3, #22
200008a6:	4333      	orrs	r3, r6
200008a8:	6862      	ldr	r2, [r4, #4]
200008aa:	6013      	str	r3, [r2, #0]
200008ac:	002a      	movs	r2, r5
200008ae:	2100      	movs	r1, #0
200008b0:	0020      	movs	r0, r4
200008b2:	f7ff ffaf 	bl	20000814 <_hw_endpoint_buffer_control_update32>
200008b6:	bd70      	pop	{r4, r5, r6, pc}
200008b8:	2301      	movs	r3, #1
200008ba:	e7eb      	b.n	20000894 <hw_endpoint_start_next_buffer+0x34>
200008bc:	2300      	movs	r3, #0
200008be:	e7e9      	b.n	20000894 <hw_endpoint_start_next_buffer+0x34>
200008c0:	2301      	movs	r3, #1
200008c2:	e7e7      	b.n	20000894 <hw_endpoint_start_next_buffer+0x34>
200008c4:	2101      	movs	r1, #1
200008c6:	0020      	movs	r0, r4
200008c8:	f7ff feea 	bl	200006a0 <prepare_ep_buffer>
200008cc:	4305      	orrs	r5, r0
200008ce:	4a05      	ldr	r2, [pc, #20]	@ (200008e4 <hw_endpoint_start_next_buffer+0x84>)
200008d0:	4032      	ands	r2, r6
200008d2:	23a0      	movs	r3, #160	@ 0xa0
200008d4:	05db      	lsls	r3, r3, #23
200008d6:	4313      	orrs	r3, r2
200008d8:	e7e6      	b.n	200008a8 <hw_endpoint_start_next_buffer+0x48>
200008da:	46c0      	nop			@ (mov r8, r8)
200008dc:	50110000 	.word	0x50110000
200008e0:	afffffff 	.word	0xafffffff
200008e4:	dfffffff 	.word	0xdfffffff

200008e8 <hw_endpoint_xfer_continue>:
200008e8:	b570      	push	{r4, r5, r6, lr}
200008ea:	0004      	movs	r4, r0
200008ec:	7e85      	ldrb	r5, [r0, #26]
200008ee:	2d00      	cmp	r5, #0
200008f0:	d006      	beq.n	20000900 <hw_endpoint_xfer_continue+0x18>
200008f2:	f7ff ff75 	bl	200007e0 <_hw_endpoint_xfer_sync>
200008f6:	8aa3      	ldrh	r3, [r4, #20]
200008f8:	2b00      	cmp	r3, #0
200008fa:	d105      	bne.n	20000908 <hw_endpoint_xfer_continue+0x20>
200008fc:	0028      	movs	r0, r5
200008fe:	bd70      	pop	{r4, r5, r6, pc}
20000900:	7881      	ldrb	r1, [r0, #2]
20000902:	4808      	ldr	r0, [pc, #32]	@ (20000924 <hw_endpoint_xfer_continue+0x3c>)
20000904:	f000 f900 	bl	20000b08 <__panic_veneer>
20000908:	0020      	movs	r0, r4
2000090a:	f7ff ff15 	bl	20000738 <e15_is_critical_frame_period>
2000090e:	1e05      	subs	r5, r0, #0
20000910:	d003      	beq.n	2000091a <hw_endpoint_xfer_continue+0x32>
20000912:	2301      	movs	r3, #1
20000914:	7723      	strb	r3, [r4, #28]
20000916:	2500      	movs	r5, #0
20000918:	e7f0      	b.n	200008fc <hw_endpoint_xfer_continue+0x14>
2000091a:	0020      	movs	r0, r4
2000091c:	f7ff ffa0 	bl	20000860 <hw_endpoint_start_next_buffer>
20000920:	e7ec      	b.n	200008fc <hw_endpoint_xfer_continue+0x14>
20000922:	46c0      	nop			@ (mov r8, r8)
20000924:	10008da8 	.word	0x10008da8

20000928 <dcd_event_handler>:
20000928:	b570      	push	{r4, r5, r6, lr}
2000092a:	b084      	sub	sp, #16
2000092c:	0006      	movs	r6, r0
2000092e:	000d      	movs	r5, r1
20000930:	7843      	ldrb	r3, [r0, #1]
20000932:	2b06      	cmp	r3, #6
20000934:	d812      	bhi.n	2000095c <dcd_event_handler+0x34>
20000936:	009b      	lsls	r3, r3, #2
20000938:	4a69      	ldr	r2, [pc, #420]	@ (20000ae0 <dcd_event_handler+0x1b8>)
2000093a:	58d3      	ldr	r3, [r2, r3]
2000093c:	469f      	mov	pc, r3
2000093e:	4b69      	ldr	r3, [pc, #420]	@ (20000ae4 <dcd_event_handler+0x1bc>)
20000940:	781a      	ldrb	r2, [r3, #0]
20000942:	2101      	movs	r1, #1
20000944:	438a      	bics	r2, r1
20000946:	701a      	strb	r2, [r3, #0]
20000948:	781a      	ldrb	r2, [r3, #0]
2000094a:	3101      	adds	r1, #1
2000094c:	438a      	bics	r2, r1
2000094e:	701a      	strb	r2, [r3, #0]
20000950:	2200      	movs	r2, #0
20000952:	705a      	strb	r2, [r3, #1]
20000954:	781a      	ldrb	r2, [r3, #0]
20000956:	3102      	adds	r1, #2
20000958:	438a      	bics	r2, r1
2000095a:	701a      	strb	r2, [r3, #0]
2000095c:	4b62      	ldr	r3, [pc, #392]	@ (20000ae8 <dcd_event_handler+0x1c0>)
2000095e:	681c      	ldr	r4, [r3, #0]
20000960:	0020      	movs	r0, r4
20000962:	3014      	adds	r0, #20
20000964:	f000 f8f0 	bl	20000b48 <__critical_section_enter_blocking_veneer>
20000968:	0031      	movs	r1, r6
2000096a:	0020      	movs	r0, r4
2000096c:	f000 f924 	bl	20000bb8 <__tu_fifo_write_veneer>
20000970:	6962      	ldr	r2, [r4, #20]
20000972:	69a3      	ldr	r3, [r4, #24]
20000974:	f3bf 8f5f 	dmb	sy
20000978:	2100      	movs	r1, #0
2000097a:	6011      	str	r1, [r2, #0]
2000097c:	f383 8810 	msr	PRIMASK, r3
20000980:	2800      	cmp	r0, #0
20000982:	d100      	bne.n	20000986 <dcd_event_handler+0x5e>
20000984:	e0a4      	b.n	20000ad0 <dcd_event_handler+0x1a8>
20000986:	7830      	ldrb	r0, [r6, #0]
20000988:	7871      	ldrb	r1, [r6, #1]
2000098a:	002a      	movs	r2, r5
2000098c:	f000 f8e4 	bl	20000b58 <__tud_event_hook_cb_veneer>
20000990:	b004      	add	sp, #16
20000992:	bd70      	pop	{r4, r5, r6, pc}
20000994:	4b53      	ldr	r3, [pc, #332]	@ (20000ae4 <dcd_event_handler+0x1bc>)
20000996:	781b      	ldrb	r3, [r3, #0]
20000998:	07db      	lsls	r3, r3, #31
2000099a:	d5f9      	bpl.n	20000990 <dcd_event_handler+0x68>
2000099c:	4a51      	ldr	r2, [pc, #324]	@ (20000ae4 <dcd_event_handler+0x1bc>)
2000099e:	7813      	ldrb	r3, [r2, #0]
200009a0:	2104      	movs	r1, #4
200009a2:	430b      	orrs	r3, r1
200009a4:	7013      	strb	r3, [r2, #0]
200009a6:	e7d9      	b.n	2000095c <dcd_event_handler+0x34>
200009a8:	4b4e      	ldr	r3, [pc, #312]	@ (20000ae4 <dcd_event_handler+0x1bc>)
200009aa:	781b      	ldrb	r3, [r3, #0]
200009ac:	07db      	lsls	r3, r3, #31
200009ae:	d5ef      	bpl.n	20000990 <dcd_event_handler+0x68>
200009b0:	4a4c      	ldr	r2, [pc, #304]	@ (20000ae4 <dcd_event_handler+0x1bc>)
200009b2:	7813      	ldrb	r3, [r2, #0]
200009b4:	2104      	movs	r1, #4
200009b6:	438b      	bics	r3, r1
200009b8:	7013      	strb	r3, [r2, #0]
200009ba:	e7cf      	b.n	2000095c <dcd_event_handler+0x34>
200009bc:	1a9b      	subs	r3, r3, r2
200009be:	015b      	lsls	r3, r3, #5
200009c0:	4a4a      	ldr	r2, [pc, #296]	@ (20000aec <dcd_event_handler+0x1c4>)
200009c2:	189b      	adds	r3, r3, r2
200009c4:	69db      	ldr	r3, [r3, #28]
200009c6:	2b00      	cmp	r3, #0
200009c8:	d002      	beq.n	200009d0 <dcd_event_handler+0xa8>
200009ca:	7830      	ldrb	r0, [r6, #0]
200009cc:	6871      	ldr	r1, [r6, #4]
200009ce:	4798      	blx	r3
200009d0:	3401      	adds	r4, #1
200009d2:	b2e4      	uxtb	r4, r4
200009d4:	4b46      	ldr	r3, [pc, #280]	@ (20000af0 <dcd_event_handler+0x1c8>)
200009d6:	781a      	ldrb	r2, [r3, #0]
200009d8:	0023      	movs	r3, r4
200009da:	1c51      	adds	r1, r2, #1
200009dc:	42a1      	cmp	r1, r4
200009de:	db0a      	blt.n	200009f6 <dcd_event_handler+0xce>
200009e0:	42a2      	cmp	r2, r4
200009e2:	d9eb      	bls.n	200009bc <dcd_event_handler+0x94>
200009e4:	4b43      	ldr	r3, [pc, #268]	@ (20000af4 <dcd_event_handler+0x1cc>)
200009e6:	681b      	ldr	r3, [r3, #0]
200009e8:	0162      	lsls	r2, r4, #5
200009ea:	189b      	adds	r3, r3, r2
200009ec:	2b00      	cmp	r3, #0
200009ee:	d1e9      	bne.n	200009c4 <dcd_event_handler+0x9c>
200009f0:	e7ee      	b.n	200009d0 <dcd_event_handler+0xa8>
200009f2:	2400      	movs	r4, #0
200009f4:	e7ee      	b.n	200009d4 <dcd_event_handler+0xac>
200009f6:	4b3b      	ldr	r3, [pc, #236]	@ (20000ae4 <dcd_event_handler+0x1bc>)
200009f8:	781b      	ldrb	r3, [r3, #0]
200009fa:	075b      	lsls	r3, r3, #29
200009fc:	d42a      	bmi.n	20000a54 <dcd_event_handler+0x12c>
200009fe:	4b39      	ldr	r3, [pc, #228]	@ (20000ae4 <dcd_event_handler+0x1bc>)
20000a00:	78db      	ldrb	r3, [r3, #3]
20000a02:	07db      	lsls	r3, r3, #31
20000a04:	d5c4      	bpl.n	20000990 <dcd_event_handler+0x68>
20000a06:	220c      	movs	r2, #12
20000a08:	2100      	movs	r1, #0
20000a0a:	a801      	add	r0, sp, #4
20000a0c:	f000 f8cc 	bl	20000ba8 <____wrap_memset_veneer>
20000a10:	7833      	ldrb	r3, [r6, #0]
20000a12:	466a      	mov	r2, sp
20000a14:	7113      	strb	r3, [r2, #4]
20000a16:	2303      	movs	r3, #3
20000a18:	7153      	strb	r3, [r2, #5]
20000a1a:	6873      	ldr	r3, [r6, #4]
20000a1c:	9302      	str	r3, [sp, #8]
20000a1e:	4b32      	ldr	r3, [pc, #200]	@ (20000ae8 <dcd_event_handler+0x1c0>)
20000a20:	681c      	ldr	r4, [r3, #0]
20000a22:	0020      	movs	r0, r4
20000a24:	3014      	adds	r0, #20
20000a26:	f000 f88f 	bl	20000b48 <__critical_section_enter_blocking_veneer>
20000a2a:	a901      	add	r1, sp, #4
20000a2c:	0020      	movs	r0, r4
20000a2e:	f000 f8c3 	bl	20000bb8 <__tu_fifo_write_veneer>
20000a32:	6962      	ldr	r2, [r4, #20]
20000a34:	69a3      	ldr	r3, [r4, #24]
20000a36:	f3bf 8f5f 	dmb	sy
20000a3a:	2100      	movs	r1, #0
20000a3c:	6011      	str	r1, [r2, #0]
20000a3e:	f383 8810 	msr	PRIMASK, r3
20000a42:	2800      	cmp	r0, #0
20000a44:	d037      	beq.n	20000ab6 <dcd_event_handler+0x18e>
20000a46:	ab01      	add	r3, sp, #4
20000a48:	7818      	ldrb	r0, [r3, #0]
20000a4a:	7859      	ldrb	r1, [r3, #1]
20000a4c:	002a      	movs	r2, r5
20000a4e:	f000 f883 	bl	20000b58 <__tud_event_hook_cb_veneer>
20000a52:	e79d      	b.n	20000990 <dcd_event_handler+0x68>
20000a54:	4a23      	ldr	r2, [pc, #140]	@ (20000ae4 <dcd_event_handler+0x1bc>)
20000a56:	7813      	ldrb	r3, [r2, #0]
20000a58:	2104      	movs	r1, #4
20000a5a:	438b      	bics	r3, r1
20000a5c:	7013      	strb	r3, [r2, #0]
20000a5e:	220c      	movs	r2, #12
20000a60:	2100      	movs	r1, #0
20000a62:	a801      	add	r0, sp, #4
20000a64:	f000 f8a0 	bl	20000ba8 <____wrap_memset_veneer>
20000a68:	7833      	ldrb	r3, [r6, #0]
20000a6a:	466a      	mov	r2, sp
20000a6c:	7113      	strb	r3, [r2, #4]
20000a6e:	2305      	movs	r3, #5
20000a70:	7153      	strb	r3, [r2, #5]
20000a72:	4b1d      	ldr	r3, [pc, #116]	@ (20000ae8 <dcd_event_handler+0x1c0>)
20000a74:	681c      	ldr	r4, [r3, #0]
20000a76:	0020      	movs	r0, r4
20000a78:	3014      	adds	r0, #20
20000a7a:	f000 f865 	bl	20000b48 <__critical_section_enter_blocking_veneer>
20000a7e:	a901      	add	r1, sp, #4
20000a80:	0020      	movs	r0, r4
20000a82:	f000 f899 	bl	20000bb8 <__tu_fifo_write_veneer>
20000a86:	6962      	ldr	r2, [r4, #20]
20000a88:	69a3      	ldr	r3, [r4, #24]
20000a8a:	f3bf 8f5f 	dmb	sy
20000a8e:	2100      	movs	r1, #0
20000a90:	6011      	str	r1, [r2, #0]
20000a92:	f383 8810 	msr	PRIMASK, r3
20000a96:	2800      	cmp	r0, #0
20000a98:	d006      	beq.n	20000aa8 <dcd_event_handler+0x180>
20000a9a:	ab01      	add	r3, sp, #4
20000a9c:	7818      	ldrb	r0, [r3, #0]
20000a9e:	7859      	ldrb	r1, [r3, #1]
20000aa0:	002a      	movs	r2, r5
20000aa2:	f000 f859 	bl	20000b58 <__tud_event_hook_cb_veneer>
20000aa6:	e7aa      	b.n	200009fe <dcd_event_handler+0xd6>
20000aa8:	22ad      	movs	r2, #173	@ 0xad
20000aaa:	4913      	ldr	r1, [pc, #76]	@ (20000af8 <dcd_event_handler+0x1d0>)
20000aac:	4813      	ldr	r0, [pc, #76]	@ (20000afc <dcd_event_handler+0x1d4>)
20000aae:	0052      	lsls	r2, r2, #1
20000ab0:	f000 f83a 	bl	20000b28 <____wrap_printf_veneer>
20000ab4:	e7a3      	b.n	200009fe <dcd_event_handler+0xd6>
20000ab6:	22ad      	movs	r2, #173	@ 0xad
20000ab8:	490f      	ldr	r1, [pc, #60]	@ (20000af8 <dcd_event_handler+0x1d0>)
20000aba:	4810      	ldr	r0, [pc, #64]	@ (20000afc <dcd_event_handler+0x1d4>)
20000abc:	0052      	lsls	r2, r2, #1
20000abe:	f000 f833 	bl	20000b28 <____wrap_printf_veneer>
20000ac2:	e765      	b.n	20000990 <dcd_event_handler+0x68>
20000ac4:	4a0e      	ldr	r2, [pc, #56]	@ (20000b00 <dcd_event_handler+0x1d8>)
20000ac6:	7813      	ldrb	r3, [r2, #0]
20000ac8:	3301      	adds	r3, #1
20000aca:	b2db      	uxtb	r3, r3
20000acc:	7013      	strb	r3, [r2, #0]
20000ace:	e745      	b.n	2000095c <dcd_event_handler+0x34>
20000ad0:	22ad      	movs	r2, #173	@ 0xad
20000ad2:	4909      	ldr	r1, [pc, #36]	@ (20000af8 <dcd_event_handler+0x1d0>)
20000ad4:	4809      	ldr	r0, [pc, #36]	@ (20000afc <dcd_event_handler+0x1d4>)
20000ad6:	0052      	lsls	r2, r2, #1
20000ad8:	f000 f826 	bl	20000b28 <____wrap_printf_veneer>
20000adc:	e758      	b.n	20000990 <dcd_event_handler+0x68>
20000ade:	46c0      	nop			@ (mov r8, r8)
20000ae0:	100094b0 	.word	0x100094b0
20000ae4:	200019c8 	.word	0x200019c8
20000ae8:	20001a20 	.word	0x20001a20
20000aec:	100095cc 	.word	0x100095cc
20000af0:	200025a9 	.word	0x200025a9
20000af4:	2000169c 	.word	0x2000169c
20000af8:	1000954c 	.word	0x1000954c
20000afc:	10008e08 	.word	0x10008e08
20000b00:	200025ab 	.word	0x200025ab

20000b04 <__aeabi_idiv0>:
20000b04:	4770      	bx	lr
20000b06:	46c0      	nop			@ (mov r8, r8)

20000b08 <__panic_veneer>:
20000b08:	b401      	push	{r0}
20000b0a:	4802      	ldr	r0, [pc, #8]	@ (20000b14 <__panic_veneer+0xc>)
20000b0c:	4684      	mov	ip, r0
20000b0e:	bc01      	pop	{r0}
20000b10:	4760      	bx	ip
20000b12:	bf00      	nop
20000b14:	10000d31 	.word	0x10000d31

20000b18 <__unaligned_memcpy_veneer>:
20000b18:	b401      	push	{r0}
20000b1a:	4802      	ldr	r0, [pc, #8]	@ (20000b24 <__unaligned_memcpy_veneer+0xc>)
20000b1c:	4684      	mov	ip, r0
20000b1e:	bc01      	pop	{r0}
20000b20:	4760      	bx	ip
20000b22:	bf00      	nop
20000b24:	10004f31 	.word	0x10004f31

20000b28 <____wrap_printf_veneer>:
20000b28:	b401      	push	{r0}
20000b2a:	4802      	ldr	r0, [pc, #8]	@ (20000b34 <____wrap_printf_veneer+0xc>)
20000b2c:	4684      	mov	ip, r0
20000b2e:	bc01      	pop	{r0}
20000b30:	4760      	bx	ip
20000b32:	bf00      	nop
20000b34:	100042e5 	.word	0x100042e5

20000b38 <__best_effort_wfe_or_timeout_veneer>:
20000b38:	b401      	push	{r0}
20000b3a:	4802      	ldr	r0, [pc, #8]	@ (20000b44 <__best_effort_wfe_or_timeout_veneer+0xc>)
20000b3c:	4684      	mov	ip, r0
20000b3e:	bc01      	pop	{r0}
20000b40:	4760      	bx	ip
20000b42:	bf00      	nop
20000b44:	10001c69 	.word	0x10001c69

20000b48 <__critical_section_enter_blocking_veneer>:
20000b48:	b401      	push	{r0}
20000b4a:	4802      	ldr	r0, [pc, #8]	@ (20000b54 <__critical_section_enter_blocking_veneer+0xc>)
20000b4c:	4684      	mov	ip, r0
20000b4e:	bc01      	pop	{r0}
20000b50:	4760      	bx	ip
20000b52:	bf00      	nop
20000b54:	1000506d 	.word	0x1000506d

20000b58 <__tud_event_hook_cb_veneer>:
20000b58:	b401      	push	{r0}
20000b5a:	4802      	ldr	r0, [pc, #8]	@ (20000b64 <__tud_event_hook_cb_veneer+0xc>)
20000b5c:	4684      	mov	ip, r0
20000b5e:	bc01      	pop	{r0}
20000b60:	4760      	bx	ip
20000b62:	bf00      	nop
20000b64:	10005259 	.word	0x10005259

20000b68 <____assert_func_veneer>:
20000b68:	b401      	push	{r0}
20000b6a:	4802      	ldr	r0, [pc, #8]	@ (20000b74 <____assert_func_veneer+0xc>)
20000b6c:	4684      	mov	ip, r0
20000b6e:	bc01      	pop	{r0}
20000b70:	4760      	bx	ip
20000b72:	bf00      	nop
20000b74:	10004005 	.word	0x10004005

20000b78 <__time_us_64_veneer>:
20000b78:	b401      	push	{r0}
20000b7a:	4802      	ldr	r0, [pc, #8]	@ (20000b84 <__time_us_64_veneer+0xc>)
20000b7c:	4684      	mov	ip, r0
20000b7e:	bc01      	pop	{r0}
20000b80:	4760      	bx	ip
20000b82:	bf00      	nop
20000b84:	10001e25 	.word	0x10001e25

20000b88 <__rp2040_chip_version_veneer>:
20000b88:	b401      	push	{r0}
20000b8a:	4802      	ldr	r0, [pc, #8]	@ (20000b94 <__rp2040_chip_version_veneer+0xc>)
20000b8c:	4684      	mov	ip, r0
20000b8e:	bc01      	pop	{r0}
20000b90:	4760      	bx	ip
20000b92:	bf00      	nop
20000b94:	10000cdd 	.word	0x10000cdd

20000b98 <____wrap___aeabi_lmul_veneer>:
20000b98:	b401      	push	{r0}
20000b9a:	4802      	ldr	r0, [pc, #8]	@ (20000ba4 <____wrap___aeabi_lmul_veneer+0xc>)
20000b9c:	4684      	mov	ip, r0
20000b9e:	bc01      	pop	{r0}
20000ba0:	4760      	bx	ip
20000ba2:	bf00      	nop
20000ba4:	10002ce1 	.word	0x10002ce1

20000ba8 <____wrap_memset_veneer>:
20000ba8:	b401      	push	{r0}
20000baa:	4802      	ldr	r0, [pc, #8]	@ (20000bb4 <____wrap_memset_veneer+0xc>)
20000bac:	4684      	mov	ip, r0
20000bae:	bc01      	pop	{r0}
20000bb0:	4760      	bx	ip
20000bb2:	bf00      	nop
20000bb4:	10002df1 	.word	0x10002df1

20000bb8 <__tu_fifo_write_veneer>:
20000bb8:	b401      	push	{r0}
20000bba:	4802      	ldr	r0, [pc, #8]	@ (20000bc4 <__tu_fifo_write_veneer+0xc>)
20000bbc:	4684      	mov	ip, r0
20000bbe:	bc01      	pop	{r0}
20000bc0:	4760      	bx	ip
20000bc2:	bf00      	nop
20000bc4:	1000710d 	.word	0x1000710d

20000bc8 <pwm_active>:
20000bc8:	                                         .

20000bc9 <striped_spin_lock_num>:
20000bc9:	                                         ...

20000bcc <irq_handler_chain_slots>:
20000bcc:	00000000 	.word	0x00000000
20000bd0:	00010000 	.word	0x00010000
	...
20000bdc:	00020000 	.word	0x00020000
	...
20000be8:	00030000 	.word	0x00030000
	...
20000bf4:	00ff0000 	.word	0x00ff0000
20000bf8:	00000000 	.word	0x00000000

20000bfc <irq_handler_chain_first_slot>:
20000bfc:	b501      	push	{r0, lr}
20000bfe:	6848      	ldr	r0, [r1, #4]
20000c00:	3101      	adds	r1, #1
20000c02:	468e      	mov	lr, r1
20000c04:	4700      	bx	r0

20000c06 <irq_handler_chain_remove_tail>:
20000c06:	4670      	mov	r0, lr
20000c08:	3809      	subs	r0, #9
20000c0a:	4901      	ldr	r1, [pc, #4]	@ (20000c10 <irq_handler_chain_remove_tail+0xa>)
20000c0c:	4788      	blx	r1
20000c0e:	bd01      	pop	{r0, pc}
20000c10:	100013f9 	.word	0x100013f9

20000c14 <default_alarm_pool>:
	...
20000c28:	200011f0 00000000                       ... ....

20000c30 <aeabi_bits_funcs>:
20000c30:	00003350 	.word	0x00003350
20000c34:	0000334c 	.word	0x0000334c
20000c38:	00003354 	.word	0x00003354
20000c3c:	00003352 	.word	0x00003352

20000c40 <aeabi_bits_funcs_end>:
20000c40:	0000534d 	.word	0x0000534d
20000c44:	0000434d 	.word	0x0000434d
20000c48:	00003453 	.word	0x00003453
20000c4c:	00003443 	.word	0x00003443

20000c50 <stdio_uart>:
20000c50:	10004381 10004425 100043a1 10004435     .C..%D...C..5D..
20000c60:	00000000 00000100                       ........

20000c68 <stdio_usb>:
20000c68:	100049d1 1000466d 10004939 10004659     .I..mF..9I..YF..
20000c78:	00000000 00000100                       ........

20000c80 <_usbd_qdef>:
20000c80:	20001a24 000c0010 00000000 00000000     $.. ............
	...

20000c9c <_usbd_rhport>:
20000c9c:	000000ff                                ....

20000ca0 <i2c1_inst>:
20000ca0:	40048000 00000000                       ...@....

20000ca8 <i2c0_inst>:
20000ca8:	40044000 00000000                       .@.@....

20000cb0 <_impure_ptr>:
20000cb0:	20000cb8 00000000                       ... ....

20000cb8 <_impure_data>:
20000cb8:	00000000 200013cc 20001434 2000149c     ....... 4.. ... 
	...
20000d50:	00000001 00000000 abcd330e e66d1234     .........3..4.m.
20000d60:	0005deec 0000000b 00000000 00000000     ................
	...

20000dd8 <__malloc_sbrk_base>:
20000dd8:	ffffffff                                ....

20000ddc <__malloc_trim_threshold>:
20000ddc:	00020000                                ....

20000de0 <__malloc_av_>:
	...
20000de8:	20000de0 20000de0 20000de8 20000de8     ... ... ... ... 
20000df8:	20000df0 20000df0 20000df8 20000df8     ... ... ... ... 
20000e08:	20000e00 20000e00 20000e08 20000e08     ... ... ... ... 
20000e18:	20000e10 20000e10 20000e18 20000e18     ... ... ... ... 
20000e28:	20000e20 20000e20 20000e28 20000e28      ..  .. (.. (.. 
20000e38:	20000e30 20000e30 20000e38 20000e38     0.. 0.. 8.. 8.. 
20000e48:	20000e40 20000e40 20000e48 20000e48     @.. @.. H.. H.. 
20000e58:	20000e50 20000e50 20000e58 20000e58     P.. P.. X.. X.. 
20000e68:	20000e60 20000e60 20000e68 20000e68     `.. `.. h.. h.. 
20000e78:	20000e70 20000e70 20000e78 20000e78     p.. p.. x.. x.. 
20000e88:	20000e80 20000e80 20000e88 20000e88     ... ... ... ... 
20000e98:	20000e90 20000e90 20000e98 20000e98     ... ... ... ... 
20000ea8:	20000ea0 20000ea0 20000ea8 20000ea8     ... ... ... ... 
20000eb8:	20000eb0 20000eb0 20000eb8 20000eb8     ... ... ... ... 
20000ec8:	20000ec0 20000ec0 20000ec8 20000ec8     ... ... ... ... 
20000ed8:	20000ed0 20000ed0 20000ed8 20000ed8     ... ... ... ... 
20000ee8:	20000ee0 20000ee0 20000ee8 20000ee8     ... ... ... ... 
20000ef8:	20000ef0 20000ef0 20000ef8 20000ef8     ... ... ... ... 
20000f08:	20000f00 20000f00 20000f08 20000f08     ... ... ... ... 
20000f18:	20000f10 20000f10 20000f18 20000f18     ... ... ... ... 
20000f28:	20000f20 20000f20 20000f28 20000f28      ..  .. (.. (.. 
20000f38:	20000f30 20000f30 20000f38 20000f38     0.. 0.. 8.. 8.. 
20000f48:	20000f40 20000f40 20000f48 20000f48     @.. @.. H.. H.. 
20000f58:	20000f50 20000f50 20000f58 20000f58     P.. P.. X.. X.. 
20000f68:	20000f60 20000f60 20000f68 20000f68     `.. `.. h.. h.. 
20000f78:	20000f70 20000f70 20000f78 20000f78     p.. p.. x.. x.. 
20000f88:	20000f80 20000f80 20000f88 20000f88     ... ... ... ... 
20000f98:	20000f90 20000f90 20000f98 20000f98     ... ... ... ... 
20000fa8:	20000fa0 20000fa0 20000fa8 20000fa8     ... ... ... ... 
20000fb8:	20000fb0 20000fb0 20000fb8 20000fb8     ... ... ... ... 
20000fc8:	20000fc0 20000fc0 20000fc8 20000fc8     ... ... ... ... 
20000fd8:	20000fd0 20000fd0 20000fd8 20000fd8     ... ... ... ... 
20000fe8:	20000fe0 20000fe0 20000fe8 20000fe8     ... ... ... ... 
20000ff8:	20000ff0 20000ff0 20000ff8 20000ff8     ... ... ... ... 
20001008:	20001000 20001000 20001008 20001008     ... ... ... ... 
20001018:	20001010 20001010 20001018 20001018     ... ... ... ... 
20001028:	20001020 20001020 20001028 20001028      ..  .. (.. (.. 
20001038:	20001030 20001030 20001038 20001038     0.. 0.. 8.. 8.. 
20001048:	20001040 20001040 20001048 20001048     @.. @.. H.. H.. 
20001058:	20001050 20001050 20001058 20001058     P.. P.. X.. X.. 
20001068:	20001060 20001060 20001068 20001068     `.. `.. h.. h.. 
20001078:	20001070 20001070 20001078 20001078     p.. p.. x.. x.. 
20001088:	20001080 20001080 20001088 20001088     ... ... ... ... 
20001098:	20001090 20001090 20001098 20001098     ... ... ... ... 
200010a8:	200010a0 200010a0 200010a8 200010a8     ... ... ... ... 
200010b8:	200010b0 200010b0 200010b8 200010b8     ... ... ... ... 
200010c8:	200010c0 200010c0 200010c8 200010c8     ... ... ... ... 
200010d8:	200010d0 200010d0 200010d8 200010d8     ... ... ... ... 
200010e8:	200010e0 200010e0 200010e8 200010e8     ... ... ... ... 
200010f8:	200010f0 200010f0 200010f8 200010f8     ... ... ... ... 
20001108:	20001100 20001100 20001108 20001108     ... ... ... ... 
20001118:	20001110 20001110 20001118 20001118     ... ... ... ... 
20001128:	20001120 20001120 20001128 20001128      ..  .. (.. (.. 
20001138:	20001130 20001130 20001138 20001138     0.. 0.. 8.. 8.. 
20001148:	20001140 20001140 20001148 20001148     @.. @.. H.. H.. 
20001158:	20001150 20001150 20001158 20001158     P.. P.. X.. X.. 
20001168:	20001160 20001160 20001168 20001168     `.. `.. h.. h.. 
20001178:	20001170 20001170 20001178 20001178     p.. p.. x.. x.. 
20001188:	20001180 20001180 20001188 20001188     ... ... ... ... 
20001198:	20001190 20001190 20001198 20001198     ... ... ... ... 
200011a8:	200011a0 200011a0 200011a8 200011a8     ... ... ... ... 
200011b8:	200011b0 200011b0 200011b8 200011b8     ... ... ... ... 
200011c8:	200011c0 200011c0 200011c8 200011c8     ... ... ... ... 
200011d8:	200011d0 200011d0 200011d8 200011d8     ... ... ... ... 

200011e8 <print_mutex>:
	...
