:020000041000EA
:1000000000B5324B212058609868022188439860DF
:10001000D860186158612E4B002199600221596106
:100020000121F02299502B49196001219960352056
:1000300000F044F80222904214D00621196600F024
:1000400034F8196E01211966002018661A6600F04E
:100050002CF8196E196E196E052000F02FF8012189
:100060000842F9D1002199601B49196000215960AB
:100070001A491B48016001219960EB211966A021F2
:10008000196600F012F800219960164914480160C1
:100090000121996001BC002800D000471248134993
:1000A000086003C880F30888084703B5996A0420EC
:1000B0000142FBD001200142F8D103BD02B5186610
:1000C0001866FFF7F2FF186E186E02BD00000240BE
:1000D000000000180000070000035F00212200005C
:1000E000F4000018222000A00001001008ED00E03C
:1000F00000000000000000000000000074B24E7A12
:1001000000200420F7010010C3010010C5010010F9
:10011000C1010010C1010010C1010010C101001097
:10012000C1010010C1010010C1010010C701001081
:10013000C1010010C1010010C9010010CB01001065
:10014000CD010010CD010010CD010010CD01001037
:10015000CD010010CD010010CD010010CD01001027
:10016000CD010010CD010010CD010010CD01001017
:10017000CD010010CD010010CD010010CD01001007
:10018000CD010010CD010010CD010010CD010010F7
:10019000CD010010CD010010CD010010CD010010E7
:1001A000CD010010CD010010CD010010CD010010D7
:1001B000CD010010CD010010CD010010CD010010C7
:1001C00000BE00BE00BE00BE00BE00BEEFF3058054
:1001D000103800BEF2EB88710C9700103C970010AD
:1001E0003802001090A31AE71E481F49086006C88D
:1001F00081F3088810471D480068002801D019487D
:10020000F3E70DA40ECC002902D000F012F8F9E7B4
:100210001749184A002000E001C19142FCD116495B
:100220008847164988471649884700BEFDE701C937
:1002300001C29A42FBD370473C970010C0000020D7
:10024000F01100206CA80010000004200000042021
:100250006CA8001000100420001004200000000012
:10026000704700000000000008ED00E0000000D032
:10027000F0110020B42500203D4000104D06001074
:10028000FD3F0010F8B5C0460448054B10B5834249
:1002900003D0044B002B00D0984710BDF011002074
:1002A000F01100200000000006480749091A8B10D1
:1002B000C90FC91810B5491003D0044B002B00D04A
:1002C000984710BDF0110020F01100200000000040
:1002D00010B5074C2378002B09D1FFF7D5FF054B4C
:1002E000002B02D0044800E000BF0123237010BDA2
:1002F0007813002000000000A8800010054B10B506
:10030000002B03D00449054800E000BFFFF7CCFFF5
:1003100010BDC046000000007C130020A880001023
:1003200083001B189B000B488446634400290DD0B2
:100330001020824000290BD00749186842400A402B
:10034000802149018C4663441A6070470800F0E739
:100350000249F2E70C0005400000FFFFFFFF00002C
:1003600010B5162802D0052822D010BD1B481C4904
:1003700000F0B2F90028F8D00B2000F0C6F90B20ED
:1003800000F0D2F900280FD01649174803F0AAFF51
:1003900016490A780132012313400B7006D1144923
:1003A000144803F09FFFE0E71349EEE71349F7E72E
:1003B00013480B4900F090F90028D6D0114A137861
:1003C00001214B40DBB21370002B04D005490E48CD
:1003D00003F088FFC9E70849F9E7C0463423002045
:1003E000400D0300A8800010E0800010AD25002023
:1003F000BC800010F0800010B0800010CC80001095
:1004000030230020C80B00201481001010B5040018
:100410001F2100F029FB00220021200000F03EFBFC
:100420000021200000F03AFC10BD000030B583B080
:10043000174D1849280007F037F803210E2000F067
:1004400013FB03210F2000F00FFB002201210E20DF
:1004500000F024FB002201210F2000F01FFB0E4CB6
:1004600001953C230093002340228021200000F0CE
:100470007FF9200000F0A1F9200000F004FA00212B
:10048000200000F041FA200000F0FDF903B030BD7B
:10049000A00C0020801A06007025002010B506F080
:1004A000AFFE1A20FFF7B2FF1B20FFF7AFFF10BD12
:1004B00010B500030B4B1B685840E023DB011840CC
:1004C000094B18600520002101F0B2FB074B042204
:1004D0001A60044B1B68DB05FBD5024B586880B2E1
:1004E00010BDC04600C0044000D0044000E00440FD
:1004F00070B5174B9C46604400B261440CB2C31700
:10050000C018584080B28C281ED98C380302181AA3
:10051000104902F027F80500E217A31853409BB2D8
:10052000642B13D9643B1802C01A0B4902F01AF865
:100530000400AAB201210620FFF7F2FEA2B20021B8
:100540000620FFF7EDFE70BD0025E5E70024F0E78B
:1005500000F8FFFF740700009C070000F0B587B0AB
:100560000F00354D281AC400241AE4002900200089
:1005700001F0F8FF05903801C01BC00007002900FA
:1005800001F0F0FF05002D4B9C4201DA002305939A
:100590002A4B9F4204DB2A4B9F4202DD782500E074
:1005A00000252848002100F0AFF9274B1B78002BCD
:1005B00001D000272AE023480293013301933F33FF
:1005C000009340330022002100F0B6F9EAB26B46F6
:1005D000197D1C4C012302930193073300932000E3
:1005E00000F0AAF9200000F04EF907B0F0BDFEB20D
:1005F000144C012300223100200000F06CF901238B
:100600003F223100200000F066F904377F2FEEDD35
:1006100000273F2FDADCFEB20A4C01233200002112
:10062000200000F058F9012332007F21200000F063
:1006300052F90437EDE7C046FF0F000002F0FFFF5C
:10064000868F070070250020AD25002070B500F0D2
:1006500051F80D2000F0E0F90C2000F0DDF903F076
:100660000BFE00F06CF8FFF7E1FEFFF717FF184CE8
:10067000230001220421052000F0ACFA230001220E
:100680000421162000F0A6FA0AE001002000FFF77E
:100690002FFF29002000FFF761FF192001F0DAFA8F
:1006A0000020FFF705FF04000120FFF701FF050010
:1006B000084B1B78002BE8D1002201210620FFF710
:1006C0002FFE002200210620FFF72AFEE1E7C046A8
:1006D00061030010C80B0020054B9A6A0368D31A07
:1006E0008B4201D80020704702600120FBE7C04622
:1006F0000040054010B50B2000F0E4FAD0231B06A3
:10070000802212015A629A6110BDD0231B065A68DA
:1007100001238340134203D1D02212065361704754
:10072000D02212069361FAE7D0231B065A680123F0
:10073000834018001040431E9841C0B2704710B566
:10074000052000F0BFFAD02424062023A362002253
:100750000121052000F0A2F9162000F0B3FA802351
:10076000DB03A36200220121162000F097F910BDDF
:1007700010B5040002AB1B7801704270D208827081
:10078000C370039B43605143481C2061012102F068
:100790001BFBE060402303704033237510BD00B5A0
:1007A00083B0417502001432C17840680023009381
:1007B000023306F0A3FE03B000BD10B50400AE2165
:1007C000FFF7EDFF20212000FFF7E9FF01212000C6
:1007D000FFF7E5FF40212000FFF7E1FFA121200006
:1007E000FFF7DDFFA8212000FFF7D9FF3F21200000
:1007F000FFF7D5FFC8212000FFF7D1FFD32120004C
:10080000FFF7CDFF00212000FFF7C9FFDA2120000C
:10081000FFF7C5FF12212000FFF7C1FFD5212000FF
:10082000FFF7BDFF80212000FFF7B9FFD92120008D
:10083000FFF7B5FFF1212000FFF7B1FFDB2120001A
:10084000FFF7ADFF30212000FFF7A9FF8121200035
:10085000FFF7A5FFFF212000FFF7A1FFA421200043
:10086000FFF79DFFA6212000FFF799FF8D212000B3
:10087000FFF795FF14212000FFF791FFAF21200023
:10088000FFF78DFF10BD10B582B004002121FFF7E6
:1008900086FF00212000FFF782FF21780139C9B2CD
:1008A0002000FFF77CFF22212000FFF778FF0021C6
:1008B0002000FFF774FFA1780139C9B22000FFF7CB
:1008C0006EFFE2682369E17860680024009406F016
:1008D00015FE02B010BD10B5C900D40809190131C8
:1008E00007242240002B06D0C468635C012090409E
:1008F0000343635410BDC068445C01239340DB4351
:100900005BB223404354F5E7F8B505000F0000261D
:100910000CE03B00320021002800FFF7DCFF01342F
:10092000E4B22878A042F4D80136F6B26B78B3422C
:1009300001D90024F5E7F8BDF0B5DE4657464E462E
:100940004546E0B583B0060099460CAB1B789A4645
:100950000DAB1F780EAB1B78019314000D00904671
:1009600011E03B002A0021003000FFF7B4FF53469E
:10097000EA18D2B2013AD2B23B0021003000FFF7B0
:10098000AAFF0134E4B242464A449442E9DB4346BA
:10099000A8461D004446934611E03B002200290072
:1009A0003000FFF798FF4B46E918C9B20139C9B2C8
:1009B0003B0022003000FFF78EFF0134E4B24346D3
:1009C00053449C42E9DB5A469B46019B002B1BD0BB
:1009D0000135EDB29246B94637005E460CE04B4613
:1009E000220029003800FFF776FF0134E4B2731EBD
:1009F0009C42F4DB0135EDB25346013B9D4203DAE4
:100A000043465C1CE4B2F2E703B0F0BCBB46B2461E
:100A1000A946A046F0BD000010B50400042100F076
:100A200023F81F2C16D86408072222409300991837
:100A300089000B488446614410204860EF3008610B
:100A40009B189B00096801228A4306498C4663442F
:100A50001A6010BD6408032222400832E6E7C0464F
:100A6000000005400010054010B58300084A9A18A0
:100A700014684022544080322240064CA44663440D
:100A80001A60C000044B9C466044416010BDC046E3
:100A900004C0014004D001400040014080000C4BE4
:100AA0009C46604400290ED00823002A0DD0042261
:100AB0001343026853400C22134080225201944693
:100AC0006044036070470023EFE70022F0E7C04670
:100AD00004C0014070B50400D0231B061D680D4BF7
:100AE000AA00D358002B0AD0002803D0094BAD0030
:100AF000EC5070BD08490D2000F0B8FBF6E7002867
:100B0000F7D0044BAD00E850034900220D2000F05F
:100B1000A1FAEEE7B01E0020FD0B001007230340F2
:100B20009B00C00899403C308000014BC150704789
:100B300000400140F8B507000D0016001C00FFF74B
:100B4000EDFFFB089B00E41807203840800085403B
:100B5000002E05D080239B019C4664442560F8BD8F
:100B6000C0239B019C4664442560F8E770B5002AC9
:100B70000FD0D0231B061C680F4BA500EB58202874
:100B800010D40023DB0704D40C4BA400E358002B43
:100B90000AD0D0231B061B68002B0BD0084BFFF795
:100BA000C9FF70BDC340EDE7064B074A0748BE21A9
:100BB00003F028FA064BF2E758230020B01E00206D
:100BC000304101408C810010848E0010488100105B
:100BD0000041014070B505000E0014001800FFF739
:100BE00079FF220031002800FFF7C0FF002C00D160
:100BF00070BD01210D2000F0D7F9F9E7F0B5D64618
:100C00004F464646C0B5D0231B061F681F4BBA008F
:100C1000D3589846002F03D01D4B9946002626E056
:100C20001C4B9946FAE7EB40DB0714D52409013544
:100C3000002C1BD033000833AB4217D90F231A0006
:100C4000224092462342F1D0134BBA00D358202DB4
:100C5000E9D40023E8E751462800FFF75FFF434649
:100C6000002BE3D051462800C047DFE708361D2E91
:100C700006D8F30808339B004A469C583500D7E74E
:100C8000E0BCBA46B146A846F0BDC046B01E002042
:100C9000304101400041014058230020002906D086
:100CA0008000064B9C4660444023036070478000F0
:100CB000034B9C46604440230360F7E704E0014097
:100CC00004F0014010B501238340D0221206936244
:100CD00093610521FFF7C8FE10BD000010B5802309
:100CE000DB05186803051B0D0B4A934207D10B4B1C
:100CF000034080229201934207D1000F10BD084BA0
:100D0000084A0948222103F07DF9084B054A0648A4
:100D1000232103F077F9C0462709000000F0FF0FF8
:100D2000E48100109C8E0010088200104C8200109C
:100D30000FB400B583B0084803F0A5FA049B002B5C
:100D400007D005A90191180003F0ACFA034803F09D
:100D50009AFA012003F034F960820010EC80001050
:100D6000EFF3108072B6034B1B68002BFBD0BFF370
:100D70005F8F70472C0100D0BFF35F8F024B0022C2
:100D80001A6080F3108870472C0100D0F8B5060077
:100D90000C001500FFF7E4FFE308F718F15C0722E9
:100DA0002240012393400B4205D1DBB20B433B7041
:100DB000FFF7E2FFF8BD21002800FFF7B9FFF0B50B
:100DC00083B00600019114001F00FFF7C9FF00E087
:100DD0000134BC420CD8E308F518F35C072121402C
:100DE00001228A401A42F3D1D2B21A432A7001E09A
:100DF00001246442FFF7C0FF002C02DB200003B097
:100E0000F0BD019B002BF9D00898FFF791FF00007F
:100E1000054A1078431CDBB21370172B02D913005C
:100E200010221A707047C046C90B002010B582B05E
:100E30000100054C054B00931F2318222000FFF7EB
:100E4000BEFF02B010BDC046C81E00207082001058
:100E5000002307E0054A9A189200BFF35F8F002134
:100E6000116001331F2BF5D97047C0464000003494
:100E7000074B9B68103080001950BFF35F8FBFF3A2
:100E80005F8F044B0021196082F310887047C046C1
:100E900000ED00E0240100D00048704700E400E0CD
:100EA00010B5FFF7F9FF002302E0034A04C0013345
:100EB000072BFAD910BDC0468080808010B503880A
:100EC000DA0A1C2A05D15B055B1502335B00C018EA
:100ED00010BD034B034A10210348FF3103F092F881
:100EE0008C820010FC8E0010A482001010B5091A2C
:100EF0000B1F0A4A88180A4A904208D8C90706D424
:100F00005B105B055B0D0748184380B210BD064BB4
:100F1000064A02210648FF3103F074F8FC0700007E
:100F2000FE0F000000E0FFFFE8820010F08E0010CE
:100F3000A482001010B5091A04394A08090B08D117
:100F40004905490D064B0B430380064B1343438071
:100F500010BD054B054A0A210548FF3103F052F840
:100F600000F0FFFF00F8FFFF18830010CC8E001088
:100F7000A482001001238340034A10681840431ED6
:100F80009841C0B27047C04600E100E0002A05D099
:100F9000044BC0225200995019607047014A8023C7
:100FA000D150FAE700E100E010B50A001F2303402A
:100FB000012199404009FFF7E9FF10BD012383405B
:100FC000014A13607047C04600E200E0024B9B6894
:100FD00010308000C058704700ED00E010B5FFF7FA
:100FE000F5FF002805D0054BC01A2F2803D8012093
:100FF00010BD0020FCE70020FAE7C046CC0B002023
:1010000070B504000D00EFF3108672B60C4B1B6830
:10101000002BFBD0BFF35F8F2000FFF7D7FF094BFA
:10102000984201D0A84205D1320029002000FFF7E4
:101030001FFF70BD044B054A0548E12102F0E2FFA5
:10104000240100D0CD01001028830010248F00104F
:10105000A4820010F0B5DE4657464E464546E0B540
:1010600089B0814601911500EFF3108B72B66F4B7A
:101070001B68002BFBD0BFF35F8F6D4B00269E5784
:10108000002E40DB7400A419A4006A48241806222C
:10109000A256674B1A70684B9A684B4610339B00F8
:1010A000D35898461B1A2F2B3BD9644B984531D106
:1010B00005AF634B3B80634973009A4698198000E3
:1010C0005C4B984640440230FFF710FF78805E4B3F
:1010D000BB80FF23BB71FD71019B07933300534419
:1010E0009B00434407CF07C301231C43A0465A4635
:1010F00041464846FFF7BCFE09B0F0BCBB46B246CD
:10110000A946A046F0BD514B514A6E215148FF31CE
:1011100002F078FF504B4E4ABA214E48490002F087
:1011200071FF012342469A439246101A0C2101F0A6
:1011300041FA00290FD153460027DA79AA4212D981
:101140000621595600290DDB4A00521892003949F0
:101150001F008B18F1E7414B3D4A86213D48FF3186
:1011600002F050FF1F00002F2ED005AB3C4A1A8022
:10117000813A5A800623FB560293002B17DA39482E
:1011800005AB9A469880029A9A71DD71019A07928E
:10119000381D2100FFF7AAFEB880BE71254B7200F2
:1011A000921992009B18524613CA13C39FE7381D29
:1011B000FFF784FE01007000801980001D4BC018ED
:1011C0000430FFF793FEDBE705AF1D4B3B801D4965
:1011D000730002939B199B00164A90461A004244E2
:1011E0000392901CFFF782FE7880039A101D5146EF
:1011F000FFF77CFEB8801C4B52464146521A5241C2
:1012000053431B0DBB71FD71019A0792029B9B1901
:101210009B00434407CF07C3114B52461380813BC9
:10122000538001231C43A04661E7C046240100D03F
:10123000AE250020CC0B002000ED00E0CD01001019
:1012400000A1FFFFFC0B002001BDFFFF6083001029
:101250000C8F0010A482001088830010B08300104F
:101260000148000001BD0000AAAA0000F0B5CE466A
:10127000474680B583B006000D00EFF3108872B6C4
:101280004F4B1B68002BFBD0BFF35F8F4D4B9A6811
:1012900034001034A300D7584B4B9F4207D0AF42C5
:1012A00000D18AE00197494BFB1A2F2B09D94246FE
:1012B00039003000FFF7DCFD03B0C0BCB946B046D2
:1012C000F0BD3000FFF756FE814600213000FFF7E9
:1012D0006BFEBFF35F8FEFF30581002901D08C42D5
:1012E00011D10123019C9C430020A3689D4212D090
:1012F0000622A256002A0DDB53009B189B00334A9E
:101300002000D418F1E7324B324AF4213248FF3141
:1013100002F078FE20009D4249D106256557002D38
:101320002BDB2A4B6A00521992009B189A68A26024
:10133000DA79E2719B795BB2A371002B0FDA27484F
:10134000A080224B6A00521992009B18244A1178FF
:101350009971157049463000FFF726FEA7E768002F
:1013600040198000194BC0180430FFF7A7FD010099
:10137000231D1800FFF7BAFDE2E7002912D100286B
:101380000ED0FF238371174B838015490B78A3710F
:101390000E4A154BA41A644163431B0D0B70D9E729
:1013A000094FF2E71149201DFFF7C4FDD2E7104BAA
:1013B000084A09480F4902F025FE034F77E7C04667
:1013C000240100D000ED00E0CD010010CC0B002086
:1013D00034840010DC8E0010A482001001BD0000D7
:1013E000AE25002001BDFFFFAAAA0000060C0020C8
:1013F0006884001035020000F8B5012202432C4B2E
:10140000D31A2F2B28D8EFF30583002B2AD0EFF324
:10141000108472B6274909680029FBD0BFF35F8F9B
:10142000234D25490600761B76417143090D4DB2C7
:10143000224989689B00C958914219D0002103298B
:1014400030D81B4B4A00521892009B189B795BB214
:10145000AB421DD00131F2E7194B1A4A1A481B4919
:1014600002F0D0FD1A4B174A17481A4902F0CAFD7C
:10147000124A92681849D150184B1A7882711D701F
:10148000BFF35F8F0B4B00221A6084F31088F8BD06
:10149000074B4A005618B6009E19FF27B771104A2D
:1014A000B280E9E70F4B074A07480F4902F0AAFD4F
:1014B000CC0B0020240100D0AAAA000000ED00E01F
:1014C00070840010B08E0010A48200106E02000024
:1014D0009884001071020000CD010010AE2500209C
:1014E00001BDFFFFA48400108202000010B582B08D
:1014F0000100074C074B0093052300222000FFF753
:101500005EFC002801DB1F23181A02B010BDC04684
:10151000B2250020AC840010024B9C466144890037
:10152000016070474000003410B50400FFF770FC04
:1015300001002000FFF7F0FFFF232371BFF35F8F4F
:1015400010BD10B50400FFF763FC01002000FFF799
:10155000E3FFFF23237100236371BFF35F8F10BD8F
:1015600010B50D4C09E00D4B0D4A0E481A2102F042
:1015700049FD2000FFF7D8FF08340B4B9C4209D2ED
:101580002368002BF5D0012BEDD12000FFF7D9FF08
:101590000834F2E710BDC046E8110020C8840010EE
:1015A000648F0010E8840010F0110020034B9C466B
:1015B000614489000160BFF35F8F704740000034D1
:1015C00010B504000120FFF731FC01002000FFF7F7
:1015D000EDFF10BD00040843704700000A4B196876
:1015E000EFF3108372B60A68002AFCD0BFF35F8F56
:1015F000054A1268BFF35F8F0021116083F31088E2
:1016000040BF0020002170476C250020F0B5DE4669
:1016100057464E464546E0B583B0EFF305830322B7
:101620001A400092B04B9200D35898461B78009A0B
:10163000934207D10123009A93401A000193AB4BC8
:101640001A6015E1AA4BAB4AAB48922102F0DAFCD2
:1016500043465A694B465B004B44DB0093469B4430
:101660005B469E68DF68A54800F0AAFB801BB94175
:10167000002900DA06E1002F60DB5B461C69A04B05
:101680009C4245D043460820185E5B46598889B283
:10169000FFF7A0FF5B465969A04704000D00230037
:1016A0002B434BD0002D3DDA30003900001BA941FF
:1016B0005B469860D96000241C5F002C00DAE1E0F2
:1016C00043465A69924663001B19DB0053449A68EB
:1016D000DB6805000E00AD1A9E41002E00DAD1E055
:1016E00043461C8147460837BC46634600255D5F7C
:1016F000002D1DDB6C006419E4005444A268E3680B
:1017000006000F00B61A9F41002F11DBA446ECE73C
:101710005B465C6923692000984700280ED0656805
:101720002468BCE7754800F04BFB00196941BFE72E
:101730005B461D804B4662461380A3E05B46002259
:101740009B5E424613811269EFF3108372B61168F3
:101750000029FCD0BFF35F8F42460221525E5946FA
:101760000A804246494651801269BFF35F8F0021CB
:10177000116083F3108885E043461969EFF3108305
:1017800072B60A68002AFCD0BFF35F8F4246928887
:1017900012B291460122524241468A800A69BFF341
:1017A0005F8F0021116083F310881AE09B465B462F
:1017B00000229A5E002A0BDB53009B18DB00534487
:1017C0009868D96826002F00361A8F41002FEDDA6D
:1017D0004B4659460B80634600215B5E9946634643
:1017E0001A804B46002B53DB43465A6992464B46C0
:1017F0005B004B44DB009C46D44463469C68DD6838
:1018000046460836B346D2E7002342469371414626
:10181000083143460820185E11E001225242D317D6
:10182000A260E360434608229B5E834206D00D809F
:10183000434608229B5E2380434618812800431CB0
:101840002AD043465A6943001B18DB00D418D55EE2
:1018500063881BB2002BE0DB2100EFE76B1C2AD171
:10186000264800F0ADFA241A8D41002D34DC31D029
:10187000224B019A5A63434608229B5E9946002BED
:1018800000DBE5E643469B881BB2002B00DB73E7D9
:1018900043469B79002BB7D1434608229A5E002A23
:1018A0001ADB4346596953009B18DB00CB189C6830
:1018B000DD68631CD2D011498A6AA01A009B0433E8
:1018C0009B005B589B1A9842CAD2009B04339B0032
:1018D0005C50C5E7002CCBD040BF03B0F0BCBB468A
:1018E000B246A946A046F0BD482300203C70054002
:1018F00078850010908F0010A485001000400540EE
:101900000D16001070B504000D0011000126AE4048
:1019100006622800FFF774FB01212800FFF744FB53
:10192000024B9C466444266070BDC04638200000CF
:10193000F8B5CE46474680B50600894690461F005A
:10194000C160FFF765FA154B9C466044800030612A
:1019500043463370BBB27381D02212061278727084
:10196000012252423281B2809B187380002406E02B
:10197000621E736965002D19ED005A530134BC4293
:10198000F6D3074B42469200D650064A4146484697
:10199000FFF7B8FFC0BCB946B046F8BD4000003400
:1019A000482300200D16001010B5064B1B69002BB4
:1019B00001D0044810BD044B044A0548652102F0DB
:1019C00021FBC046140C0020E0850010788F001029
:1019D000A4850010F8B504000569EFF3108072B615
:1019E00029680029FCD0BFF35F8F0221665E65691C
:1019F00071008919C9006D18002E02DB0027E95F0C
:101A000061802169BFF35F8F00270F6080F310882A
:101A1000002E2CDB0699296107996961AA60EB60A9
:101A20006B8801335B04590C002B00D101216980C4
:101A30003000FFF7CFFD2169EFF3108372B60A681B
:101A4000002AFCD0BFF35F8FA2882A80A68022697B
:101A5000BFF35F8F0021116083F31088E368217862
:101A600001228A4003498C4663441A60F8BD012074
:101A70004042FBE73C20000070B582B00600140035
:101A80001D0008AB1B78002B07D100F0CBF922001A
:101A90002B00121A8B41002B0ADB079B0193069B3C
:101AA000009322002B003000FFF794FF02B070BDBE
:101AB0000020FBE7F0B5C64600B584B005008846B7
:101AC00016001F000AAB1C78FFF76EFF0294019707
:101AD00000962A004346FFF7CFFF04B080BCB8460B
:101AE000F0BD000030B5030008145A8990422EDA88
:101AF0005C6942001218D200A2181D69EFF310842D
:101B000072B628680028FCD0BFF35F8F508880B27F
:101B10000904090C884212D000201A69BFF35F8FB4
:101B20000021116084F31088002811D0DA681B7836
:101B300001319940074B9C466244116008E0064918
:101B4000014389B2518001229A710120E5E700200A
:101B500030BDC0463C2000000080FFFF10B50400EF
:101B6000FFF722FF2100FFF7BDFF10BD407870474F
:101B7000F0B583B006000F00EFF30583002B1AD1F8
:101B800006246442E517A4197D418D4202D803D191
:101B9000844201D90024002500F044F922002B00E2
:101BA000121A8B41002B0BDC08D03000390000F0FA
:101BB0004BF903B0F0BD1A48FFF7BAF8002AF4D089
:101BC000184A0023009320002900FFF773FF002824
:101BD00018DAEAE7002300E00023002BE5D1124BDE
:101BE0001968EFF3108372B60A68002AFCD0BFF3BD
:101BF0005F8F0D4A1268BFF35F8F0021116083F37E
:101C0000108820BF094B5B6A9D42E5D80749896A65
:101C1000A14203D29D42DDD00123DEE70123DCE7B0
:101C200004860010DD1500106C25002000400540E2
:101C300070B504000D0000F0F5F8001969410029A5
:101C400002DBFFF795FF70BD012040420049F8E735
:101C5000FFFFFF7F10B5FA2292000023002101F060
:101C60003FF8FFF7E5FF10BD70B582B005000C002E
:101C7000EFF30583002B12D03A4B5B6A8B4209D3FA
:101C8000384A926A824208D28B4201D0012002E097
:101C9000002000E0002002B070BD0120FBE7FFF74C
:101CA00083FEC16803788A6A2E00A81A04339B0059
:101CB0005B589B1A984212D320BF2A4B5B6A9C4206
:101CC00009D8284A926A954207D99C4201D001203E
:101CD000E1E70020DFE70020DDE70120DBE7224A23
:101CE0000023009328002100FFF7E4FE00280BDD0D
:101CF0001C4B5B6A9C421BD81A4A926A954229D9AE
:101D00009C4213D0012314E0164B5B6A9C4209D815
:101D1000144A926A954207D99C4201D00120BAE741
:101D20000020B8E70020B6E70120B4E7002300E078
:101D30000023002B00D120BFFFF710FF094B5B6A87
:101D40009C420BD8074A926A964209D99C4203D01A
:101D50000120A0E70123ECE700209CE700209AE7A0
:101D6000012098E700400540DD150010004870474D
:101D70000040054010B50B4B1B69002B04D00A48EE
:101D80000A21FFF7C9FB10BDFFF7F0FF0400032194
:101D900000F00CF80348102303222100FFF7C8FDD0
:101DA000EDE7C046140C00206C25002010B5024A57
:101DB0000248FEF7EBFF10BD54860010CC1E002039
:101DC0000200436A906A1900536A9942FAD1704737
:101DD000416A00E0416A9942FCD300E0416A9942BD
:101DE00002D1816A9142F9D37047F0B5C64600B579
:101DF000804614001D00FFF7E3FF06000F002200DD
:101E00002B0092197B41994202D804D1904202D909
:101E100001225242D3174046FFF7DAFF80BCB84692
:101E2000F0BD000010B50248FFF7CAFF10BDC04664
:101E30000040054010B502000B000248FFF7D5FF37
:101E400010BDC0460040054010B502000B0002481E
:101E5000FFF7BEFF10BDC04600400540074B98424B
:101E60000AD0162301229A40054B1A60054B1B68C5
:101E700011009943FAD170471723F3E7008003401C
:101E800000F0004008C0004070B5046BE30701D4C7
:101E9000200070BD0B4BC3180B4A1A60456A836A59
:101EA000AD01ED18AD02062000F016F9074900F06B
:101EB00081FB0100280000F07DFB0021FFF7BAFF45
:101EC000E6E7C04630300000010300004E0E00007F
:101ED00070B504000E001500FFF7D6FFE36A5E4000
:101EE0003540024BE3181D60206370BD2C100000CC
:101EF00070B505000C00062000F0EEF8C0002100CF
:101F000000F058FB0130C60907D00E4B9E4215D891
:101F1000400834003F26064000E001246C62AE62B7
:101F2000002200212800FFF7D3FF062000F0D4F89C
:101F30008000A101891900F03DFB70BD0026024C14
:101F4000ECE7C046FEFF0000FFFF0000002909D0BB
:101F50000A22064B9C46604443425841044B4000D1
:101F6000C252704780225200F3E7C0460080FCBF97
:101F70009025002070B504000D00062000F0ACF89C
:101F800000281ED0104B9C421CD0162201239340E7
:101F90000E4A13602000FFF761FF00212000FFF7C9
:101FA000D5FF29002000FFF7A3FFE26A70235A4003
:101FB0000E331340064AA2181360064B2363032313
:101FC000A36470BD1722E1E70080034000E00040F9
:101FD0002C10000001030000F8B5D646474680B536
:101FE00006000D001700984644002418A400294B51
:101FF0009C4664446368089A934200D26260331F2F
:10200000DBB29A46012B2ED980221201C0239B01FC
:10201000E3181A60204BB200D158002907D0586944
:1020200000F0C8FA013043001B18033BFDD27F01CA
:1020300023685F40E0233B4080225201A2181360D6
:102040005346012B1AD980239B01E31880221201E9
:102050001A60089B6360104BB6004246F250C0BC49
:10206000BA46B046F8BD012DCED10322C0239B0154
:10207000E3181A60A368DB07FCD5D8E7216869403C
:1020800003230B401360A3680122AA401A42FAD02E
:10209000D9E7C04600800040D01E0020F0B583B0D4
:1020A00005000E0017001800089900F083FA0300DD
:1020B000089A140200943A0031002800FFF78CFFC0
:1020C00003B0F0BD10B582B0802464000094FFF727
:1020D00083FF02B010BD0000014B8000C058704764
:1020E000D01E0020F0B5C64600B504000E00170053
:1020F0001D00374800F05EFA8046364BFA18364B22
:102100009A4239D80100380000F054FA0200103A1F
:1021100098235B009A4235D86B1E062B38D8069B55
:10212000013B062B34D83F09474537D32D04069B86
:102130001B031D432368002B36DB284B9C4244D0F5
:102140000C2201239340264A1360264A1360264A34
:102150001268190091430A1EF9D12660A060234B32
:10216000E31821321A602268002AFCDAE5600822AE
:102170001A6080BCB846F0BD1D4B1E4A1E48112196
:1021800001F040FF1D4B1B4A1B48192101F03AFF8B
:102190001B4B184A18481C2101F034FF194B154AF3
:1021A0001548232101F02EFF22683F231340B3423C
:1021B000C3D1A3681B051B0D8342BED1E368EE2289
:1021C000D2021340AB42B8D1D3E70D22B9E7C046E3
:1021D000001BB70080E84BD380F8A93200C0024052
:1021E00000E0004000F0004008C000400430000063
:1021F00078860010A88F0010C88600100C87001089
:102200002887001074870010024B1A68024B5A602E
:102210007047C046382300200080054010B5184B99
:102220008022D2051A60174B174A1A6000290AD07B
:10223000164BE022D2041A60002809D1134B8022E9
:1022400012061A6010BD0E4BE022D2041A60F3E7AA
:1022500043011B1A9B001A18D2000D490A60181876
:102260000001086080235B04984201D3094A0A6098
:10227000FFF7CAFF054B8022D2051A60E2E7C0468D
:1022800000B0054008200140FCFF010000A005400F
:1022900038230020FFFFFF0010B5030010000C4A98
:1022A0008024E4051460002B0DD001221343094A59
:1022B000094CD461094C5C40146251629362002164
:1022C000FFF7ACFF10BD034B0022DA61F7E7C04611
:1022D00000B0054000800540D3C007B02D3FF84F47
:1022E00080239B000B43014AD36270470080054066
:1022F00010B5010018231B8814221088984710BDC0
:1023000010B5010018231B8816221088984710BDAD
:10231000F0B5C64600B507000E000025012398461B
:1023200000E00135B5420AD2AC003C192068FFF745
:10233000DFFF20600028F4D100239846F1E74046F3
:1023400080BCB846F0BD000070B504000D00064822
:10235000FFF7CEFF0300002C03DB0120A040290083
:1023600098470020FBE7C04655420000064BAA22D2
:1023700012011A602F22DA60044B054A1A60024BE0
:102380005B68002BFBDA70470040024000600240AF
:1023900000B0FA0010B5040001E008CC9847024BE9
:1023A0009C42FAD310BDC0469C80001070470000CC
:1023B00010B50248FFF7EEFF10BDC0466080001068
:1023C000054B064A1A60064B064A1A60064B1A6805
:1023D000044B9343FAD1704700E00040BFCDFBFEB1
:1023E00000F00040FE7F3C0008C00040044BDB6C66
:1023F000002B03D1034B8022D2021A607047C046E3
:10240000000011504C201150044B054A1A60054B36
:102410001B68DB43DB01FAD17047C04600F0004087
:10242000FFFFFF0108C00040034B40229A675A6734
:102430001A67DA667047C04600F0014010B5FEF733
:1024400007FD10BD70B5044DA968044CC0222000E2
:1024500000F0D4FCAC6070BD00ED00E00000002096
:1024600070B50420FFF738FE064900F0A3F8050018
:102470000024002C00DD70BDE0B22900FFF730FF22
:102480000134F6E740420F0030B583B0274B0022FD
:102490009A67FFF76BFF264B01221A60234B5B6C98
:1024A000012BFBD1234B03221A60204B9B6B012B8A
:1024B000FBD10133009304331F4A01211F48FFF76A
:1024C00011FE052300931E4A01211E48FFF70AFE54
:1024D0001D4B002202210420FFF7F4FD1B4D2B00B1
:1024E000002201210520FFF7EDFD194C23000022F9
:1024F00000210720FFF7E6FD23000022002108202D
:10250000FFF7E0FD8023DB00009323000022002181
:102510000920FFF7C3FD2B00002200210620FFF752
:10252000D1FDFFF79DFF03B030BDC04600800040E5
:102530003CB0004030B00040002F6859008002409D
:10254000008C864700C00240001BB700405973074B
:10255000006CDC0201480421014B1847300C0020BC
:1025600011230010124A936F9B0815D29066D16612
:10257000002905D0FFE7FFE7FFE7516F106F7047B5
:1025800004B580210906C2175140002800D0C84375
:1025900005F01EFD002104BDF0B5146E556E576F99
:1025A000166FFFF7E3FF1466556657671667F0BDB1
:1025B000000000D0114A936F9B0813D21066516639
:1025C000002905D0FFE7FFE7FFE7516F106F704765
:1025D00004B5002801D00020C04305F0F9FC00211B
:1025E00004BDC046F0B5146E556E576F166FFFF7F9
:1025F000E5FF1466556657671667F0BD000000D00A
:1026000094464A4A926F9208624601D228E0C04638
:10261000F0B5464E346E756E776F366F00F020F869
:102620009446424A14665566576716676246F0BD7F
:1026300094463E4A926F9208624601D254E0C046E8
:10264000F0B53A4E346E756E776F366F00F04CF819
:102650009446364A14665566576716676246F0BD5B
:10266000002B24DB11D000293EDA00B5C9434042DB
:1026700000D1013100F038F8C943404200D10131A6
:10268000DB43524200D1013300BD002AEBD10028C8
:1026900001D1002905D00020C90FC90701D1C043CD
:1026A000410800B505F084FC0022002300BD00B500
:1026B00000290ADBDB43524200D1013300F014F859
:1026C000C943404200D1013100BDC943404200D15D
:1026D0000131DB43524200D1013300F005F8DB4306
:1026E000524200D1013300BD002923D1002B18D163
:1026F000002A0CD0BC460D4F38667A6600210023B4
:10270000FFE7FFE7FFE77A6F386F674670470028FB
:1027100001D00748010000B505F04AFC0022002363
:1027200000BD02000B00002000217047000000D017
:10273000FFFFFFFF002B00D0BFE0130C28D1002AC1
:10274000E7D080B4114F39667A66FFE7FFE730B40F
:10275000040C7B6F396F1B0423433B667A66FFE7EB
:10276000FFE7FFE7C04684B27B6F3D6F1B04234346
:102770003B667A66FFE7FFE7C04600232C042D0C7A
:102780007A6F386F00196941B0BC7047000000D003
:10279000F0B594460025140E01D112020835140F2D
:1027A00001D112010435940F01D192000235D40FEA
:1027B00001D152000135D40B0134254F7C66254CE4
:1027C0003C660E0C93B2FFE7FFE7FFE73C6F664302
:1027D000360C7703BE467343DF0B5B04C01AB94166
:1027E000130C7343DB18C91ACE086643360CB64483
:1027F00093B273431F0F1B01C01AB941130C7343EB
:102800001F0B1B05C01AB941860D8F023E4366435C
:10281000360C092D24DB520A7243801A7703460ACC
:102820006643360C16235B1BDE40DF40BF1964464F
:102830006643821B7046043506330100D940A84028
:10284000C01900D30131A24206D20023F0BD00001E
:10285000000000D0FFFFFFFF121B0130F3D3F1E7B0
:1028600009277F1BFE406446A2B27243801A00D241
:102870000139220C7243130C1204821A99410B0085
:102880007046043513370100F940A840801900D381
:102890000131002B02D1A2420AD2F0BD013000D397
:1028A0000131121BFAD2013BF8D1A24200D2F0BD95
:1028B000013000D30131121BF7E7F0B51C0C00D03A
:1028C00080E00CB400251C0A04D11B02160E334311
:1028D000120208351C0B04D11B01160F33431201E1
:1028E00004359C0B04D19B00960F334392000235B4
:1028F000DC0B02D192185B4101351C009718644132
:102900000134464F7C66464C3C660E0CFFE7FFE701
:10291000FFE7C0463C6F6643360C7703BE4697B26E
:102920007743C01B00D20139C01B00D201399FB2CE
:102930007743C91BC91B170C77437E04FF0B801B11
:10294000B941CE086643360C0C2D33DBB644120B6E
:102950001F053A431B0B97B27743C01B00D20139C6
:102960009FB27743C91B170C77433E043F0C801B73
:10297000B941860D8F023E43664329277F1BFE40E7
:102980000C3D7746AF40BF1930BCA2B2ABB2724328
:102990007343801A9941220C7243130C1204801A5B
:1029A000994102000B000137001BA941F9D2781EA2
:1029B0000021F0BD0C277F1BFE4077467F0BAF4008
:1029C000FF19E0E700245D1C07D0144F7D663966CF
:1029D000FFE7FFE7FFE7FFE73C6F95B29EB2654375
:1029E0006643401BB141150C1E0C6543664336041B
:1029F0002F0C3E432D04401BB141994204D20200EA
:102A00000B0020000021F0BD01D19042F7D3801AC5
:102A1000994101349942F2D3F6E70000000000D05A
:102A2000FFFFFFFF48404140484018B4134B5B682C
:102A3000019308BD18B4114B1B68019308BD94465F
:102A40000F4A926F920805D2624618B40B4BDB68AE
:102A5000019308BD0A4AF0B5146E556E576F166F94
:102A60006246FFF7F2FF064A146655665767166717
:102A7000F0BD18B4014B9B68019308BD682300208A
:102A8000000000D0FFB550404240504059404B40FC
:102A9000594000E0FFB5154F4C00640D03D0BC4217
:102AA00004D10C0314D80020090D09055C00640D45
:102AB00003D0BC4204D11C030AD800221B0D1B0505
:102AC00001264B4009D44B4003D58B4200D18242B2
:102AD000FFBD9942FCD19042FFBD0B43DB1803437D
:102AE0001343F5D0C9434918FFBD0000FF0700009C
:102AF00000B5FFF7CFFF804100BDC04600B5FFF72E
:102B0000C9FF01D9002000BD012000BD00B5FFF7BD
:102B1000B9FF01D9002000BD012000BD00B5FFF7BD
:102B2000B1FF804100BD012040054A00121804D8C1
:102B30005A00121801D80020704701207047000089
:102B40000021002805D17047C1174840401AFAD02B
:102B5000C90713B5064B1B6898470CBC441CA24020
:102B60001005120B0349091B09051943114310BD38
:102B7000682400201F04000010B54C00620D802363
:102B8000D218DB00D21A5B057E2A10DD9E3A13DADA
:102B9000CC170903490819435242D140640001345B
:102BA0001532202A05DAD0400843604310BD0020CA
:102BB00010BD0846604310BDC80FC018013810BDD5
:102BC00018B4024B5B6A019308BD00006823002023
:102BD00010B50148FEF7ACF89087001070B51323CC
:102BE0001C78012C12D0012C12DC214B214A936459
:102BF0002148FFF77DFB214B186070BD20491D4A1D
:102C00009800815001331F2BF8D9ECE70023FAE735
:102C10001C48FFF775FB05001B48FFF771FB0238E6
:102C200003789B007F2B09DD12488022290000F0E9
:102C3000E5F8022C08D0022CDADCD6E7134B144A54
:102C40001448332101F0DEF9134B1A88B5231B0217
:102C50009A4209D1114B1A88114B9A4204D1114B57
:102C60001A88114B9A42E6D00020FEF761F8C04660
:102C7000AD2C0010682300204C3300006824002095
:102C8000D12B00105344000053460000A8870010C9
:102C9000B48F0010EC87001054380000D8380000C2
:102CA000494600009C3800005946000007B56046C0
:102CB000002800D100BE01880A0A0230DF2AFAD1BA
:102CC000C9B2820804D3028840880004104300E09F
:102CD0000068024A5050039007BD0000682300209E
:102CE00051434343C9188C46110C83B24B4310B473
:102CF000040C614392B280B2504362431C041B0C2B
:102D0000001910BC59411304120CC0185141614400
:102D10007047000010B50148FEF70AF83C89001022
:102D200070B513231E781848FFF7EAFA0500012E44
:102D300011D0012E09DDAB1E1B789B007F2B1DDD02
:102D400012488022290000F059F81148FFF7D0FA04
:102D5000104B186070BD0D485422290000F04EF849
:102D6000002300E001331F2BE3D8084A9C00A2583F
:102D7000002AF7D10849054AA150F3E7074B084A52
:102D80000848422101F03EF9534600006C2400201F
:102D90004C33000068240020152D001040880010DE
:102DA000C88F00107488001010B5002804D0401897
:102DB000034B984200D810BD0248FDF7B9FFC0464A
:102DC00000000420C888001070B506000C0004F054
:102DD000A1FB050021007143FFF7E6FF280070BD4D
:102DE00001480421014B1847400C0020112300101A
:102DF000014B1B6818470000400C0020014B5B682A
:102E000018470000400C0020704710B5002802D081
:102E10000B684968984710BD0100002007E0830057
:102E20001B185B00501C08601078C01830380A6806
:102E30001378303BDBB2092BF1D97047F0B5DE4691
:102E400057464E464546E0B583B093461F000C9B5F
:102E50009A460D9C0E9B99460F9B9B0703D0B84644
:102E60000F00060022E00192A34688464E46B9466E
:102E70000700B44207D2551C4B4641462020B847B4
:102E800001342A00F5E73D004F465C46019B9B4616
:102E9000B1464646B84637002E0007E0013C551CB7
:102EA0005346185D43463900B0472A00002CF5D13F
:102EB00035003E0047460F9B9B0707D4100003B028
:102EC000F0BCBB46B246A946A046F0BDB0464E4651
:102ED000B9462F005D46531BB342EFD2541C4B46FC
:102EE00041462020B8472200F5E7F0B5CE464746D8
:102EF00080B585B0944698460C9D0D9C0EAB1B7812
:102F00009946109A119B129EB7071CD4002B0CD027
:102F1000F7070AD54F46002F02D10C37374204D0AD
:102F2000013B02E030272F550134944201D21F2C7F
:102F3000F8D9F70707D59C4205D21F2C03D83027B4
:102F40002F550134F5E7F70612D5770505D4002C87
:102F500003D0944221D09C421FD00F9A102A32D025
:102F60000F9A022A37D01F2C0AD830222A55013452
:102F70001F2C05D84A46002A33D02D222A55013469
:102F8000039602930194009543466246FFF756FF6D
:102F900005B0C0BCB946B046F0BD621E012C10D0D1
:102FA0000F9F102F0BD014000F9A102AD8D1B20601
:102FB000D6D51F2CD4D858222A550134D3E7023C49
:102FC000CBE71400C9E7B206EED41F2CECD8782268
:102FD0002A550134C7E71F2CD2D860322A55013454
:102FE000C1E7720703D52B222A550134C8E73207FF
:102FF000C6D520222A550134C2E7F0B5DE46574631
:103000004E464546E0B593B081468A4608920993FC
:103010001CAB10CB1B789B461E9D219B9846002C19
:1030200003D1102342469A4390468023DB00464654
:103030001E4042461A4212D0002C22D000260EE03A
:103040003033D9B2771C0AAB995529002000FFF71D
:10305000B1FAAC4216D31F2F14D83E000400290049
:103060002000FFF7A7FACBB2092BE9D94246920616
:1030700005D54121C918C9B20A39C9B2E2E76121AF
:10308000F8E7270043460693209B05931F9B049374
:1030900003955B46029301970AAB0093099B089A3C
:1030A00051464846FFF721FF13B0F0BCBB46B2467D
:1030B000A946A046F0BDF0B5DE4657464E46454609
:1030C000E0B597B00A900B910C929A46209B9946D6
:1030D000219F22AA13789B46249B0993259C289B19
:1030E00098464A463A4302D110329343984680228A
:1030F000D20045461540434613420AD04A463A4359
:1031000041D000252E0053460D934D46099B9A460B
:103110001BE02E0053460D934D46099B9A4614E042
:103120003033DAB2731C99460EAB9A5552462300DF
:1031300028003900FFF77CFABC4226D819D04B464C
:103140001F2B1CD84E4605000F00524623002800B6
:103150003900FFF76DFAD3B2092BE1D94246920646
:1031600005D54122D218D2B20A3AD2B2DAE76122A8
:10317000F8E7AA45E3D94E460D9B9A4608E04E462D
:103180000D9B9A4604E0002602E04E460D9B9A46AF
:1031900043460693279B0593269B0493099B039321
:1031A0005B46029301960EAB009353460C9A0B9923
:1031B0000A98FFF79AFE17B0F0BCBB46B246A94684
:1031C000A046F0BDF0B5DE4657464E464546E0B552
:1031D00091B0804689460C929A461A9C1B9D22000B
:1031E0002B0020002900FFF79EFC002800D0ECE017
:1031F00001225242D44B20002900FFF78FFC002807
:1032000000D0E2E001225242D04B20002900FFF71B
:103210006FFC002800D0D8E0002200232000290005
:10322000FFF766FC002800D0E4E0069407958023B1
:10323000DB001E9A1A400D921E9A1A4201D10623F3
:103240001C930698079902000B000892099303004B
:103250000A00024300D1D9E0080D4005400DBC4EE4
:10326000B44660440A03120B1E00BA4B13431F00FE
:10327000FFF76AFCB84AB94BFFF7FBFBB84AB94BFA
:10328000FFF7D8FB089009910022B74B30003900B6
:10329000FFF7CBFBB54AB64BFFF7EBFB02000B0089
:1032A00008980999FFF7C6FBFFF766FC8346FFF70E
:1032B0004BFC06000F00AF4AAF4BFFF7DAFB0022D2
:1032C000AE4BFFF7B7FBFFF757FC0890AC4AAD4B8E
:1032D00030003900FFF7CDFB06000F000898FFF71C
:1032E00033FCA94AA94BFFF7C4FB02000B003000D6
:1032F0003900FFF79AFB06000F0002000B00FFF7F2
:10330000B8FB0A900B91089BA14A944663440021A4
:103310000022089109921B050993002308933200AB
:103320003B0030003900FFF785FB0E900F91320013
:103330003B0000208021C905FFF777FB06000F0046
:103340000022944B0A980B99FFF779FB0022924BCD
:10335000FFF770FB02000B000A980B99FFF76FFB59
:1033600000228E4BFFF766FB02000B000A980B99B8
:10337000FFF765FB02000B0030003900FFF75AFB36
:1033800002000B000E980F99FFF759FB0022714BBA
:10339000FFF750FB089A099BFFF76BFB06000F0035
:1033A00008960997069A079BFFF7B8FB00282FD0CD
:1033B00001235B429C46E3440022774B30003900F6
:1033C000FFF73DFB0890099122E01E9B04931D9B93
:1033D00003931C9B02930094019553460C9A494613
:1033E000404600F0FFF811B0F0BCBB46B246A9461B
:1033F000A046F0BD0021002206910792069480238A
:103400001B069C46AC446346079310E700239B468B
:103410005B466333C62B20D804261E9B1B0528D58C
:10342000089A099B190011430FD05D4A5D4B06981D
:103430000799FFF76BFB00287AD000225A4B0698B9
:103440000799FFF755FB002872D01C9B5B4506DDF2
:103450005A469B1A013B1C9303E00526DDE7002337
:103460001C938023DB001E9A1A431E920026002321
:103470009B461D9B9E4265D29F1B02231E9A1A40AB
:103480000A921E9A134202D0002E00D000275B46FB
:10349000002B07D0089A099B06980799FFF7CFFAE7
:1034A000069007910022002320002900FFF720FB4F
:1034B000002800D07CE03D4B1E9A134004930397F4
:1034C0001C9B0293069B079C0093019453460C9A05
:1034D0004946404600F086F8002E00D183E71E9B47
:1034E0009B0671D54525441C5346020049462800D9
:1034F000C0475A46D317D2185A4005230593013EB8
:103500000496002303930A3302935B46DB0F019377
:1035100000925346220049464046FFF76EFD0A9B43
:10352000002B00D15FE7020047460C9E1D9D53E033
:103530001C9B002B9DD00D9B002B9AD01C9B013B0C
:103540001C9396E7002798E7FFFFEF7FFFFFEFFF51
:1035500001FCFFFF0000F03FFB799F501344D33F75
:10356000B3C8608B288AC63F0000F83F61436F6391
:10357000A787D23F71A379094F930A400000E03F2B
:103580001655B5BBB16B0240EF39FAFE422EE63F4D
:10359000FF03000000002C40000024400000184001
:1035A0002D431CEBE2361A3F80842E41FFF7FFFFCC
:1035B000069C079D22002900802000068446614465
:1035C0000B000692079376E765258CE7541C53465B
:1035D00049462020B8472200931BAB42F6D3100087
:1035E00001E7C046F0B5DE4657464E464546E0B5D3
:1035F00095B00690079193469946209F1E9A1F9B6F
:1036000010001900FFF78FFA002831D10122524231
:10361000BF4B1E981F99FFF76BFA002837D1012284
:103620005242BC4B1E981F99FFF778FA00283DD1F3
:103630000022B94B1E981F99FFF770FA002850D14D
:103640000022B64B1E981F99FFF752FA002848D166
:10365000002200231E981F99FFF74AFA002850D134
:1036600000239846229B5B0500D4B6E0002458E076
:10367000229B0393219B029303230193A84B009366
:103680004B465A4607990698FFF7D8FB0EE1229B56
:103690000393219B029304230193A24B00934B4677
:1036A0005A4607990698FFF7C9FBFFE00423229AC0
:1036B0001A4022990B4210D09B4B002A0FD00422B3
:1036C0002299039121990291019200934B465A4607
:1036D00007990698FFF7B2FBE8E0944BEDE7032269
:1036E000EEE7229B0493219B039302971E9B1F9C52
:1036F000009301944B465A4607990698FFF762FDDE
:10370000D4E01E9A1F9B00200021FFF78EF91E9027
:103710001F9101239846A5E70CAB30221A55013FB3
:1037200001341F2C01D8092FF6D81E981F99FFF7D6
:1037300023FA0500FFF708FA02000B001E981F99F4
:10374000FFF773F97A4BFA009B181A685B680A92C4
:103750000B93FFF78EF908900991FFF731FA0600F5
:10376000FFF7EEF902000B0008980999FFF75DF9E1
:103770000890099100226F4BFFF7D0F900282ED056
:1037800001363000FFF7DCF902000B000A980B99B4
:10379000FFF7B4F9002801D001350026002F2CD105
:1037A0002800FFF7D1F902000B001E981F99FFF7C0
:1037B0003CF906000F0000225E4BFFF799F9002844
:1037C00046D100225B4B30003900FFF7A7F90028F3
:1037D0003ED1EB073CD501353AE0062746E700220B
:1037E000544B08980999FFF783F90028D6D1002E89
:1037F00001D0F307D2D50136D0E7AA461F2C11D845
:10380000013F0A213000FEF7D5FE651C30310CABBC
:1038100019550A213000FEF7CDFE092E0ED90600FB
:103820002C00EBE755461F2C0CD87B1E002F09D02F
:103830000CAA302111551F000134F4E72B00554626
:103840001C00F0E71F2C03D80CAB2E221A550134B4
:103850001F2C10D80A212800FEF784FE661C303188
:103860000CAB19550A212800FEF77CFE051E01D07D
:103870003400EDE734000323229A1340012B1CD0BF
:103880001F2C06D84346002B32D00CAB2D221A55E4
:103890000134229B0393219B029301940CAB009370
:1038A0004B465A4607990698FFF7C8FA15B0F0BC80
:1038B000BB46B246A946A046F0BD219B002B13D0C3
:1038C0004346002B02D10C3313420FD0219B013B06
:1038D0002193190003E00CAB30221A5501348C42BD
:1038E000CED21F2CF7D9CBE72199F8E72199F6E73B
:1038F000229B5B0704D50CAB2B221A550134C8E779
:10390000229B1B07C5D50CAB20221A550134C0E7FA
:10391000FFFFEFFFFFFFEF7F65CDCD4165CDCDC14F
:1039200024890010288900101889001020890010AF
:10393000D89100100000E03FF0B5DE4657464E46F5
:103940004546E0B593B082468846934611930029D8
:1039500000D10DE300255646119B1878002800D1B0
:1039600009E3252809D06C1C5B462A004146B04774
:10397000119B013311932500EEE7013311930027CA
:1039800020E001231F4301321192012418E0022399
:103990001F4301321192012412E004231F4301321C
:1039A000119201240CE008231F43013211920124DB
:1039B00006E010231F4301321192012400E000248D
:1039C000002C09D0119A1378203BD9B21029F6D8CF
:1039D0008B00C849CB589F46119B1A781300303B87
:1039E000DBB2092B10D92A2A13D00B94119B1A7819
:1039F0002E2A1ED0119A1378683BD9B2122959D8B1
:103A00008B00BD49CB589F4611A8FFF705FA0B90D4
:103A1000ECE71C9B1A1D1C921B68002B04DB0B930C
:103A2000119B01331193E1E7022217435B420B9391
:103A3000F6E78022D20017435A1C11925A781300DD
:103A4000303BDBB2092B0BD92A2AD3D11C9B1A1D80
:103A50001C921C68002C08DB119B01331193C9E7F1
:103A600011A8FFF7D9F90400C4E70024F4E7802384
:103A70005B003B43511C119151786C2901D01F0010
:103A800018E0C0239B001F430232119212E08023F2
:103A90003B43511C11915178682901D01F0009E066
:103AA000C0231F430232119204E080235B001F43B6
:103AB00001321192119B1878672818D8252800D256
:103AC0004CE20300253BDAB2422A00D946E29300D9
:103AD0008A4AD3589F4680239B001F43013211928C
:103AE000E8E780235B001F4301321192E2E7782868
:103AF00000D933E2692800D230E20200693AD2B23A
:103B0000012393407E4A134211D11A0600D500E2E8
:103B10005B0500D422E21C9B1A1D1C921B689A466E
:103B2000002C00D0B2E10122524253468EE16F28B0
:103B30000ED006D858283DD0622804D102239C46D6
:103B400008E0782839D010239F43063B9C4601E0CB
:103B500008239C46582833D0692803D0642801D014
:103B60000C2297437A0501D50122974369282AD070
:103B7000642828D0BA0500D59FE0FA0500D5C1E039
:103B80007A0600D4D3E01C9A111D1C911168FF2203
:103B90000A4005970B9B049303946346029300230A
:103BA000019300925B462A0041463000FFF725FA58
:103BB000050027E010239C46CCE710239C46C9E76C
:103BC00020221743C8E7BA0520D4FA0550D47A0654
:103BD00066D51C9A111D1C911168FF220A40D0174E
:103BE0001118414005970B9B04930394634602937D
:103BF000D20F019200915B462A0041463000FFF748
:103C0000FCF90500119B01331193A5E61C9A0732BC
:103C100007218A43110008311C91116853689946A5
:103C2000DB170C930D930C9A0D9B100048400E90DF
:103C30004A4653400F930E980F990C9A0D9B801A89
:103C400099410E900F9108970B9B0793069463463A
:103C50000493002305934B46DA0F029200900191E2
:103C60005B462A0041463000FFF725FA0500C9E708
:103C70001C9A111D1C911268D0171118414005970C
:103C80000B9B0493039463460293D20F019200911D
:103C90005B462A0041463000FFF7AFF90500B1E767
:103CA0003A0605D51C9A111D1C910023D25E96E799
:103CB0001C9A111D1C91126891E71C9A073207216A
:103CC0008A43110008311C9108970B9B07930694B7
:103CD000634604930023059302935368126800928D
:103CE00001935B462A0041463000FFF7E4F90500E6
:103CF00088E7C0463C90001080900010CC900010E7
:103D0000419000001C9A111D1C9105970B9B049378
:103D100003946346029300230193136800935B4668
:103D20002A0041463000FFF768F905006AE73A06C5
:103D300006D51C9A111D1C9112681204120C28E75A
:103D40001C9A111D1C91126823E7462819D01C9B50
:103D50000733072293431A0008321C9204970B9AE8
:103D6000039202941A685B68009201935B462A00F2
:103D700041463000FFF736FC0500119B01331193DB
:103D8000EAE520231F43E2E7672801D0472802D154
:103D900080231B011F43452801D0472801D1202340
:103DA0001F431C9B0733072293431A0008321C92BF
:103DB00004970B9A039202941A685B68009201932D
:103DC0005B462A0041463000FFF7FCF90500119BD5
:103DD00001331193C0E502231A003A4091463B4259
:103DE0001DD001241C9B1A1D1C926F1C18785B4669
:103DF0002A004146B0474B46002B14D1119B01339A
:103E000011933D00A8E5571C5B4641462020B04772
:103E100023003A005C1C9D42F5D81500E2E701231F
:103E20002A000B9DF6E73A00B1460B9E06E0571CB0
:103E30005B4641462020C8472C003A00651CA6423C
:103E4000F5D817004E46D9E701330A001978002942
:103E500002D0511E002AF7D152469B1A8022D2006E
:103E6000390011408946174202D0A34200D92300ED
:103E700002221100394010913A4209D02A0025004F
:103E800057469A4633004E46994621E022004CE6BA
:103E90002A004546A04606E0541C5B462900202027
:103EA000B0473B0022005F1C0B999942F4D844466E
:103EB000A8463B00250057469A4633004E46994691
:103EC00006E01D000137541C5B464146C8472200EE
:103ED0003878002804D0002EF4D06B1E002DF0D1CD
:103EE000150053464E46109A002A03D1119B013308
:103EF000119331E50B9F2A0006E0551C5B464146B5
:103F00002020B04723002A005C1C9F42F5D81500F2
:103F1000ECE721233B431C9A111D1C911268059369
:103F2000082304930394083302930023019300921F
:103F30005B462A0041463000FFF75FF80500119B01
:103F40000133119308E56C1C5B462A00414625208D
:103F5000B047119B013311932500FDE46C1C5B46B7
:103F60002A004146B047119B013311932500F3E429
:103F70000A4B9A46EEE4B2465D450DD35B465A1EA7
:103F80005B4641460020D047280013B0F0BCBB463A
:103F9000B246A946A046F0BD2A00F1E7092E00105E
:103FA00000B585B0029003910121044800931300ED
:103FB0004A4202A9FFF7C0FC05B000BD0B2E00105D
:103FC00000BEFDE703000A4A1268002A08D0084A2A
:103FD0001068C318074A9A4206D3054A136070470F
:103FE000034A05491160F2E701204042F7E7C04665
:103FF0002C1F002000000420B425002010B5FFF77E
:10400000DFFF000030B583B00D001900002A0BD08F
:10401000074B084C019200932B000200200000F097
:1040200061F90120FFF7CCFF034B1A00F1E7C0460E
:1040300030890010408900103C89001010B5EFF362
:104040000583002B00D000BEFEF7B2F9034C01E05F
:1040500008CC9847024B9C42FAD310BD9C800010BC
:10406000A880001010B50300080011001B689847D5
:1040700010BD0000F8B507000D001600437D002BB1
:1040800002D0002400200CE00368110028009847AB
:104090002DE03B7D10E03B68154802219847601CED
:1040A0000134B44214DA002CF3DD2B19013B1B78E8
:1040B0000D3B5A425341DBB22A5D0A2AF0D1002B54
:1040C000EED1A042E7DA3B68211A28189847E2E7C8
:1040D000B04203DA3B68311A28189847002E06DDF3
:1040E000AD19013D2B780D3B5A4253413B75F8BD4C
:1040F0002892001070B505000368002B16D00C4BF9
:104100001C6805E0290004C92000FFF7B3FF2469FB
:10411000002C09D02368002BF9D0064B1B68002B1C
:10412000F0D0A342F3D1EDE700232B6070BDC04671
:10413000201F0020281F002070B505000C000B6810
:10414000802B05D023685A1C2260E418257170BDAD
:104150000800FFF7CFFFF5E710B5FDF763FE074A4C
:10416000002312184B41002B03DB054803F050FFDE
:1041700010BD01225242034BF7E7C04640420F00F8
:10418000E8110020FFFFFF7F10B5024803F008FF91
:1041900010BDC046E8110020F0B5CE46474680B5B8
:1041A00083B006000D0090461C00FFF7D5FF814646
:1041B0006B1C05D0002C08D0184F194B1C6807E069
:1041C000300003F03FFE0500F4E7164FF5E72469E1
:1041D000002C17D02368002BF9D0134B1B68002B41
:1041E00001D0A342F3D12A0031002000B847434652
:1041F000002BECD06B46D91D0A230B700122200046
:10420000B847E4E74B46002B05D1280003B0C0BCFB
:10421000B946B046F0BDFFF7B7FFF6E775400010AE
:10422000201F002065400010281F0020094A01E0DF
:1042300010331A001368002B08D08342F8D10029EC
:1042400007D1036913600023036102E0002900D055
:1042500010607047201F002010B5064B1C6801E05D
:1042600098472469002C03D06368002BF8D1F8E745
:1042700010BDC046201F002010B500F045F900F029
:10428000E7FA012010BD70B5050003F0DBFD040066
:104290000123012201002800FFF77EFFFFF7DCFF6A
:1042A000200070BD70B5A2B004000E00FFF754FFEF
:1042B0000500002301930A483300220001A9FFF7FB
:1042C0006FFE040001A8FFF715FFFFF7C5FF002DE3
:1042D00002D1200022B070BDFFF756FFF9E7C046BB
:1042E000394100100FB400B583B004A901C9019190
:1042F000FFF7D8FF03B008BC04B0184710B582B070
:104300000C00144BC3185A425341134A5B009B5E86
:104310008B4204D06B46DA1D1470002115E06B4609
:10432000DA1D0D23137000210029F3D183699B0648
:10433000FCD41378036001310132F5E783699B06F1
:10434000FCD413780360013101320029F6D002B0A9
:1043500010BDC0460080FCBF9025002082B0002226
:104360006B46D91D06E08369DB06FCD403680B703D
:1043700001320131002AF6D06B46D87902B070477D
:1043800070B506000D00002405E0315D034B186890
:10439000FFF7B4FF0134AC42F7DB70BD9425002079
:1043A000F8B506000D00002705E07C1CF719FFF7A3
:1043B000D5FF38702700AF4204DA0D4A10688269D1
:1043C000D206F2D50B4A1268002A0AD0084A1268AF
:1043D00050219163506B18390140074B9C46624451
:1043E0001160002F01D03800F8BD033FFBE7C04645
:1043F00094250020B81E00203410000010B5064B94
:104400001B68002B06D0054A126800219163044AFC
:104410001068984710BDC046B81E002094250020A3
:10442000C01E0020024B1A6893691B07FCD470471A
:104430009425002070B51D4B1B681D4A934207D080
:10444000142400281ED01B4B1B68002B02D070BD0B
:104450001524F6E7174B1860174B19601749200011
:10446000FCF7CEFD01212000FCF79EFD0F4B1B68E1
:1044700050229A63596B183A0A4011498C4663449A
:104480001A60E4E70B4A1268002AE0D000259D6319
:1044900000212000FCF788FD08492000FCF7E6FE1B
:1044A000044B1D60044B1D60D1E7C04694250020DD
:1044B00000800340B81E0020C01E0020FD430010F5
:1044C0003410000070B50D001C000D4B1860002A60
:1044D0000BDA002C0EDA0A4B18682900FDF74AFDAA
:1044E00008480121FFF7A2FE70BD02211000FCF771
:1044F000BBFAEEE702212000FCF7B6FAEBE7C04674
:1045000094250020500C002010B5074B1B78074B5A
:104510001B78074B1B78E121012300224902054843
:10452000FFF7D0FF10BDC046349700103097001041
:104530002C9700100040034070470000014B002200
:104540001A707047AF2500204B79FF2B0CD18B7967
:10455000002B0BD1CB79012B0AD1082A0AD98A78F2
:10456000054B1A70092000E0002070470020FCE78E
:104570000020FAE70020F8E7AF250020012070476F
:1045800010B5012928D1117953791B020B43134926
:1045900009788B4201D000201FE05378012B03D013
:1045A000022B12D0002018E09178D3781B02194317
:1045B000DB0507D5480A4A0A01231A407E33194011
:1045C000FDF7C2FE01204042F5E7642200210020F1
:1045D000FDF762FE012000E0012010BDAF250020A4
:1045E000004870471093001010B51400012910D135
:1045F0005378012B0FD1127963791B021343072BD8
:1046000001D0002006E0054A9F33210001F046FB5F
:1046100000E0012010BD0020FCE7C04668920010B9
:1046200001230370004870474892001010B50A78C3
:104630004B781B0213438A7812041A43CB781B066B
:1046400013439622D200934200D010BD01200022D5
:1046500011004042FDF778FE024B1860024B1960D2
:104660007047C046BC1E0020C41E002010B5FDF7D8
:10467000D9FB0E4A002312184B41002B12DB0C48C9
:1046800003F0C6FC00280CD001200021404201F0BC
:10469000CFF9002001F05AFC0028F5D1044803F0BE
:1046A0007FFC10BD01225242024BE8E740420F005E
:1046B00088250020FFFFFF7F10B5024B1878FCF71C
:1046C0007DFC10BDB02500200268EFF3108172B6AA
:1046D0001368002BFCD0BFF35F8F41607047000070
:1046E00070B5144B1B68002B1AD0124C2000FFF73A
:1046F000EBFF114B00221A7021686368BFF35F8FD4
:104700000A6083F31088002400250C4B1878FCF70E
:1047100031FC002808D1002400252000290070BDAC
:10472000FA24A4000025F0E7044B1878FCF746FCB7
:10473000F3E7C04640230020B1250020B02500202B
:10474000F0B585B0060014001D000CAB1F78FDF716
:1047500069FB22002B0012184B41002B09DB02974A
:104760000B9901910A9900913000FDF785F905B088
:10477000F0BD01225242014BF1E7C046FFFFFF7F2F
:10478000F0B5C64600B584B00500884616001F0087
:104790000AAB1C78FDF708F90294019700962A00ED
:1047A0004346FFF7CDFF04B080BCB846F0BD000023
:1047B00010B582B02048002103F012FC00281AD165
:1047C0001E4B1B68002B14D01C4C2000FFF77CFFF5
:1047D0001B4A137801214B40DBB201211170216883
:1047E0006268BFF35F8F0020086082F31088002B9F
:1047F00017D102B010BD01200021404201F018F98C
:10480000002001F07BFB04000B4803F0C9FB002CE7
:10481000EFD00C4B1B68002BEBD00B4A106898476D
:10482000E7E70A4A012300930023FA2080000021D1
:10483000FFF7A6FFDDE7C0468825002040230020C3
:10484000B1250020BC1E0020C41E0020E14600103F
:1048500010B582B0D0231B061C68FDF7A5F8FDF744
:1048600085F9A0422ED1264B1B7802F043F8254B48
:104870001B68002B2CD00120FCF738FE224C207046
:104880002249FF231840FCF7BBFB20780121FCF7ED
:104890008BFB0520FCF7A2FB041E1DD00120FCF7BA
:1048A000C5FA01001A4B1800FCF780FE19490022D6
:1048B0000520FCF7CFFB18480121FFF7B7FC2000CB
:1048C00002B010BD154B164A1648C121FFF79AFBDE
:1048D0000C48FCF729FECEE70D4808220021FEF720
:1048E00087FA114A012300930023FA208000002157
:1048F000FFF746FFC043C40F0028E0DADBE7C046FD
:104900003897001088250020B0250020B1470010FE
:1049100040230020B9460010680C00206884001075
:10492000409300109C890010E146001010B5002053
:1049300001F0C8FA10BD000070B505000C00FFF7CB
:10494000F5FF002834D0002001F0D8FA002832D03A
:10495000FDF768FA1B4A002312184B41002B19DBA4
:10496000194803F055FB002828D0FFF7DFFF002887
:1049700004D0002001F0C2FA00280FD1012000214C
:10498000404201F055F8032464420F4803F008FB4D
:10499000200070BD012252420C4BE1E722002900A9
:1049A000002001F0B7FA041EEFD103246442ECE7C3
:1049B00003246442ECE703246442E9E703246442ED
:1049C000E6E7C04640420F0088250020FFFFFF7F3A
:1049D000F0B5C64600B580460C00FDF723FA314A13
:1049E000002312184B41002B07DB2F4803F010FB6C
:1049F000002806D180BCB846F0BD012252422B4BA4
:104A0000F3E7FFF793FF002849D1294B002000214D
:104A100018605960244803F0C3FAEBE70120002135
:104A2000404201F005F8002001F090FAFFF77EFF08
:104A30000028EFD0002001F013FB002820D0A54271
:104A4000E8DA661B002001F00BFB0200864200DC66
:104A50003200002AE2D043465919002001F0DCFA66
:104A6000060001200021404200F0E2FF002001F09A
:104A70006DFAAD19FDF7D6F90D4B18605960DEE7F8
:104A8000FDF7D0F90A4B1E685F680A4A00239219A5
:104A90007B419942BED8D2D19042D0D9BAE7002505
:104AA000CDE7C04640420F0088250020FFFFFF7F72
:104AB0007013002020A1070000487047BC9300102D
:104AC000004870476893001010B50400154B1B7820
:104AD000002B0ED0002C11D1134B144A5A80012305
:104AE00001335B009BB21048C02292001343038045
:104AF00010BD0C48112100F025F8EBE7052C0ED86D
:104B00000B4BA400E4580023122BE9D8E15C0029E8
:104B1000E6D00133044A58008152DBB2F4E70020AA
:104B2000E6E7C04698250020F81E00200904000092
:104B30005093001010B5024800F032F810BDC04686
:104B40006023002010B5002901D000230AE0104B9B
:104B5000104A11483531FFF755FA00220DE037327F
:104B6000C25401334A1E9A420ED90F2B0CD85A0850
:104B70000A4CA45CDA07F0D4042214410F2222402C
:104B8000092AECDC3032EBE7C0180023037010BDBB
:104B9000288A0010D0930010308A00106023002073
:104BA00030B589B0040004AD0D2200212800FEF7C5
:104BB0001FF90D2200216846FEF71AF94B232B70CE
:104BC0000D226946280003F0E3F9002304E05A1D92
:104BD00069468A5CE2540133072BF8DD09B030BD29
:104BE00010B5038B3F333F229343022915D0124C5B
:104BF0002268C260D31823609C0610D10F4C62401B
:104C0000634080246401A3420FD8890611438023A6
:104C10001B060B434268136010BD5B00E7E7084BBF
:104C2000084A09485121FFF7EDF9084B054A0648A3
:104C30005321FFF7E7F9C0463C2300200000105045
:104C4000148C001040940010448C00109C8C0010B8
:104C500070B505007F230340C409580000194001C6
:104C6000244E801985706542654145700025C570E8
:104C70000183C276012C1AD0DE001F498C4666449F
:104C80001C495D002D196D0149198E60194D5E009A
:104C900036197601AD19A96800250D60002B0CD1DD
:104CA000144A931900225A60144ADA6070BDDE007B
:104CB00013498C4666448660E8E7012C0ED05D1EE1
:104CC000ED0010498C4665440A495B001B195B01E5
:104CD000C9184D601100FFF783FFE7E75D1EED0087
:104CE00009498C46654403495B001B195B01C918DF
:104CF0004D60EFE7301F002084001050000110507D
:104D0000800010500C0010500800105010B5040026
:104D10007F202040E409400000194001024BC018E8
:104D200000F032F910BDC046301F002010B5002839
:104D300004D101210520FCF737F910BD034B044ACB
:104D4000D42104484900FFF75DF9C046E48C001007
:104D500030940010448C001010B5002805D10022BA
:104D600000218020FFF7D2FF10BD034B034AD92159
:104D700003484900FFF746F9E48C00102094001026
:104D8000448C0010024B80225202DA647047C04605
:104D90000020115070B5041E26D100F0D3F8164D36
:104DA0000C23AB671549FF220520FCF753F9144883
:104DB00040220021FEF71CF8002240210020FFF7CE
:104DC00047FF002240218020FFF742FF03F018F93F
:104DD00001232B6480239B05EB649023094AEA504E
:104DE0002000FFF7CFFF70BD074B084A7621084827
:104DF000FF31FFF707F9C04600001150750400208D
:104E0000301F002010D00100E48C001054940010DA
:104E1000448C0010044B1970002904D0034A9023DD
:104E200080218902D1507047AA250020002011500E
:104E30000B785B0602D14B78052B00D070478A783F
:104E4000014B1A60FAE7C0460000115010B50A0085
:104E500000280DD18878097953791B020B435B0533
:104E6000590DD2789207920FFFF7F2FE012010BD84
:104E7000034B044AF0210448FF31FFF7C3F8C04652
:104E8000E48C001010940010448C001010B503F056
:104E9000B7F810BD10B50400080011001A00002C6E
:104EA00003D1FFF733FF012010BD034B034AFE215E
:104EB00003484900FFF7A6F8E48C001000940010A6
:104EC000448C001010B57F23180008400B4205D118
:104ED000CB09012B0ED00222074B9A66C90940006C
:104EE00040184001054BC01880221201002103F038
:104EF000A7F810BD0122EFE700201150301F00205D
:104F000010B57F22100008400A4200D110BDC90927
:104F1000400040184001044BC0180023C370002219
:104F2000024903F08DF8F1E7301F0020FFF7FFFF83
:104F300004E00A780270013101301A00531E002A81
:104F4000F7D1704710B580235B040A4A13600A4A00
:104F500013600A4B1A6880235B049343F9D18022C3
:104F6000520100210648FDF743FF064B09225A670C
:104F700010BDC04600E0004000F0004008C0004006
:104F8000000010500000115070B504000D00160014
:104F9000837E002B17D1A6820023E3820133A37600
:104FA0002561200003F00CF8002804D00C4A90235F
:104FB00080218902D150200003F04AF800280AD04D
:104FC0000123237770BD81780648FFF78BF9200015
:104FD00003F02EF8DFE7200003F022F8F2E7C046E6
:104FE00000201150D08D001070B50500002408E09D
:104FF0009B1A5B01164A9B18DB682800984701340E
:10500000E4B2144B1A782300511CA1420DDBA242DA
:10501000EED9114B1B6862019B18002BECD10F4994
:105020000F48104AFFF75EF910E00F4C54220021A0
:105030002000FDF7DDFE201D1022FF21FDF7D8FE28
:10504000200014302022FF21FDF7D2FE70BDC046A3
:10505000CC950010A92500209C1600209C950010DE
:10506000088E001016020000C81900200268EFF335
:10507000108172B61368002BFCD0BFF35F8F4160C4
:10508000704710B5FFF7B0FF00F054FE10BD70B5CB
:1050900005000C001600486900F056FE63693200F6
:1050A00001212800984770BDF0B5DE4657464E46B0
:1050B0004546E0B583B082460139C8B2FFF700FD2E
:1050C000002803D043789946022B0CD05549564806
:1050D000564AFFF707F9002003B0F0BCBB46B246C2
:1050E000A946A046F0BDC5796C110122504B144071
:1050F000240119781026B14321431970AD112A40BB
:105100005201C9B22024A1430A431A70060009368D
:105110008278C3781B02134383469B444B4601931A
:10512000370066E0FB7899463A78BF1868E03D4959
:105130003D48404AFFF7D6F80020CDE7009AD31A41
:105140005B013D4E9E193369220039005046984755
:10515000082801D9844216D20135EDB2374B1B78AD
:1051600000955A1CAA423EDBAB42E7D9344B1B6880
:105170006E019E19002EE6D12A492B48314AFFF7CD
:10518000B1F80020A8E73400009E00904B46012BA8
:1051900011D00020494681421BD9BB781B18DBB2D5
:1051A000234AD2181279FF2A0CD1214AD3181D7133
:1051B0000130C0B2EFE72169234A9142E9D1019B56
:1051C0009946E6E717491848204AFFF78BF8002070
:1051D00082E71F482B00009C2200390001F036FCBA
:1051E000A446674400E02E00144B1B7801339E4216
:1051F0000FDC5F4514D27B780B2B93D001239946AB
:105200007A78042A93D15B46DA1B93B200251C00FE
:10521000A4E7044904480F4AFFF764F800205BE75D
:10522000012059E770950010088E0010C703000098
:10523000C8190020E2030000CC950010A925002029
:105240009C160020EB030000056200100A04000019
:10525000DC190020190400007047704700207047D7
:105260000020704770B505000C00CB7888780F2BB4
:1052700053D89A002E498A589746FFF71DFC021E04
:1052800005D012232100280000F008FD46E029493E
:1052900029482A4AFFF726F800203FE0FFF7A0F947
:1052A000021E3CD08178C3781B020B4321002800EA
:1052B00000F0F4FC32E0022B0CD0FFF7D1FF021E0D
:1052C0002FD09178D3781B020B432100280000F0E7
:1052D000E5FC23E0FFF7F4FB021EF2D11549164866
:1052E000174AFEF7FFFF002018E0237961790902D1
:1052F0001943FFF7E9FB021E15D0037821002800AF
:1053000000F0CCFC0AE0FFF7A9FF021E0DD00378E5
:105310002100280000F0C2FC00E0002070BD002049
:10532000FCE70020FAE70020F8E70020F6E7C04697
:105330007094001058950010088E00102B04000087
:10534000520400007047704770477047024B58780E
:10535000431E9841C0B27047C8190020024B18780C
:105360004007C00F7047C046C8190020034B18788B
:10537000FF38431E9841C0B27047C0469C0C0020C5
:1053800070B50500FFF7F2FF061E01D0300070BDBA
:10539000254854220021FDF72BFD244B00221A70D2
:1053A000234C2000FCF7C0F8224B1C60224C20004C
:1053B000FCF706F9143C200001F0DFFE1F4B1C60D7
:1053C0001F4B002B04D01F48FFF72AF91E4B186013
:1053D000002409E09B1A5B011C4A9B185B68002BA8
:1053E00010D098470134E4B2164B1A782300511CB0
:1053F000A1420EDBA242EDD9134B1B6862019B1840
:10540000002BEBD1F122124912485200FEF76AFF3D
:10541000BCE7114B1D702800FFF7BCFC2800FFF70C
:1054200085FC0126B2E7C046C8190020AB25002044
:10543000801900201C1A0020940C0020201A002043
:1054400021460010A92500209C160020CC950010B4
:10545000C0950010088E00109C0C002070B50D0047
:10546000104B1E788B7870221A420DD10E4B997812
:10547000280001F095FA041E0DD029003000FFF736
:10548000E5FC0400200070BD08490948094AFEF700
:1054900029FF0024F6E705490548074AFEF722FFE1
:1054A000F0E7C0469C0C0020C81900202895001089
:1054B000088E0010FC040000FD040000F0B5D64684
:1054C0004F464646C0B581460C0017009846089BDB
:1054D0009A46002517E09B2217491848D200FEF78C
:1054E00001FF00263000E0BCBA46B146A846F0BD38
:1054F00011491248124AFEF7F5FEF3E7099A1370B4
:105500002378E4180135AF4214DD6378052BE2D12E
:10551000E1788907890F4145DDD121004846FFF731
:105520009DFF061EE4D0A378DA09012AE6D0524690
:105530001370E5E70126D5E738950010088E0010B6
:10554000D904000010B57F200840C9094000401868
:105550003030044BC0180430034B196801F0DCF9FB
:1055600010BDC046C81900201C1A002010B57F20AD
:105570000840C909400040183030044BC0180430BE
:10558000034B196801F0F0F910BDC046C81900209E
:105590001C1A0020F0B5C64600B582B001931A4827
:1055A00000787F250D40CE09184C6F00E419A4192E
:1055B00030342479E4071DD4144C6F00E419A41985
:1055C000303423790127BC4667463B432371019B56
:1055D000FFF760FC002813D10C4B6D005B199B1981
:1055E00030331A7901218A431A711A7903318A43B7
:1055F0001A7105E006490748074AFEF773FE0020C6
:1056000002B080BCB846F0BD9C0C0020C819002038
:1056100018950010088E00102A05000070B50A4B7E
:1056200018787F240C40CD09FFF74CFC074A640032
:1056300013195B1930331A7902210A431A711A7946
:1056400001210A431A7170BD9C0C0020C81900206A
:1056500070B50A4B18787F240C40CD09FFF750FC39
:10566000074A640013195B1930331A7902218A43FF
:105670001A711A7901398A431A7170BD9C0C002085
:10568000C81900207F220A40C909044B52009B1808
:105690005B18303318798007C00F7047C819002095
:1056A000F0B5C64600B582B005000C00002000F041
:1056B0004BFB237860221A40602A1AD0402A1FD060
:1056C0002378DB06DB0E012B00D1D5E0022B00D1C5
:1056D00015E1002B00D07BE1202A1BD0002A00D04E
:1056E00080E16378092B00D97EE19B00C54AD3583D
:1056F0009F46C549C548C64AFEF7F4FD002668E145
:10570000C44800F021FB220001212800FEF76CFFB5
:1057100006005EE123790F2B00D95FE1BE4AD31862
:105720001B79BE4A1278934207D2BD4A11685B01C9
:10573000C918002909D100264BE1511C994200DA11
:105740004EE19B1A5B01B749591822002800FFF768
:105750009EFC06003DE1200000F0FCFAA178280044
:10576000FFF7FAFAAC4A137802210B4313700126B3
:105770002FE1A94B5B786A460632137001232100A2
:10578000280000F08BFA012623E1A678A24B5B7873
:10579000DBB2B3422BD0A04B5B78002B0CD19E4BDD
:1057A0005E70002E21D031002800FFF77DFC061E20
:1057B00012D0FFF7C7FD1AE000212800FFF72AFBEF
:1057C0002800FFF763FB944FBB7898462800FFF74B
:1057D0000BFC4346BB70E2E78B498C48924AFEF7CC
:1057E00081FD8D4B00225A70F3E0FFF7ACFD2100E4
:1057F000280000F03FFA0126EBE021002800FFF727
:1058000031FD0600E5E0A278E3781B021343012B8B
:1058100001D00026DDE0804A137808210B43137085
:105820002100280000F026FA0126D2E0A278E378D1
:105830001B021343012B01D00026CAE0764A1378DD
:1058400008218B4313702100280000F013FA012671
:10585000BFE0714B1A785109920801230B400221D5
:105860000A4013436A4606321380022321002800AF
:1058700000F014FA0126ACE023790F2B00D9B5E033
:10588000654AD3181B79654A1278934223D2644A39
:1058900011685B01C918002900D1A9E02200280085
:1058A000FFF7F5FB061E00D093E0237860221A4232
:1058B00000D08EE063780A3B012B00D989E00020FC
:1058C00000F042FA63780A2B0ED02100280000F085
:1058D000D1F901267DE0511C994200DA8AE09B1A39
:1058E0005B0150495918D9E76B469A1D0023137084
:1058F00001332100280000F0D1F9013669E0217957
:105900007F200840CE0970230B4217D1424B400044
:105910001B189B191B7D41480078834215D24048D3
:1059200006685B01F618002A19D0002E64D0220008
:1059300031002800FFF7ABFB06004AE0324933484C
:105940003A4AFEF7CFFC002643E0461C9E4204DBA9
:105950001B1A5B01334E9E19E5E70026E3E76378E7
:10596000012B10D0032B0ED0002B47D12800FFF7BE
:1059700089FE6B469A1D108002232100280000F04A
:105980008DF9012625E0A078E2781202024304D1C5
:10599000012B19D02800FFF741FE002E30D0220045
:1059A00031002800FFF773FB002000F0CDF91A4BFF
:1059B00035229B5CDB07DE0F002B0AD1210028007B
:1059C00000F058F9012604E02800FFF741FEE4E763
:1059D0000026300002B080BCB846F0BD0026F8E7D3
:1059E0000026F6E70026F4E70026F2E70026F0E7B7
:1059F0000026EEE70026ECE70026EAE70026E8E7C7
:105A00000126E6E7CC94001084950010088E001063
:105A1000C5020000E9450010C8190020A925002092
:105A20009C160020CC950010150300008603000092
:105A300030B585B0FFF79AFC002808D105B030BD1D
:105A400001AC2078FFF71DFB2279604B9A70604B08
:105A50001C6820001430FFF709FB01A9200001F0A9
:105A60002FFB6269A369BFF35F8F0021116083F38D
:105A700010880028E2D001AB5B78082BE7D89B00A8
:105A8000544AD3589F4601AB1878FFF7FAFAFFF74C
:105A90005AFCDCE7504B1B78002B2DD04E4A137874
:105AA000013BDBB213701378002BD0D1474B1A782F
:105AB000012401210A431A703422995CA1439954AC
:105AC000995C0420814399540132995CA143995413
:105AD000995C8143995401AB187802A9FFF7E0FD66
:105AE0000028B4D101AC20780021FFF7EBF9207831
:105AF0008021FFF7E7F9AAE738493948394AFEF724
:105B0000F1FB9BE701AB19797F220A40CC092F4BAF
:105B100050001B181B19303318790125A843187140
:105B200018790335A8431871002A15D0274B520065
:105B30009B181B191B7D2C4A1278934213D22B4AB7
:105B400012685B01D318002B15D09C6901A842791B
:105B5000039B0078A0477AE701A84279039B00786D
:105B600000F006F973E7501C984204DB9B1A5B01B6
:105B70001F4A9B18E9E7194919481E4AFEF7B2FB6C
:105B80005CE7124B1B78DB0700D460E70F4B1878FB
:105B90000007C00FFFF7D8FB59E70C4B1B78DB075A
:105BA00000D454E7FFF7D1FB51E7029B002B00D153
:105BB0004DE7039898474AE7044BDB78DB0700D4AE
:105BC00045E70298FFF749FB41E7C046C8190020A6
:105BD000201A0020F4940010AB250020B09500108E
:105BE000088E001056020000A92500209C160020F7
:105BF000CC9500108102000010B50023CB56002B7D
:105C000005DB802100230022FFF7C4FC10BD00212A
:105C1000F8E70000F8B50500144B9F89DE89BB1B2F
:105C20009BB21C1C402B00D94024A4B20F4B1B7804
:105C30005BB2002B08DB0021B74213D00C4A2300D3
:105C40002800FFF7A7FCF8BDB74209D0074B9968B9
:105C5000402C09D806482200FDF7D0F88021EBE758
:105C60008021E9E70022EAE70020ECE76C19002038
:105C70008819002070B506000D00074C082220008E
:105C8000FDF7BCF80023A360E381A3812900300065
:105C9000FFF7B2FF70BDC0466C190020F0B5C646D4
:105CA00000B580460C0016001D001F4B08221F0087
:105CB0001800FDF7A3F8BE600023FB81A379E1790A
:105CC000090219430B1CA94200D92B1C99B2164A90
:105CD0009381A279E3791B02134319D0002901D0E3
:105CE000002E08D04046FFF795FF041E0AD0200082
:105CF00080BCB846F0BD0D490D487722FEF7F2FA98
:105D00000024F4E709490A487D22FEF7EBFAEEE7A2
:105D100021004046FFF770FF041EE8D10349044804
:105D20008022FEF7DFFAE2E76C19002024960010CB
:105D3000088E001010B5034814220021FDF758F812
:105D400010BDC0466C190020014B18617047C04659
:105D50006C19002010B50100044C08222000FDF74A
:105D60004DF80023A360E381A38110BD6C190020CE
:105D700070B505001C00C909314B1B78DB098B424B
:105D800016D0002C07D02F492F48A722FEF7AAFAD9
:105D90000024200070BD2A4C2100FFF749F8236938
:105DA000002B03D0264A0321280098470124F0E75E
:105DB000234B1B785BB2002B07DB214B9868002834
:105DC0003CD022492200FDF719F81D4AD389A1B21F
:105DD0005B189BB2D381916809199160D288934274
:105DE00001D03F2C1FD8164B1B69002B05D0144A3D
:105DF00002212800984700280BD011492800FFF7FE
:105E0000FBFE041EC5D10F490F48D022FEF76AFAE7
:105E1000BFE700212800FFF755F880212800FFF791
:105E200051F80124B5E72800FFF7F4FE041EB0D1B5
:105E300004490548D822FEF755FAAAE70024A8E746
:105E40006C1900200C960010088E00108819002094
:105E500070B50400FFF77AFA002807D10020002867
:105E600003D0E378002B09D1002070BDFFF776FA4C
:105E7000002801D10130F2E70020F0E725001035BD
:105E8000280001F007F93F2801D80020EDE7E1786C
:105E90000020FFF757FB0028E7D0280001F0FAF8B0
:105EA0003F2808D992239B00E218E1784023002084
:105EB000FFF770FBD9E7E1780020FFF757FB0020E0
:105EC000D3E7000010B50400FFF740FA002801D125
:105ED000002010BDFFF742FA002809D1064BB2227C
:105EE000920062439B181B79DB0703D50130F0E772
:105EF0000020EEE70020ECE7A416002010B5B22346
:105F00009B00434310330248181801F093F810BD6A
:105F1000A416002070B5B2239B005843084BC51847
:105F20001030C018074B9A4208D892B201F0E9F835
:105F300004002800FFF78CFF200070BD024AF5E73F
:105F4000A4160020FEFF0000FFFF000070B5050052
:105F5000FFF7FCF9002804D10023002B09D1002011
:105F600070BDFFF7FBF9002801D10123F5E70023FD
:105F7000F3E7B224A4006C432034244BE418043427
:105F8000200001F057F8002801D10020E8E71F4B5E
:105F9000B22292006A439B1899780020FFF7D2FA48
:105FA000002801D10020DBE7B226B6006E43A22311
:105FB0009B009C466644154BF61840223100200099
:105FC00001F09FF8041E15D0104BB22292006A43D4
:105FD0009B189978030032000020FFF7DBFA0028B5
:105FE00001D02000BCE70A490A48CD22FEF77AF921
:105FF0000020B5E7054BB22292006A439B189978BE
:106000000020FFF7B3FA0020AAE7C046A41600203C
:1060100054960010088E001070B50500B224A4003C
:10602000444320340B4BE41804340B4B9A420BD8F6
:1060300092B2200001F09CF80600200000F0FAFF68
:106040003F2803D8300070BD044AF2E72800FFF76C
:106050007DFFF7E7A4160020FEFF0000FFFF000011
:1060600010B5B2239B0058432030034BC0180430B6
:1060700001F010F810BDC046A4160020F0B5CE46C1
:10608000474680B583B02B48B22292000021FCF72E
:10609000AFFE294B00221A700027002F04D003B056
:1060A000C0BCB946B046F0BD224EB224A4007C4329
:1060B0003519FF236B71E1235B02AB600023984627
:1060C0002B736B730833AB73210038318919F833A4
:1060D00099462000103080194346009301334A4608
:1060E00000F06AFF21003931FF318919200020308A
:1060F00080190430012300934A4600F05DFF8E238F
:106100009B00E3189946B1444846FBF70DFA9023EB
:106110009B009C466444A4192000FBF705FA434603
:10612000EB614B462B622C6343466B630137FFB236
:10613000B3E7C046A4160020A016002010B5002327
:10614000002B01D0012010BD19000F4AB2208000A1
:1061500058431218106A146B002807D00A4AB2205C
:106160008000584312180020D0611062002C07D024
:10617000054AB22080004143521800211163516347
:106180000133DBB2DCE7C046A416002070B5002462
:10619000002C00D070BD2500B22080006043174B5A
:1061A000C01805220021FCF723FE154B1B78DB07E6
:1061B00010D5134B1B789B0715D5B2208000684380
:1061C00020300E4BC0180430012100F0F5FF0134DF
:1061D000E4B2DDE7B220800060431030074BC01806
:1061E00000F0CBFFE5E7B220800068432030034B8E
:1061F000C018043000F0C1FFDFE7C046A41600203D
:10620000A0160020F0B583B004004B79022B64D1B6
:106210008B79022B65D10023002B07D09A223249BB
:1062200032485200FEF75EF8002557E03048B225AC
:10623000AD005D4340198078002802D00133DBB205
:10624000EAE72B4BEE188B7833700F78CF190925BE
:106250007B78242B06D1954204D83B785D19ADB2EA
:10626000FF18F5E7052B09D07B78042B02D17B7949
:106270000A2B18D03000FFF7EBFD2FE0390020008B
:10628000FFF7ECF8002806D0BB7873703B785D19F7
:10629000ADB2FF18E8E7A322134914485200FEF7F5
:1062A00021F800251AE039784D19ADB27918B31CE0
:1062B0000193F31C0093022302222000FFF7FEF853
:1062C000002802D00E35ADB2D4E756220649074861
:1062D000FF32FEF707F8002500E00025280003B094
:1062E000F0BD0025FAE7C04648960010088E001061
:1062F000A4160020F8B51400127860231340202B58
:1063000000D080E0454A0025002D00D07DE01678C1
:10631000277963791B023B439E4206D00135EDB2DB
:10632000B2239B009C466244EEE76378222B32D076
:1063300009D8202B11D0212B03D1012924D00120F1
:1063400062E0002060E0232B05D101294AD0032917
:106350004DD0012058E0002056E0012903D0032948
:1063600008D0012050E0083207232100FFF796FCF7
:10637000012049E02A4B002B49D0083211002800A7
:10638000FEF754F901203FE0083207232100FFF710
:1063900085FC012038E0012903D0032906D0012023
:1063A00032E02100FFF766FC01202DE0A178E378C0
:1063B0001B020B430120190001400E005C08044041
:1063C00013714B425941C9B22432100000F0F4FE5F
:1063D000144B002B1DD022003100280000E000BF2C
:1063E000012011E02100FFF745FC01200CE00E4BDD
:1063F000002B10D0A378E17809021943280000E0AF
:1064000000BF012000E00020F8BD0020FCE70120D3
:10641000FAE70120F8E70120F6E7C046A4160020BD
:106420002D4600100000000000000000F0B5D64628
:1064300000B582B001900F0000930024002C0DD015
:10644000002C19D1EB78BB421ED0AB78BB4255D0A3
:106450000124200002B080BCBA46F0BDB225AD00D8
:1064600065433D4BED18EB78BB42E9D0AB78BB42BE
:10647000E6D00134E4B2E1E7B62238493848FF32C9
:10648000FDF730FF0024E4E710239A46AA44922344
:106490009B00E9186B461A88504600F069FE314BA4
:1064A000002B1BD06B79FF2B18D0002600E00136A3
:1064B000009B9E4212D26A79AB19922189008C46C8
:1064C00063441B789A42F2D1504600F0C8FD002880
:1064D000EDD16979200000E000BFE8E7224B002BF6
:1064E00004D0504600F0BBFD002803D02800FFF781
:1064F000AFFCAAE7200000E000BFF7E71B4B002B32
:1065000002D0200000E000BF2000FFF71FFD0028A0
:1065100001D001249DE72800243000F08BFD0028E5
:1065200015D1009B002B14D09E0601D0012490E7CA
:10653000A9780198FFF706F8041E01D1012488E725
:10654000A978002300220198FFF724F881E70124AD
:106550007FE701247DE7C046A4160020389600108E
:10656000088E001000000000000000000000000085
:10657000002818D10D4BB322920042439B18AA3336
:10658000FF331B78002B0AD1084BB3229200424301
:106590009B1885331B78002B03D0013004E00120C9
:1065A00002E0002000E000207047C046E41A00200E
:1065B00010B5002801D0002010BDB321890041434F
:1065C0008031034BC918043100F0C6FAF4E7C04625
:1065D000E41A0020F0B5C64600B584B02048B322C6
:1065E00092000021FCF704FC0025002D03D004B02C
:1065F00080BCB846F0BDB324A4006C432300C9336B
:10660000FF33174E9B190433A21904322000A9301E
:10661000FF308019402188460391029280277F0035
:106620000197009300230022002100F022FA2300AA
:10663000A0339B190833220040329219043280346F
:10664000A019043041460391029201970093002360
:106650000122002100F00DFA0135EDB2C5E7C04678
:10666000E41A002070B50025002D01D0012070BD76
:10667000B324A4006C432000A930FF30054E8019DC
:1066800000F028FA8034A019043000F023FA013514
:10669000EDB2E9E7E41A002070B50025002D00D026
:1066A00070BDB324A4006C43084EA31900221A70D5
:1066B0002000B130FF30801900F05FFD8834A01950
:1066C000043000F05AFD0135EDB2E7E7E41A00208E
:1066D000F0B5C64600B582B001900F004B79FF2B94
:1066E00000D09AE00C780C19A5180026002E01D0D5
:1066F000002093E03000FFF73BFF002802D0013676
:10670000F6B2F3E7B3239B007343464A984690449E
:10671000BB784246137033E0AC427BD22100019833
:10672000FEF79CFE002836D00136F6B2A378DB09CE
:10673000012B37D04046B130FF3000F01EFDA1786C
:10674000D422520043469B185970217963791B0269
:106750000B435B055B0D34498C46634459424B4106
:106760005B004146895C022081430B4341468B54C8
:106770008918019800F032FA002844D02378E418F0
:106780003B79B34246D96378052BC5D0AC42C3D21E
:106790002378E418F7E725492548DA22FDF7A2FD1A
:1067A00000203BE040468C3000F0E7FCA3788422D8
:1067B000414684314B70217963791B020B435B05A1
:1067C0005B0D19498C46634459424B415B0041467D
:1067D000895C022081430B4341468B54114A8A1A3B
:1067E000921053009B1859025B18980218188000E9
:1067F0008018400080180301C0180301C018C0B2FF
:10680000FFF7D6FEBAE709490948E222FDF76AFD1B
:10681000002003E0E01B80B200E0002002B080BC5A
:10682000B846F0BDE41A002000FEFFFF6C96001091
:10683000088E0010F8B506001D002B4F0024002C18
:1068400050D1AA23FF33FB5C8B420AD08522BA5C6D
:106850008A4206D00134E4B2B3239B009C466744CD
:10686000EDE78B4205D08523FB5C8B4222D00120D3
:1068700039E03B00B133FF339B88002B0FD11B4B1A
:10688000002B04D0391DAAB2200000E000BF39005F
:10689000A931FF31300000F0A1F9012023E03B00D5
:1068A000A933FF335968AAB23800B130FF3000F085
:1068B0005FFCE4E70E4B002B04D02904090C2000F8
:1068C00000E000BF84373900300000F045F90028AF
:1068D00001D0012007E02A003900300000F0FCF868
:1068E000012000E00020F8BDE41A002000000000B4
:1068F0000000000010B50020FEF742FD041E01D08C
:10690000200010BD024903483122FDF7EBFCF7E7F8
:10691000EC960010088E001070B504000D0003788E
:10692000DB07D80F002B1DD123785B07DE0F002B70
:1069300019DB01214942280001F05AFB2378DB07CB
:10694000DA0F002B07D123785B0709D423780422C0
:10695000134323700126280001F022FB300002E0DF
:106960001600F8E7002070BD70B506000C0001218C
:106970004942200001F03CFB33785B07DD0F002B20
:1069800004DB200001F00CFB280070BD3378DB072E
:1069900004D43378042293433370F2E70025F0E700
:1069A00010B5027943791B0213435B055B0DC27876
:1069B0009207920F022A14D0032A2DD0012A3CD12B
:1069C000022904D01E4A9A4204D3012036E08022D4
:1069D000D200F8E71B491C489022FDF783FC0020F9
:1069E0002CE0022903D0402B0FD8012026E0802282
:1069F0009200934201D1012020E0124912486A3AE4
:106A0000FF3AFDF76FFC002018E00E490E489A226D
:106A1000FDF768FC002011E0022904D040229A42D0
:106A200004D301200AE08022D200F8E70549064895
:106A3000A022FDF757FC002000E0002010BDC0465A
:106A4000FF030000D8960010088E001030B58A1899
:106A500001E00C78091991420AD24C78052CF8D142
:106A60008D787A342C4064000419ED096355F0E701
:106A700030BDF0B585B0040003920AAA40CA178859
:106A80000DAA158801220A40017801208143114393
:106A9000217020000830009301233A00310000F0FB
:106AA0008BFA002E01D0002F05D10C9B636065800E
:106AB000012005B0F0BD26001C363000FAF734FD89
:106AC000039B002B04D0330000266361A661ECE732
:106AD0000023FAE701207047F8B506000C00150006
:106AE0000B789B0711D58027BF002000083000F0ED
:106AF000A1FA002825D1002D25D0013F3D4224D107
:106B00002378DB0703D500201CE04027EDE7617800
:106B10003000FEF717FD0028F5D02378DB0707D5F6
:106B200026220B490B48FF32FDF7DCFB002009E071
:106B30006178002300223000FEF72CFD002801D1EF
:106B4000EEE70020F8BD0020FCE70020FAE7C04691
:106B5000B4960010088E001070B505000C000E00F1
:106B60000836300000F066FA002830D02378DB07C2
:106B700001D5002070BD61782800FEF7E3FC0028F5
:106B8000F7D061686288300000F0BBFA061E14D0AE
:106B90002378DB0707D534220E490F48FF32FDF773
:106BA000A1FB0020E6E76268617803002800FEF799
:106BB000F1FC0028EFD03000DCE72378DB0701D5BB
:106BC0000020D7E761782800FEF7D0FCF8E7002026
:106BD000D0E7C04698960010088E0010F8B5050062
:106BE0000C008B89002B22D10B78DB0701D500200C
:106BF000F8BD4978FEF7A6FC0028F8D06388227813
:106C0000D20707D56E2230493048FF32FDF76AFBC4
:106C10000020EDE76178002B07D062682800FEF7BE
:106C2000B9FC0028EED06088E2E70022F6E70B7896
:106C30009B070DD58026B60027000837380000F0E6
:106C400029FA86423ED82378DB0703D50020CFE718
:106C50004026F1E761782800FEF774FC0028F5D0A3
:106C6000380000F017FA864222D87642B6B262881F
:106C70003040031C80B2904200D9131C9EB223788E
:106C8000DB0707D5C122104910485200FDF72AFB47
:106C90000020ADE76178002E08D06268330028003C
:106CA000FEF778FC0028EDD03000A1E70022F5E7E0
:106CB0002378DB0701D500209AE761782800FEF7EA
:106CC00055FCF8E7002093E77C960010088E001032
:106CD00003008A1890B2814202D85A00904203DB26
:106CE0005B009BB2C01A80B2704770B50500080007
:106CF000AC889A420BD3D11A89B200291ED08C429B
:106D000010D2944209D8121B93B26B810AE0D11AB7
:106D100089B26600891989B2EFE7A21893B2F4E745
:106D20001B1B9BB29C42FBD92968EA885204520C77
:106D30005343C918FCF762F8012070BD0020FCE73E
:106D4000F8B5CE46474680B505008C4608A90978B7
:106D50008488E01A80B21C1B1419A4B2EF887F0447
:106D60007E0C07007743BFB27443A4B2A1462C68DF
:106D7000A04673434344002906D1904208D372438E
:106D800019006046FCF73AF8C0BCB946B046F8BDF9
:106D90003A00190064462000FCF730F82968E01931
:106DA0004A46FCF72BF8EFE7F0B5C64600B582B0CF
:106DB0001E0008AB1B8809AC277884889E420FD33D
:106DC000F51AADB2002D1FD0AC4205D2B44210D896
:106DD000331B9BB24381250095420FD315000DE074
:106DE000F51AADB2A8466500AC4645466544ADB25D
:106DF000E8E7A619B3B2EDE71B1B9BB29C42FBD997
:106E000000972A00FFF79CFF280002B080BCB8461C
:106E1000F0BDF0B583B004000D0016001F0000693E
:106E2000002803D00121494201F0E2F823899BB2F6
:106E3000628901970092320029002000FFF7B4FF19
:106E40000500618989B2A0882A00FFF741FF6081AF
:106E50002069002801D001F0A3F8280003B0F0BD9C
:106E6000F8B5CE46474680B505008C4608A9087897
:106E7000AC88E11A89B21C1B1419A4B2EF887F04F4
:106E80007E0C0F007743BFB27443A4B2A1462C68B6
:106E9000A04673434344002806D1914208D372436D
:106EA00061461800FBF7AAFFC0BCB946B046F8BD62
:106EB0003A00644621001800FBF7A0FF2868E1199A
:106EC0004A46FBF79BFFEFE7F0B585B0060003915C
:106ED000151E029300D16DE0C068002803D0012187
:106EE000494201F085F83489A4B2718989B2F379F5
:106EF000DB091AD1B3888C420FD3611A89B28B4255
:106F000011D95B1A9BB22F1C9D4200D91F1CBFB226
:106F1000002F47D0B288230035E0611A89B25A00A9
:106F2000891889B2EBE70023EDE7B788AF420ED8A6
:106F3000029B002B21D1ED1BF3885B045B0C6B43A0
:106F4000039A94469C44634603930C00E0E78C420A
:106F50000DD3631A9BB25B197A0093420FDB7A1B45
:106F600092B23800FFF7B4FE04002F00D0E7631A96
:106F70009BB27A009B189BB2EDE70C00C8E72F008C
:106F8000C6E79B1A9BB29A42FBD9029A00923A003A
:106F900003993000FFF764FFB0883A002100FFF743
:106FA00097FE3081F068002801D000F0F9FF38002A
:106FB00005B0F0BD1700FAE7F0B583B00400019109
:106FC00016001D0008AB1F7880231B029A422DD8A3
:106FD000C068002803D00121494201F009F8206966
:106FE000002803D00121494201F002F8019B2360EF
:106FF000A6806D046B0CE588ED0BED031D43E58069
:10700000FB01E2797F2717401F43E771002363816B
:107010002381E068002801D000F0C2FF2069002829
:1070200006D000F0BDFF012003B0F0BD0020FBE75B
:107030000120F9E7818803899BB2428992B2934289
:1070400007D39B1A9BB2081C994200D9181C80B226
:1070500070479B1A9BB24A009B189BB2F3E70389C7
:107060004089181A43425841C0B270478188038949
:107070009BB2428992B2934206D39B1A9BB20020E4
:107080008B424041C0B270479B1A9BB24A009B188A
:107090009BB2F4E7828803899BB2418989B28B4213
:1070A00006D35B1A9BB29A4208D9D01A80B27047B5
:1070B0005B1A9BB251005B189BB2F4E70020F6E725
:1070C00070B504000D000069002803D00121494279
:1070D00000F08EFF228992B263899BB229002000C2
:1070E000FFF703FE0500618989B2A0882A00FFF737
:1070F000EFFD60812069002801D000F051FF2800D9
:1071000070BD10B50023FFF784FE10BDF8B5040074
:107110000E00C068002803D00121494200F068FF3A
:107120002589ADB22000FFF7A1FF002802D0E77942
:10713000FF0916D0A2882B0001E09B1A9BB29A424D
:10714000FBD92068E2885204520C5343C018310026
:10715000FBF754FEA08801222900FFF7B9FD20812A
:107160000127E068002801D000F01AFF3800F8BDC0
:1071700010B50023FFF7A8FE10BD10B50400C068CD
:10718000002803D00121494200F032FF2069002885
:1071900003D00121494200F02BFF002363812381AA
:1071A000E068002801D000F0FBFE2069002801D033
:1071B00000F0F6FE012010BD70B504000D00C0689F
:1071C000002803D00121494200F012FF2069002865
:1071D00003D00121494200F00BFFED01E3797F214B
:1071E00019402943E171E068002801D000F0D8FE81
:1071F0002069002801D000F0D3FE012070BD0000FE
:107200000123084A1360084A1360084B1A680123D7
:107210009343FAD1064B01221A60054B1B68DB052C
:10722000FBD5704700E0004000F0004008C000407F
:1072300000C00440074B83420AD0042301229A4035
:10724000054B1A60054B1B6811009943FAD1704732
:107250000323F3E7A80C002000F0004008C0004022
:10726000F0B5DE4657464E464546E0B587B00700C6
:1072700093461800039310AB1A780592119D129A49
:1072800090463B680022DA663B6859603B680132F1
:10729000DA660290002399460493002600242DE02C
:1072A0003B79002B39D0012337E0059A002A01D021
:1072B000002236E0012234E000214046A8470600C3
:1072C0000443E4B2002E06D13B685B6BDB0602D4BC
:1072D000002DF1D1F6E7002E09D13B6880229A58A3
:1072E0000492002A28D1002C39D1CA4527D0002C7D
:1072F0003DD101239C46E144019B9B46029B99455D
:1073000035DA039B013B9A46002D02D0012140460D
:10731000A8474B46002BC3D000239B02CA45C4D0CC
:107320000022520213435A46013201925A46117802
:107330003A680B431361CBE75B6D01240FE0059BBB
:10734000002BD4D10BE000214046A847060004439F
:10735000E4B2002E06D13B685B6B9B0502D4002D86
:10736000F1D1F6E7002EC2D13B681B6EBFE7002CBF
:1073700008D0002E10D1049A002A11D0D30713D4BC
:10738000130715D5059B3B71484607B0F0BCBB46BB
:10739000B246A946A046F0BD02235B429946F1E7FA
:1073A00001235B429946EDE701235B429946E9E7F9
:1073B00001235B429946E5E7F0B5D6464F4646467F
:1073C000C0B505000C000520FAF786FE060060082F
:1073D00080192100FBF7EEF807004300994681442D
:1073E00005214846FBF7E6F880463B1A9A46274BAC
:1073F0009C4225D8700080192549FBF7DBF8441C16
:107400004346023BA34222D32B680022DA662B6854
:1074100019680432514002320A40802149018C46E9
:1074200063441A602B685246DA612B6842461A623E
:107430004B464F2B11D950214846FBF7BBF80DE0C6
:10744000700080191349FBF7B5F8441CD8E7124BBC
:10745000124A13485D21FCF7D5FD01202A68A023BC
:10746000D0502B68DA6F54402404240C0D4A944603
:1074700063441C602B680122DA6639003000FBF798
:1074800099F8E0BCBA46B146A846F0BD3F420F00AD
:107490008096980040787D01208E0010F8960010AC
:1074A000408E00107C10000070B504000D00114BE0
:1074B00098421DD00422012393400F4A13602000FC
:1074C000FFF7B8FE002323712268D3662268662185
:1074D000FF3111602268D363226893632268883386
:1074E0006339FF39D15029002000FFF765FF70BDD7
:1074F0000322E0E7A80C002000E0004030B585B092
:1075000008AC25780024029401940095FFF7A8FEAA
:1075100005B030BD030010B50A0003490868190022
:1075200000F004F810BDC046B00C002070B50B0C84
:107530000024150C002B28D1002D3CD18BB291B228
:10754000594300F047F8051E33D00300083B5A6842
:1075500003239A43043A242A12D80300132A0AD98F
:107560000460446008331B2A05D98460C460242A5F
:107570002AD00300103300221A605A609A6002E099
:107580000021FBF735FC280070BD002D16D1151C1D
:1075900089B292B24A43ADB29BB26B43110C5B18F5
:1075A000190C0BD1190492B2114300F013F8051E07
:1075B000CBD10025E7E72B1C0D1CE9E700F096FC7A
:1075C0000C2300250360DEE70300046118334461E7
:1075D000D1E7C046F0B54E464546DE465746E0B5D3
:1075E0000D000B35060085B0162D27D8102900D9BF
:1075F000DAE000F01BFC102518230221C84FFB180D
:107600001A005C68083A944200D147E1032263689B
:10761000A1689343E268CA6091600121E3185A6847
:1076200030000A435A6000F003FC2000083005B027
:10763000F0BCBB46B246A946A046F0BD07239D4319
:1076400000D5B1E0A94200D9AEE000F0EFFBFC2389
:107650005B009D4200D296E1690A00D1A8E00429AE
:1076600000D950E138239846A90988443931CB0024
:10767000082252429446AA4FFB189C446346DC6899
:10768000A44514D0032399460B0061469C4607E0AD
:10769000E068002A00DBFBE0814200D1FCE004004E
:1076A0004A46636893435A1B0F2AF1DD41463A006C
:1076B0003C690832944200D1D9E0032063688343D7
:1076C000581B0F2800DD62E13A617A610028A4DAD4
:1076D0007A68904680229200934200D3E4E0DA0870
:1076E000580901238340404618438046D300DB19E4
:1076F0009A687860E360A2609C60D46001208B107F
:10770000984040455CD8434603420AD1032399433D
:10771000434640000431034203D140000431034298
:10772000FBD00323B3469C460E00B8460190F00000
:1077300040440100B246CB680BE064465A681F0023
:10774000A243DB68541B0F2C00DDEFE0002C00DBB4
:1077500009E19942F1D101239946CA4453460831BF
:107760009B07E8D1032205E003680838013E834205
:1077700000D003E23242F7D14346019A5B6893435B
:1077800042465360019A520001929A4216D8002A4A
:1077900006D113E004229146019ACA445200019294
:1077A0001342F7D05646C2E70C23002033603EE771
:1077B00080233F22402190469B0059E75E46474682
:1077C0000322BC68636893439A46AB4202D35A1BB8
:1077D0000F2A4FDC230053440293524B0820994652
:1077E0001B6810335B19019300F012FB4E490390A4
:1077F0000B688B46013306D08446019B4242013B15
:107800006344134001933000019900F049FB0300E9
:107810008046013300D1D8E0029B834200D9D2E0F8
:107820004B4601995A688C46624403995A60029B00
:1078300010000139434500D0E5E043460B4200D03B
:10784000E1E0BB6801219846634653440B4341463F
:107850004B604946C96A914201D24946CA624946CB
:10786000096B914201D249460A634446AFE07B6806
:10787000984643E7012329001A43194365196160BB
:107880003000BD606A6000F0D3FA20000830CEE618
:10789000A268D0608260C0E6614608E7DC68023119
:1078A000A34200D103E7B1E65A0A042A00D883E0D4
:1078B000142A00D908E110005B3082465C32D20005
:1078C000082040428446BA189444624692680B30BD
:1078D0008146944500D1DFE00800A2466146844617
:1078E00002E09268914204D04C465068A04398420E
:1078F000F7D8D368614654469C466346A260E3606D
:107900009C60D460FAE614296ED9542900D9E4E0C9
:107910006E239846290B88446F31CB00A8E6C046F9
:10792000E00D002094130020D80D0020BA4601205D
:107930005146844649190543504645608568474687
:107940006046EB605E469D60534639617961204335
:1079500008374860CF6030008F609C5000F068FAB4
:107960005046083063E6BA4601205E4652445168EC
:1079700001435160BA683000D3609A6000F058FA51
:107980003800083053E62B00E908083336E6611961
:10799000884601218C460D43414665603961796115
:1079A000CA608A60624602434A60E050300000F0DC
:1079B0003FFA200008303AE69A0910003932383090
:1079C0008246D2007CE7BC4214D0BC6863680322C4
:1079D00093435A1BAB4202D30F2A00DD4AE7300023
:1079E00000F026FA002022E65B23984688445C31AA
:1079F000CB003DE64B465868019B9C464B46604495
:107A00005860039B591E5B461B68013370D0434688
:107A1000029A9B1A4A461B18536007234246404667
:107A20001A400292184240D00398013384469B1AB0
:107A3000019A98444244019263440A409B1A1940B7
:107A400030008B4600F02CFA431C77D04346C01A16
:107A500003005B4401934B465A6801205A445A6024
:107A600043464146BB60019B03434B60BC4200D18F
:107A7000EFE653460F2B3FD907210C3B8B43616840
:107A80000140052019436160E118486088600F2BB0
:107A900049D843465B68DCE653469810012383408F
:107AA000404618438046786027E7019B039A434489
:107AB0000B40D31A194030008B4600F0F1F9431CFB
:107AC000C4D100239B46C6E7542A17D81A0B1000CE
:107AD0006F326E308246D200F2E6AA235B009942F2
:107AE00017D8DD3B9846E90B88447831CB00BFE5D9
:107AF0005B4642461A6090E7486070E7AA20400063
:107B0000824226D8DA0B1000783277308246D200D3
:107B1000D6E61C4B994226D87C239846A90C88446B
:107B20007D31CB00A4E521003000083100F086F85B
:107B30004B465A68BB6898465B688AE6019A029B86
:107B400094464246083B63449B1A019300239B469C
:107B500081E70C4882420CD89A0C10007D327C30B0
:107B60008246D200ACE6FE237E227F2190469B0017
:107B70007EE5FE227E2092008246A1E643465B68B7
:107B800000E6C04654050000F0B5C646060000B544
:107B900008200D0000F03CF90400300000F046F928
:107BA000234B210098469B685F6803239F4338005E
:107BB0001138401B0019FAF7FDFC451E6543AC4225
:107BC00008DC0021300000F06BF943469B68DB19AC
:107BD000984206D0300000F02BF9002080BCB84657
:107BE000F0BD3000694200F05BF901300ED0012297
:107BF00043467F1B9B6817430E4A5F601368300043
:107C00005B1B136000F014F90120E7E7002130004E
:107C100000F046F943469A68831A0F2BDADD064CCA
:107C200004492468001B086001210B435360D1E71D
:107C3000E00D002098130020D80D0020F8B5CE46A6
:107C4000474605000C0080B5002957D000F0EEF83B
:107C5000012321009C46083948686246030003243A
:107C60009343CF187A68654EA243B468BC4200D1F2
:107C700070E0BC18A14664467A60044221D10868CD
:107C8000091A1B188868804648464068204034001E
:107C900008348146A04551D04046CC68C460A060FD
:107CA0004846002811D19B185548BA68824200D135
:107CB0007FE0F868D060826001221A434A60CB50AE
:107CC00007E0484640682042EDD062461A434A60C9
:107CD0003B6080229200934214D2DA0858090123B3
:107CE0008340706803437360D3009B199A68CB602C
:107CF0008A609960D160280000F09AF8C0BCB9464B
:107D0000B046F8BD5C0A042C3DD89C0920003934EB
:107D10003830E40034192268083C0327944203D128
:107D200040E09268944203D05068B8439842F8D833
:107D3000D468CC608A60A160D160DCE7002858D1AB
:107D4000B868D218FB68C3609860634613434B6001
:107D50008A50D0E79A186346034206D10B68C91AC5
:107D60008868D218CB68C3609860012313434B60C6
:107D7000244BB1601B689342BDD8234B280019687F
:107D8000FFF702FFB7E7142C07D9542C1AD81C0BA5
:107D900020006F346E30E400BCE720005C345B30C0
:107DA000E400B7E7012380108340706803437360E9
:107DB000BFE7D1609160CA608A6001221A434A60BD
:107DC000CB5098E7AA225200944205D8DC0B200041
:107DD00078347730E4009DE70C4A944205D89C0C37
:107DE00020007D347C30E40094E7FE247E20A40053
:107DF00090E762461A434A603B607CE7E00D002052
:107E0000E80D0020DC0D0020941300205405000034
:107E1000802310B55B01082801D1180010BD00F0C7
:107E200065F816230360173BF7E7C0467047C04666
:107E30007047C04610B5010000230022002000F06A
:107E40005BF810BD10B583070AD00300032102E0E0
:107E500001330B4205D01A78002AF9D1181A10BD47
:107E6000030019680C4A0D4C8A188A4322420FD12C
:107E70005968094A04338A188A43224208D159684A
:107E8000054A04338A188A432242F1D000E00133C4
:107E90001A78002AFBD1E1E7FFFEFEFE8080808099
:107EA000002370B5064C050008002360FCF78AF833
:107EB000431C00D070BD2368002BFBD02B60F9E77A
:107EC0000415002070B5074C074D641BA41005D0A5
:107ED000013CA300EB589847002CF9D100F054F86E
:107EE00070BDC046A8800010A8800010014B186823
:107EF0007047C046B00C0020F0B5C6461A4C00B51D
:107F00002568002D2AD06C681F2C2ADC002808D197
:107F10000020631C0234A4006B60615180BCB84631
:107F2000F0BD8827A600AE19F2510137FF37BC46D5
:107F30000122AC446746A2403F6890461743624620
:107F4000176084277F00F3510228E1D128004246C0
:107F50008D30FF30036813430360D9E7034D25607C
:107F6000D1E701204042D9E79816002008150020EB
:107F7000034B10B5002B02D00248FFF75BFF10BD8A
:107F800000000000C57E0010F8B5C04600000000EB
:107F900001B40248844601BC604700BFB90200201A
:107FA00001B40248844601BC604700BF09020020BA
:107FB00001B40248844601BC604700BF050B0020A5
:107FC00001B40248844601BC604700BF0D07002091
:107FD00001B40248844601BC604700BF050B002085
:107FE00001B40248844601BC604700BFC1000020C4
:107FF00001B40248844601BC604700BFCD010020A7
:1080000001B40248844601BC604700BF91030020D0
:1080100001B40248844601BC604700BF99010020BA
:1080200001B40248844601BC604700BF61080020DB
:1080300001B40248844601BC604700BF0908002023
:1080400001B40248844601BC604700BF1508002007
:1080500001B40248844601BC604700BF39070020D4
:10806000C1230010ED23001055250010E12D001054
:10807000DD2B0010212D0010892400100924001090
:10808000292400103D240010611500104524001023
:10809000751D0010AD230010A10E0010717F00109F
:0880A000FD020010354B001039
:1080A8004C696761646F00004465736C696761645B
:1080B8006F000000457374696C6F20636F6E74699C
:1080C8006E756F00457374696C6F20706F6E74699C
:1080D8006C6861646F0000004C454420566572640A
:1080E800652025730A000000457374696C6F20646D
:1080F8006120626F72646120616C74657261646F83
:1081080020706172613A2025730A000050574D2093
:1081180025730A0021287261775F6972715F6D614A
:10812800736B5B6765745F636F72655F6E756D28EF
:10813800295D2026206770696F5F6D61736B290068
:108148002F686F6D652F6C7569732F2E7069636F5B
:108158002D73646B2F73646B2F322E312E302F7377
:1081680072632F7270325F636F6D6D6F6E2F68610F
:108178007264776172655F6770696F2F6770696F86
:108188002E63000021656E61626C6564207C7C2032
:10819800287261775F6972715F6D61736B5B676588
:1081A800745F636F72655F6E756D28295D20262088
:1081B8002831756C6C3C3C6770696F2929207C7C80
:1081C8002063616C6C6261636B735B6765745F638A
:1081D8006F72655F6E756D28295D00006D616E7543
:1081E8006661637475726572203D3D204D414E5540
:1081F80046414354555245525F52504900000000D1
:108208002F686F6D652F6C7569732F2E7069636F9A
:108218002D73646B2F73646B2F322E312E302F73B6
:1082280072632F7270323034302F7069636F5F70F1
:108238006C6174666F726D2F706C6174666F726DAD
:108248002E63000070617274203D3D2050415254ED
:108258005F525032000000000A2A2A2A2050414E5C
:108268004943202A2A2A0A004E6F207370696E6CCF
:108278006F636B732061726520617661696C6162FE
:108288006C65000030783163203D3D20282A696EF6
:108298007374293E3E313175000000002F686F6D00
:1082A800652F6C7569732F2E7069636F2D73646BFE
:1082B8002F73646B2F322E312E302F7372632F720F
:1082C80070325F636F6D6D6F6E2F68617264776176
:1082D80072655F6972712F6972712E630000000008
:1082E80064656C7461203E3D202D32303438202680
:1082F800262064656C7461203C3D20323034362081
:10830800262620212864656C7461202620312900E6
:10831800212864656C7461203E3E20313175290046
:1083280063757272656E74203D3D205F5F756E687F
:10833800616E646C65645F757365725F69727120E4
:108348007C7C2063757272656E74203D3D20686187
:108358006E646C65720000006972715F68616E64BA
:108368006C65725F636861696E5F667265655F738D
:108378006C6F745F68656164203E3D2030000000CA
:10838800767461626C655F68616E646C6572203DCD
:108398003D205F5F756E68616E646C65645F7573C0
:1083A80065725F6972710000212828282875696E36
:1083B800747074725F742972656D6F76655F746826
:1083C800756D625F62697428767461626C655F6856
:1083D800616E646C65722929202D20282875696EC4
:1083E800747074725F74296972715F68616E646C0D
:1083F80065725F636861696E5F736C6F7473292956
:1084080020252073697A656F6628737472756374A2
:10841800206972715F68616E646C65725F63686120
:10842800696E5F736C6F7429290000002165786399
:10843800657074696F6E207C7C20657863657074E4
:10844800696F6E203D3D206E756D202B205654417E
:10845800424C455F46495253545F4952510000000F
:1084680066616C736500000069735F7368617265AB
:10847800645F6972715F7261775F68616E646C6571
:108488007228736C6F745F68616E646C6572290022
:10849800657863657074696F6E000000666F756E4D
:1084A800640000004E6F2075736572204952517345
:1084B8002061726520617661696C61626C6500009B
:1084C80031203D3D202875696E747074725F74297F
:1084D8006C2D3E7370696E5F6C6F636B00000000FB
:1084E8002F686F6D652F6C7569732F2E7069636FB8
:1084F8002D73646B2F73646B2F322E312E302F73D4
:1085080072632F636F6D6D6F6E2F7069636F5F732A
:10851800796E632F6D757465782E6300746F74615E
:108528006C0000006D74782D3E636F72652E737059
:10853800696E5F6C6F636B006C6F636B5F69735F11
:108548006F776E65725F69645F76616C6964286DC8
:1085580074782D3E6F776E65722900006D74782DE2
:108568003E656E7465725F636F756E74000000001F
:10857800706F6F6C2D3E74696D65725F616C6172AE
:108588006D5F6E756D203D3D2074696D65725F612C
:108598006C61726D5F6E756D000000002F686F6D05
:1085A800652F6C7569732F2E7069636F2D73646BFB
:1085B8002F73646B2F322E312E302F7372632F631B
:1085C8006F6D6D6F6E2F7069636F5F74696D652F66
:1085D80074696D652E63000064656661756C745F0F
:1085E800616C61726D5F706F6F6C5F696E697469E1
:1085F800616C697A6564282900000000417474651B
:108608006D7074656420746F20736C656570206983
:108618006E73696465206F6620616E206578636596
:108628007074696F6E2068616E646C65723B20754A
:10863800736520627573795F776169742069662054
:10864800796F75206D75737400000000486172645D
:108658007761726520616C61726D20256420616CA0
:10866800726561647920636C61696D6564000000FE
:1086780076636F5F66726571203E3D205049434FB7
:108688005F504C4C5F56434F5F4D494E5F465245D5
:10869800515F485A2026262076636F5F667265719F
:1086A800203C3D205049434F5F504C4C5F56434F50
:1086B8005F4D41585F465245515F485A00000000DF
:1086C8002F686F6D652F6C7569732F2E7069636FD6
:1086D8002D73646B2F73646B2F322E312E302F73F2
:1086E80072632F7270325F636F6D6D6F6E2F68618A
:1086F8007264776172655F706C6C2F706C6C2E633E
:10870800000000006662646976203E3D2031362014
:108718002626206662646976203C3D20333230008C
:1087280028706F73745F64697631203E3D20312074
:10873800262620706F73745F64697631203C3D2073
:1087480037292026262028706F73745F6469763273
:10875800203E3D203120262620706F73745F6469A7
:108768007632203C3D203729000000007265665FA4
:1087780066726571203C3D202876636F5F6672657E
:1087880071202F20313629006D697373696E672057
:10879800646F75626C652066756E6374696F6E00D0
:1087A8002A282875696E74385F74202A2928282891
:1087B800766F6964202A29726F6D5F7461626C65D7
:1087C8005F666C6F6174292D322929202A20342094
:1087D8003E3D2053465F5441424C455F56325F53FD
:1087E800495A45002F686F6D652F6C7569732F2E78
:1087F8007069636F2D73646B2F73646B2F322E3126
:108808002E302F7372632F7270325F636F6D6D6FCE
:108818006E2F7069636F5F646F75626C652F646F2C
:1088280075626C655F696E69745F726F6D5F727097
:10883800323034302E6300002A282875696E743867
:108848005F74202A29726F6D5F7461626C652D32C6
:1088580029202A2034203E3D2053465F5441424C73
:10886800455F56325F53495A450000002F686F6DC7
:10887800652F6C7569732F2E7069636F2D73646B28
:108888002F73646B2F322E312E302F7372632F7239
:1088980070325F636F6D6D6F6E2F7069636F5F66A7
:1088A8006C6F61742F666C6F61745F696E69745F59
:1088B800726F6D5F7270323034302E6300000000CA
:1088C8004F7574206F66206D656D6F7279000000BA
:1088D8004465627567000000626F6F74325F7732BB
:1088E8003571303830000000302E3100322E312EF4
:1088F800300000007069636F5F7700006D61696E1A
:1089080000000000466562203131203230323500E7
:10891800666E692B00000000666E69006E616E006D
:10892800666E692D000000002C2066756E63746900
:108938006F6E3A2000000000617373657274696F8E
:108948006E2022257322206661696C65643A206670
:10895800696C6520222573222C206C696E652025A0
:1089680064257325730A00005541525420737464BA
:10897800696E000055415254207374646F75740019
:108988005541525420737464696E202F20737464A7
:108998006F7574002F686F6D652F6C7569732F2E56
:1089A8007069636F2D73646B2F73646B2F322E3174
:1089B8002E302F7372632F7270325F636F6D6D6F1D
:1089C8006E2F7069636F5F737464696F5F7573622C
:1089D8002F737464696F5F7573622E630000000003
:1089E80055534220737464696E202F207374646F2A
:1089F80075740000526173706265727279205069F3
:108A0800000000005069636F00000000426F61724F
:108A180064204344430000005265736574000000FD
:108A28006C656E203E2030002F686F6D652F6C7569
:108A380069732F2E7069636F2D73646B2F73646B6A
:108A48002F322E312E302F7372632F7270325F6384
:108A58006F6D6D6F6E2F7069636F5F756E6971757D
:108A6800655F69642F756E697175655F69642E63EA
:108A780000000000666C6173685F6F666673202B88
:108A880020636F756E74203C3D205049434F5F460C
:108A98004C4153485F53495A455F42595445530026
:108AA8002F686F6D652F6C7569732F2E7069636FF2
:108AB8002D73646B2F73646B2F322E312E302F730E
:108AC80072632F7270325F636F6D6D6F6E2F6861A6
:108AD8007264776172655F666C6173682F666C613A
:108AE80073682E6300000000636F6E6E6563745FC9
:108AF800696E7465726E616C5F666C6173685F66DF
:108B0800756E6320262620666C6173685F657869D8
:108B1800745F7869705F66756E6320262620666CC0
:108B28006173685F72616E67655F65726173655FC7
:108B380066756E6320262620666C6173685F666CB6
:108B48007573685F63616368655F66756E6300006F
:108B5800636F6E6E6563745F696E7465726E616C67
:108B68005F666C6173685F66756E63202626206693
:108B78006C6173685F657869745F7869705F667542
:108B88006E6320262620666C6173685F72616E676B
:108B9800655F70726F6772616D5F66756E632026C0
:108BA8002620666C6173685F666C7573685F6361C5
:108BB8006368655F66756E6300000000636F6E6EC4
:108BC8006563745F696E7465726E616C5F666C6113
:108BD80073685F66756E6320262620666C6173680D
:108BE8005F657869745F7869705F66756E63202663
:108BF8002620666C6173685F666C7573685F636175
:108C08006368655F66756E630000000028287569F3
:108C18006E747074725F7429206E6578745F627503
:108C2800666665725F707472202620306231313159
:108C38003131317529203D3D203000002F686F6D9E
:108C4800652F6C7569732F2E7069636F2D73646B54
:108C58002F73646B2F322E312E302F6C69622F7474
:108C6800696E797573622F7372632F706F72746196
:108C7800626C652F72617370626572727970692FA8
:108C88007270323034302F6463645F727032303403
:108C9800302E630068775F646174615F6F66667326
:108CA8006574286E6578745F6275666665725F7054
:108CB800747229203C3D205553425F445052414D27
:108CC8005F4D415800000000556E68616E646C6528
:108CD800642049525120307825780A007268706FF4
:108CE8007274203D3D20300021286275665F6374F0
:108CF800726C2026205553425F4255465F435452BA
:108D08004C5F46554C4C29002F686F6D652F6C756C
:108D180069732F2E7069636F2D73646B2F73646B87
:108D28002F322E312E302F6C69622F74696E79754F
:108D380073622F7372632F706F727461626C652F28
:108D480072617370626572727970692F72703230F5
:108D580034302F7270323034305F7573622E630096
:108D68006275665F6374726C2026205553425F42B9
:108D780055465F4354524C5F46554C4C000000002A
:108D8800657020253032582077617320616C7265D8
:108D980061647920617661696C61626C65000000CC
:108DA80043616E277420636F6E74696E75652078F1
:108DB800666572206F6E20696E61637469766520DE
:108DC80065702025303258005741524E3A2073744E
:108DD800617274696E67206E6577207472616E7354
:108DE800666572206F6E20616C72656164792061BE
:108DF800637469766520657020253032580D0A0045
:108E080025732025643A2041535345525420464146
:108E1800494C45440D0A00007364615F74785F68CB
:108E28006F6C645F636F756E74203C3D206C636E7D
:108E380074202D20320000002F686F6D652F6C752F
:108E480069732F2E7069636F2D73646B2F73646B56
:108E58002F322E312E302F7372632F7270325F6370
:108E68006F6D6D6F6E2F68617264776172655F698F
:108E780032632F6932632E63000000006770696FE8
:108E88005F7365745F6972715F656E61626C65645A
:108E9800000000007270323034305F636869705FC0
:108EA80076657273696F6E006972715F6164645F81
:108EB8007461696C5F746F5F667265655F6C697316
:108EC80074000000696E736572745F626C5F3332A0
:108ED800000000006972715F72656D6F76655F688A
:108EE800616E646C657200006D616B655F6A5F310D
:108EF800360000007265736F6C76655F6A5F3136A5
:108F0800000000006972715F6164645F7368617278
:108F180065645F68616E646C657200006972715F98
:108F28007365745F6578636C75736976655F68618E
:108F38006E646C65720000006D757465785F6578A5
:108F4800697400006D757465785F656E7465725F2D
:108F5800626C6F636B5F756E74696C0072756E74AA
:108F6800696D655F696E69745F6D75746578000019
:108F7800616C61726D5F706F6F6C5F6765745F6461
:108F8800656661756C740000616C61726D5F706F0D
:108F98006F6C5F6972715F68616E646C6572000006
:108FA800706C6C5F696E6974000000005F5F6165DA
:108FB8006162695F646F75626C655F696E69740090
:108FC8005F5F61656162695F666C6F61745F696E3E
:108FD8006974000006005250D3F07542D88800101A
:108FE80006005250E182887FE08800100600525047
:108FF8003ABCA911F088001006005250ABB3605378
:10900800F488001006005250BBFF3CB6FC880010E4
:1090180006005250861C03020489001006005250B4
:109028005422A29D0C89001005005250DE65F46898
:109038006CA80010A6390010BE390010BE39001007
:10904800B2390010BE390010BE390010BE39001008
:10905800BE390010BE390010BE390010BE390010EC
:109068009A390010BE3900108E390010BE39001030
:10907800BE390010823900108E3A0010B43A001040
:10908800D63A0010B43A00106E3A0010B43A001004
:10909800B43A0010B43A0010B43A0010B43A0010D0
:1090A800B43A0010B43A0010AA3A0010B43A0010CA
:1090B800B43A0010B43A0010B43A0010B43A0010B0
:1090C800E23A0010463F00105C3F00105C3F001081
:1090D8005C3F00105C3F00105C3F00105C3F0010DC
:1090E8005C3F00105C3F00105C3F00105C3F0010CC
:1090F8005C3F00105C3F00105C3F00105C3F0010BC
:109108005C3F00105C3F00105C3F00105C3F0010AB
:109118005C3F00105C3F00105C3F00105C3F00109B
:109128005C3F00105C3F00105C3F00105C3F00108B
:109138005C3F00105C3F00105C3F00105C3F00107B
:109148005C3F0010883D00104A3D0010883D00102B
:109158005C3F00105C3F00105C3F00105C3F00105B
:109168005C3F00105C3F00105C3F00105C3F00104B
:109178005C3F00105C3F00105C3F00105C3F00103B
:109188005C3F00105C3F00105C3F00105C3F00102B
:109198002E3B00105C3F00105C3F00105C3F00104D
:1091A8005C3F00105C3F00105C3F00105C3F00100B
:1091B8005C3F00105C3F00102E3B0010D63D0010B5
:1091C8002E3B0010883D00104A3D0010883D0010DD
:1091D800000000000000F03F0000000000002440F4
:1091E80000000000000059400000000000408F40CF
:1091F800000000000088C34000000000006AF8403A
:109208000000000080842E4100000000D01263415D
:109218000000000084D797410000000065CDCD41D3
:109228000D0A00000600525053B4F4A188890010BA
:10923800080052501200000008005250921000001E
:109248000000000039450010000000003D450010F6
:1092580049450010814500107D45001000000000C0
:109268000A00000000000306A60008000200020031
:109278009C001400030057494E555342000000005B
:1092880000000000000080000400010028004400E5
:109298006500760069006300650049006E0074008F
:1092A80065007200660061006300650047005500B4
:1092B8004900440000004E007B0062006300370054
:1092C800330039003800630031002D0037003300C7
:1092D800630064002D0034006300620037002D0035
:1092E80039003800620038002D00390031003300A1
:1092F80061003800660063006100370062006600A4
:1093080036007D0000000000050F2100011C10053B
:1093180000DF60DDD88945C74C9CD2659D9E648A74
:109328009F00000306A6000100000000060052503E
:1093380053B4F4A1E8890010737464696F5F75739E
:10934800625F696E6974000000000000FC8900100B
:109358000C8A001098250020148A0010208A00101A
:1093680009025400030100807D080B00020202007C
:109378000009040000010202000405240020010580
:1093880024010001042402060524060001070581C2
:109398000308001009040100020A00000007050282
:1093A8000240000007058202400000090402000094
:1093B800FF00010512011002EF0201408A2E0A0087
:1093C80000010102030100007069636F5F67657443
:1093D8005F756E697175655F626F6172645F6964FC
:1093E8005F737472696E6700666C6173685F646F3F
:1093F8005F636D64000000006463645F656470749B
:109408005F786665720000006463645F6564707409
:109418005F6F70656E0000006463645F7365745FFE
:1094280061646472657373006463645F696E745F1A
:10943800656E61626C6500005F68775F656E647079
:109448006F696E745F616C6C6F6300006463645F66
:10945800696E69740000000073796E635F65705F00
:1094680062756666657200001A5300107A52001021
:10947800B6520010EA5200101A5300101A53001086
:1094880006530010B65200101A5300101A53001059
:109498001A5300101A5300101A5300101A530010D0
:1094A8001A5300109C5200105C0900205C0900202F
:1094B8003E090020F209002094090020A809002094
:1094C800C40A0020525800102C580010E859001007
:1094D80006580010E859001056570010FA570010A7
:1094E800E8590010725700108A5700104E5A0010A1
:1094F800405A0010865A0010B85B0010825B0010BA
:109508009A5B0010945A0010045B0010AA5B0010CC
:10951800757362645F656470745F78666572000075
:10952800757362645F656470745F6F70656E000068
:10953800757362645F6F70656E5F656470745F7089
:109548006169720071756575655F6576656E740031
:1095580070726F636573735F6765745F6465736367
:10956800726970746F72000070726F636573735FF5
:109578007365745F636F6E666967000070726F630E
:109588006573735F636F6E74726F6C5F726571750C
:1095980065737400636F6E66696775726174696F6D
:1095A8006E5F7265736574007475645F7461736B64
:1095B8005F657874000000007475645F696E697493
:1095C80000000000000000007D6000103D610010F8
:1095D8008D61001005620010F56200102D64001006
:1095E8000000000000000000D5650010656600104E
:1095F80099660010D1660010E94500103568001022
:1096080000000000757362645F636F6E74726F6C44
:109618005F786665725F6362000000007475645F5E
:10962800636F6E74726F6C5F78666572000000001D
:10963800636463645F786665725F6362000000005C
:10964800636463645F6F70656E0000007475645FC7
:109658006364635F6E5F77726974655F666C757368
:109668006800000076656E646F72645F6F70656E87
:109678000000000074755F656470745F73747265D0
:10968800616D5F726561645F7866657200000000F5
:1096980074755F656470745F73747265616D5F770C
:1096A800726974655F7866657200000074755F653D
:1096B8006470745F73747265616D5F7772697465E5
:1096C8005F7A6C705F69665F6E65656465640000EB
:1096D80074755F656470745F76616C6964617465E4
:1096E80000000000747573625F696E6974000000A1
:1096F8006932635F7365745F626175647261746512
:04970800000000005D
:10970C00DC8F0010E88F0010F48F00100090001018
:10971C000C90001018900010249000103090001045
:10972C0040920010389200102C92001034930010CC
:10973C0010B503000468EFF3108272B6206800289D
:10974C00FCD0BFF35F8F0420185600280BDB0029D8
:10975C0010D0086000201B68BFF35F8F00211960D8
:10976C0082F3108810BDD0210906097849B219710D
:10977C000120F0E70020EEE7F0B5D6464F4646460E
:10978C00C0B50500904699460368002B20D0D02325
:10979C001B061B785BB29A462F68EFF3108472B6E7
:1097AC003E68002EFCD0BFF35F8F0423EB56002BDA
:1097BC0014DB2B68BFF35F8F00221A6084F31088D0
:1097CC004046494600F0F0FC0028E5D000200FE0B0
:1097DC000A4B0B4A0B48A62100F0FEFC53462B719A
:1097EC002B68BFF35F8F00221A6084F3108801206E
:1097FC00E0BCBA46B146A846F0BDC0462C85001068
:10980C004C8F0010E884001070B582B00600150073
:10981C001C0001A9FFF78CFF002807D1019B5BB24C
:10982C00D0221206127852B2934201D102B070BD0E
:10983C002A0023003000FFF79FFFF7E7F8B506007A
:10984C000F0000F0D1FC04000D00FA22920000235E
:10985C003800002100F0D8FC22002B0012184B41DC
:10986C00002B03DB3000FFF787FFF8BD01225242CB
:10987C00004BF7E7FFFFFF7F10B50168EFF3108394
:10988C0072B60A68002AFCD0BFF35F8F042282569E
:10989C00002A0ADBFF2202710268BFF35F8F0021EE
:1098AC00116083F3108840BF10BD034B034A04487A
:1098BC00D52100F091FCC04640850010408F00106F
:1098CC00E8840010094B1B78002B08D00CE09A00A0
:1098DC0080214905511808680549505001333F2B28
:1098EC00F5DD024B01221A707047C046AC250020F2
:1098FC00B01D002010B5014B984710BDB11D0020C4
:10990C0000280AD003231B02054A12685340C022C8
:10991C0092001340034A136070470223F3E7C046DA
:10992C000C8001400C900140F0B5D6464F4646469F
:10993C00C0B507000E00150018239A461B88142288
:10994C009046108828499847814653461B884246C2
:10995C00108826499847040053461B8842461088B5
:10996C002349984780464B46002B0CD0002C0AD03C
:10997C00002808D0FFF7A6FFC847A0470020FFF734
:10998C00BFFF2A000FE01B4B1B4A1C48D12100F0E3
:10999C0023FC002B07D0002A05D0C0235B051B6ECF
:1099AC003370013A01362B00134312D0C0235B05F0
:1099BC009C6A08232340A407EBD5002DE9D0511B4A
:1099CC000D29E6D83878C02149050866013D0137D4
:1099DC00DFE70120FFF794FFC047FFF78BFFE0BCE8
:1099EC00BA46B146A846F0BD4946000045580000AD
:1099FC0046430000C48B0010F0930010A88A00109E
:109A0C0010B5002308E00133DA000021084811509A
:109A1C00844662445160DBB20E2BF4D90548F02227
:109A2C009200002100F0F8FB034B044A1A6010BDB1
:109A3C0000001050701F00203C23002080011050AB
:109A4C00F0B5CE46474680B585B0234B9F6D0024BC
:109A5C00012603E0B74376000134E4B2002F36D080
:109A6C001F2C34D83E42F6D01C4B9E656308994699
:109A7C000123634001221A4090464B465D00454449
:109A8C006D01174BED18280000F066FA0028E1D0A4
:109A9C00134A4B465B0043445B01D3189A789146BA
:109AAC00DB8A98460C22002101A800F0B5FB0723A5
:109ABC006A4653716B464A461A7243460393012118
:109ACC0001A800F069FA280000F0D6F9C2E705B049
:109ADC00C0BCB946B046F0BD00001150003011506A
:109AEC00301F0020F0B5CE46474680B585B07F4A82
:109AFC009823D55880239B022F001F401D4249D02C
:109B0C007B4B9A6A7B4B1A600024002109E07A4B4C
:109B1C005B183C3300221A7000F0DAF93100013482
:109B2C00E4B20F2C18D8A60130002030724BC018AC
:109B3C009B193B331B78022BF1D16F4B9B193A339A
:109B4C001E78002EEBD06C4BA1015B183C331B78BC
:109B5C00002BDCD13100E2E7002908D1674B1B78E0
:109B6C00002B04D1664A903380218902D1505F4B7F
:109B7C009C6C6405640D01AE0C220021300000F0D9
:109B8C004BFB0323737002940121300000F004FAA4
:109B9C008027BF02EB0606D4EB0355D580235B026E
:109BAC001F43002419E010231F43FFF749FFF3E77D
:109BBC00022399461EE0534B4A461A664B4B5B6E8A
:109BCC004A4613409945F9D118E04B4B4246520195
:109BDC009B180122DA700134E4B2012C20D8A04683
:109BEC006601454BF618B37E002BEED0002CDFD06F
:109BFC000123994600F000FB0128DCD8C022920119
:109C0C000021300000F03EF9300000F035F900F092
:109C1C00F3FA0128D9D93A4B4A465A661A66D4E760
:109C2C0001AC0C220021200000F0F6FA0623637030
:109C3C00354A02AB03CA03C30121200000F0ACF982
:109C4C002F4B802292021A65EB040AD46B0421D4A8
:109C5C002B0432D4AF4244D105B0C0BCB946B04697
:109C6C00F0BD80235B011F43204B00221A60FFF7DD
:109C7C00C7FE01AC0C220021200000F0CDFA01231C
:109C8C0063700121200000F087F91D4B8022120324
:109C9C001A65DBE78023DB011F4301AC0C2200219A
:109CAC00200000F0B9FA042363700121200000F0B9
:109CBC0073F9134B10221A65CAE780231B021F434A
:109CCC0001AC0C220021200000F0A6FA05236370E1
:109CDC000121200000F060F9094B802212011A6565
:109CEC00B8E739006940094800F046FA0000115005
:109CFC0000400540241F0020301F0020AA25002012
:109D0C00003011500020115000001050D08C001069
:109D1C00F8B504000F00838A028B1E1C934200D9F5
:109D2C00161CB6B29B1BA3828022D2003243E3786E
:109D3C00002B13D08025AD01154301225340E37055
:109D4C006378002B0CD0A38A002B02D18023DB017B
:109D5C001D43002F00D02D042800F8BD0025EBE793
:109D6C00E068BB01C0182169320000F00DFA2369CC
:109D7C009B19236180231B021D43E4E7094B1B6CD9
:109D8C009B070CD48378DB09012B01D0002007E062
:109D9C00C37E022B01D0002002E0012000E0002055
:109DAC007047C0460000115010B5FFF7E7FF0028C0
:109DBC0009D0064B9B6A064A12689B1A054A9446C0
:109DCC006344C62B00D810BD0020FCE700400540C2
:109DDC00241F0020E0FCFFFF70B5040083681B68A3
:109DEC00002900D01B0C9D05AD0D6278002A11D105
:109DFC001B0409D4E38A5B19E382238BAB4201D9A0
:109E0C000023A382280070BD0D4B0E4A0E48E8219A
:109E1C0000F0E2F91B040DD52069E368890159189B
:109E2C002A0000F0B1F9E38A5B19E38223695B191C
:109E3C002361E2E7054B034A0348EE2100F0CCF91D
:109E4C00F08C001060940010108D0010688D0010C4
:109E5C0010B5040083681B680021FFF7BDFF636821
:109E6C001B685B0002D5238B834200D010BD0121FF
:109E7C002000FFF7B1FFF9E7002383768382C382CA
:109E8C000361704710B5002902D083681B68194024
:109E9C00002A10D0114352050DD5826813685B055A
:109EAC000CD4084B0B401360074B1B6C9B0702D464
:109EBC000C23033BFDD28368196010BD81780348E5
:109ECC0000F05AF9FFFBFFFF00001150888D0010C5
:109EDC0070B5040043681E680021FFF719FF802548
:109EEC006D010543194B1B6C0222110019401A42DB
:109EFC0004D1A378DB0917D0002917D0A3785B060F
:109F0C0016D10023A28A002A01D0002B12D0104BAC
:109F1C001E4080239B053343626813602A00002196
:109F2C002000FFF7AFFF70BD0123EBE70023E9E74B
:109F3C000123E7E701212000FFF7EAFE0543054A6C
:109F4C003240A023DB051343E6E7C0460000115066
:109F5C00FFFFFFAFFFFFFFDF70B50400857E002D14
:109F6C0006D0FFF775FFA38A002B05D1280070BD22
:109F7C008178084800F000F92000FFF715FF051E56
:109F8C0003D0012323770025F0E72000FFF7A0FF83
:109F9C00ECE7C046A88D001070B584B006000D002B
:109FAC004378062B12D89B00694AD3589F46694BBD
:109FBC001A7801218A431A701A7801318A431A706F
:109FCC0000225A701A7802318A431A70624B1C684C
:109FDC002000143000F0F0F83100200000F024F9DB
:109FEC006269A369BFF35F8F0021116083F310884E
:109FFC00002800D1A4E0307871782A0000F0E4F851
:10A00C0004B070BD534B1B78DB07F9D5514A13785C
:10A01C0004210B431370D9E74E4B1B78DB07EFD5AC
:10A02C004C4A137804218B431370CFE79B1A5B01C6
:10A03C004A4A9B18DB69002B02D03078716898472C
:10A04C000134E4B2464B1A782300511CA1420ADBBE
:10A05C00A242EBD9434B1B6862019B18002BE9D140
:10A06C00EEE70024EEE73B4B1B785B072AD4394B19
:10A07C00DB78DB07C4D50C22002101A800F0CCF85A
:10A08C0033786A4613710323537173680293324B0E
:10A09C001C682000143000F08FF801A9200000F09B
:10A0AC00C3F86269A369BFF35F8F0021116083F36A
:10A0BC001088002837D001AB187859782A0000F0A6
:10A0CC0083F89DE7234A137804218B4313700C22E9
:10A0DC00002101A800F0A0F833786A46137105231B
:10A0EC0053711D4B1C682000143000F065F801A959
:10A0FC00200000F099F86269A369BFF35F8F00211B
:10A10C00116083F31088002806D001AB18785978B9
:10A11C002A0000F059F8AAE7AD221349134852005F
:10A12C0000F03AF8A3E7AD220F491048520000F0B6
:10A13C0033F865E70E4A13780133DBB2137045E749
:10A14C00AD2209490948520000F026F858E7C046EC
:10A15C00B0940010C8190020201A0020CC950010D3
:10A16C00A92500209C1600204C950010088E00108C
:10A17C00AB2500207047C04601B40248844601BCA0
:10A18C00604700BF310D001001B40248844601BC89
:10A19C00604700BF314F001001B40248844601BC37
:10A1AC00604700BFE542001001B40248844601BC80
:10A1BC00604700BF691C001001B40248844601BC12
:10A1CC00604700BF6D50001001B40248844601BCCA
:10A1DC00604700BF5952001001B40248844601BCCC
:10A1EC00604700BF0540001001B40248844601BC22
:10A1FC00604700BF251E001001B40248844601BC14
:10A20C00604700BFDD0C001001B40248844601BC5D
:10A21C00604700BFE12C001001B40248844601BC29
:10A22C00604700BFF12D001001B40248844601BC08
:10A23C00604700BF0D71001001100000000000000D
:10A24C0000000100000000000000000000000200FF
:10A25C0000000000000000000000030000000000EF
:10A26C00000000000000FF000000000001B548687D
:10A27C0001318E460047704609380149884701BDB7
:10A28C00F9130010000000000000000000000000A6
:10A29C000000000000000000F01100200000000091
:10A2AC00503300004C330000543300005233000094
:10A2BC004D5300004D430000533400004334000064
:10A2CC008143001025440010A143001035440010B8
:10A2DC000000000000010000D14900106D46001084
:10A2EC003949001059460010000000000001000020
:10A2FC00241A002010000C000000000000000000D8
:10A30C00000000000000000000000000FF00000042
:10A31C0000800440000000000040044000000000E9
:10A32C00B80C00200000000000000000CC1300203E
:10A33C00341400209C1400200000000000000000D9
:10A34C000000000000000000000000000000000001
:10A35C0000000000000000000000000000000000F1
:10A36C0000000000000000000000000000000000E1
:10A37C0000000000000000000000000000000000D1
:10A38C0000000000000000000000000000000000C1
:10A39C0000000000000000000000000000000000B1
:10A3AC0000000000000000000000000000000000A1
:10A3BC000000000000000000000000000000000091
:10A3CC0001000000000000000E33CDAB34126DE62E
:10A3DC00ECDE05000B000000000000000000000097
:10A3EC000000000000000000000000000000000061
:10A3FC000000000000000000000000000000000051
:10A40C000000000000000000000000000000000040
:10A41C000000000000000000000000000000000030
:10A42C000000000000000000000000000000000020
:10A43C000000000000000000000000000000000010
:10A44C000000000000000000FFFFFFFF0000020002
:10A45C000000000000000000E00D0020E00D0020D6
:10A46C00E80D0020E80D0020F00D0020F00D00207C
:10A47C00F80D0020F80D0020000E0020000E00202A
:10A48C00080E0020080E0020100E0020100E0020D8
:10A49C00180E0020180E0020200E0020200E002088
:10A4AC00280E0020280E0020300E0020300E002038
:10A4BC00380E0020380E0020400E0020400E0020E8
:10A4CC00480E0020480E0020500E0020500E002098
:10A4DC00580E0020580E0020600E0020600E002048
:10A4EC00680E0020680E0020700E0020700E0020F8
:10A4FC00780E0020780E0020800E0020800E0020A8
:10A50C00880E0020880E0020900E0020900E002057
:10A51C00980E0020980E0020A00E0020A00E002007
:10A52C00A80E0020A80E0020B00E0020B00E0020B7
:10A53C00B80E0020B80E0020C00E0020C00E002067
:10A54C00C80E0020C80E0020D00E0020D00E002017
:10A55C00D80E0020D80E0020E00E0020E00E0020C7
:10A56C00E80E0020E80E0020F00E0020F00E002077
:10A57C00F80E0020F80E0020000F0020000F002025
:10A58C00080F0020080F0020100F0020100F0020D3
:10A59C00180F0020180F0020200F0020200F002083
:10A5AC00280F0020280F0020300F0020300F002033
:10A5BC00380F0020380F0020400F0020400F0020E3
:10A5CC00480F0020480F0020500F0020500F002093
:10A5DC00580F0020580F0020600F0020600F002043
:10A5EC00680F0020680F0020700F0020700F0020F3
:10A5FC00780F0020780F0020800F0020800F0020A3
:10A60C00880F0020880F0020900F0020900F002052
:10A61C00980F0020980F0020A00F0020A00F002002
:10A62C00A80F0020A80F0020B00F0020B00F0020B2
:10A63C00B80F0020B80F0020C00F0020C00F002062
:10A64C00C80F0020C80F0020D00F0020D00F002012
:10A65C00D80F0020D80F0020E00F0020E00F0020C2
:10A66C00E80F0020E80F0020F00F0020F00F002072
:10A67C00F80F0020F80F0020001000200010002020
:10A68C0008100020081000201010002010100020CE
:10A69C00181000201810002020100020201000207E
:10A6AC00281000202810002030100020301000202E
:10A6BC0038100020381000204010002040100020DE
:10A6CC00481000204810002050100020501000208E
:10A6DC00581000205810002060100020601000203E
:10A6EC0068100020681000207010002070100020EE
:10A6FC00781000207810002080100020801000209E
:10A70C00881000208810002090100020901000204D
:10A71C009810002098100020A0100020A0100020FD
:10A72C00A8100020A8100020B0100020B0100020AD
:10A73C00B8100020B8100020C0100020C01000205D
:10A74C00C8100020C8100020D0100020D01000200D
:10A75C00D8100020D8100020E0100020E0100020BD
:10A76C00E8100020E8100020F0100020F01000206D
:10A77C00F8100020F810002000110020001100201B
:10A78C0008110020081100201011002010110020C9
:10A79C001811002018110020201100202011002079
:10A7AC002811002028110020301100203011002029
:10A7BC0038110020381100204011002040110020D9
:10A7CC004811002048110020501100205011002089
:10A7DC005811002058110020601100206011002039
:10A7EC0068110020681100207011002070110020E9
:10A7FC007811002078110020801100208011002099
:10A80C008811002088110020901100209011002048
:10A81C009811002098110020A0110020A0110020F8
:10A82C00A8110020A8110020B0110020B0110020A8
:10A83C00B8110020B8110020C0110020C011002058
:10A84C00C8110020C8110020D0110020D011002008
:10A85C00D8110020D81100200000000000000000DA
:04000005100001E9FD
:00000001FF
